source,source_type,target,target_type,relationship,tech_id
Indrik Spider,ThreatActor,LSASS Memory,Technique,USES,T1003.001
LuminousMoth,ThreatActor,Steal Web Session Cookie,Technique,USES,T1539
Medusa Group,ThreatActor,Inhibit System Recovery,Technique,USES,T1490
Wizard Spider,ThreatActor,Local Account,Technique,USES,T1136.001
Elderwood,ThreatActor,PoisonIvy,Malware,USES,
FIN7,ThreatActor,Malicious Link,Technique,USES,T1204.001
UNC3886,ThreatActor,Indicator Removal from Tools,Technique,USES,T1027.005
Velvet Ant,ThreatActor,PlugX,Malware,USES,
WIRTE,ThreatActor,PowerShell,Technique,USES,T1059.001
Star Blizzard,ThreatActor,Impersonation,Technique,USES,T1684.001
WIRTE,ThreatActor,Non-Standard Port,Technique,USES,T1571
UNC3886,ThreatActor,Search Threat Vendor Data,Technique,USES,T1681
Dragonfly,ThreatActor,Archive Collected Data,Technique,USES,T1560
Wizard Spider,ThreatActor,Code Signing Certificates,Technique,USES,T1588.003
APT-C-36,ThreatActor,njRAT,Malware,USES,
OilRig,ThreatActor,ISMInjector,Malware,USES,
Equation,ThreatActor,Hidden File System,Technique,USES,T1564.005
OilRig,ThreatActor,Code Signing Certificates,Technique,USES,T1588.003
Fox Kitten,ThreatActor,Ingress Tool Transfer,Technique,USES,T1105
Lazarus Group,ThreatActor,RawDisk,Malware,USES,
Fox Kitten,ThreatActor,Command and Scripting Interpreter,Technique,USES,T1059
WIRTE,ThreatActor,LitePower,Malware,USES,
Aquatic Panda,ThreatActor,Command Obfuscation,Technique,USES,T1027.010
Daggerfly,ThreatActor,Security Account Manager,Technique,USES,T1003.002
TeamTNT,ThreatActor,Local Storage Discovery,Technique,USES,T1680
TA505,ThreatActor,AdFind,Malware,USES,
Inception,ThreatActor,Encrypted/Encoded File,Technique,USES,T1027.013
admin@338,ThreatActor,BUBBLEWRAP,Malware,USES,
BlackTech,ThreatActor,Spearphishing Link,Technique,USES,T1566.002
APT42,ThreatActor,PowerShell,Technique,USES,T1059.001
TeamTNT,ThreatActor,Disable or Modify System Firewall,Technique,USES,T1686
Malteiro,ThreatActor,Malicious File,Technique,USES,T1204.002
Earth Lusca,ThreatActor,Web Services,Technique,USES,T1583.006
Kimsuky,ThreatActor,Delay Execution,Technique,USES,T1678
Play,ThreatActor,Data Transfer Size Limits,Technique,USES,T1030
Sandworm Team,ThreatActor,Upload Malware,Technique,USES,T1608.001
TA577,ThreatActor,Pikabot,Malware,USES,
Turla,ThreatActor,Web Services,Technique,USES,T1584.006
Suckfly,ThreatActor,Nidiran,Malware,USES,
Ember Bear,ThreatActor,Remote System Discovery,Technique,USES,T1018
TeamTNT,ThreatActor,External Remote Services,Technique,USES,T1133
FIN6,ThreatActor,FlawedAmmyy,Malware,USES,
Silence,ThreatActor,Non-Standard Port,Technique,USES,T1571
Patchwork,ThreatActor,Visual Basic,Technique,USES,T1059.005
APT28,ThreatActor,NTDS,Technique,USES,T1003.003
Cinnamon Tempest,ThreatActor,Windows Management Instrumentation,Technique,USES,T1047
HEXANE,ThreatActor,System Network Configuration Discovery,Technique,USES,T1016
Darkhotel,ThreatActor,Security Software Discovery,Technique,USES,T1518.001
Ke3chang,ThreatActor,Remote Email Collection,Technique,USES,T1114.002
Volt Typhoon,ThreatActor,Network Service Discovery,Technique,USES,T1046
Medusa Group,ThreatActor,Windows Management Instrumentation,Technique,USES,T1047
Leafminer,ThreatActor,LaZagne,Malware,USES,
Magic Hound,ThreatActor,Keylogging,Technique,USES,T1056.001
UNC3886,ThreatActor,MOPSLED,Malware,USES,
OilRig,ThreatActor,Windows Credential Manager,Technique,USES,T1555.004
APT29,ThreatActor,PinchDuke,Malware,USES,
EXOTIC LILY,ThreatActor,Bazar,Malware,USES,
Sandworm Team,ThreatActor,Vulnerabilities,Technique,USES,T1588.006
Cobalt Group,ThreatActor,Spearphishing Attachment,Technique,USES,T1566.001
Andariel,ThreatActor,Rifdoor,Malware,USES,
Aquatic Panda,ThreatActor,Account Discovery,Technique,USES,T1087
Aquatic Panda,ThreatActor,File Deletion,Technique,USES,T1070.004
HAFNIUM,ThreatActor,Client Configurations,Technique,USES,T1592.004
TA505,ThreatActor,Email Account,Technique,USES,T1087.003
APT39,ThreatActor,Network Service Discovery,Technique,USES,T1046
MuddyWater,ThreatActor,Spearphishing Link,Technique,USES,T1566.002
Wizard Spider,ThreatActor,TrickBot,Malware,USES,
APT38,ThreatActor,Data Encrypted for Impact,Technique,USES,T1486
Volt Typhoon,ThreatActor,netsh,Malware,USES,
Transparent Tribe,ThreatActor,Drive-by Compromise,Technique,USES,T1189
APT29,ThreatActor,ROADTools,Malware,USES,
Ember Bear,ThreatActor,OS Credential Dumping,Technique,USES,T1003
APT38,ThreatActor,Process Injection,Technique,USES,T1055
Lazarus Group,ThreatActor,Windows Command Shell,Technique,USES,T1059.003
APT32,ThreatActor,Mimikatz,Malware,USES,
BRONZE BUTLER,ThreatActor,Deobfuscate/Decode Files or Information,Technique,USES,T1140
POLONIUM,ThreatActor,CreepyDrive,Malware,USES,
APT5,ThreatActor,PowerShell,Technique,USES,T1059.001
BackdoorDiplomacy,ThreatActor,Obfuscated Files or Information,Technique,USES,T1027
TeamTNT,ThreatActor,Remote Access Tools,Technique,USES,T1219
Kimsuky,ThreatActor,Data from Local System,Technique,USES,T1005
Leviathan,ThreatActor,Exfiltration to Cloud Storage,Technique,USES,T1567.002
Storm-1811,ThreatActor,Black Basta,Malware,USES,
Ajax Security Team,ThreatActor,sqlmap,Malware,USES,
Akira,ThreatActor,Exfiltration to Cloud Storage,Technique,USES,T1567.002
BlackTech,ThreatActor,Malicious Link,Technique,USES,T1204.001
Mustang Panda,ThreatActor,System Network Configuration Discovery,Technique,USES,T1016
BlackTech,ThreatActor,PLEAD,Malware,USES,
LAPSUS$,ThreatActor,Gather Victim Identity Information,Technique,USES,T1589
Chimera,ThreatActor,DLL,Technique,USES,T1574.001
Volt Typhoon,ThreatActor,PsExec,Malware,USES,
LuminousMoth,ThreatActor,Exfiltration to Cloud Storage,Technique,USES,T1567.002
TA2541,ThreatActor,Upload Malware,Technique,USES,T1608.001
Patchwork,ThreatActor,Archive Collected Data,Technique,USES,T1560
LuminousMoth,ThreatActor,Spearphishing Link,Technique,USES,T1566.002
BITTER,ThreatActor,Ingress Tool Transfer,Technique,USES,T1105
RTM,ThreatActor,Drive-by Compromise,Technique,USES,T1189
Sandworm Team,ThreatActor,Network Sniffing,Technique,USES,T1040
menuPass,ThreatActor,Remote System Discovery,Technique,USES,T1018
Storm-0501,ThreatActor,Impacket,Malware,USES,
Tropic Trooper,ThreatActor,Windows Service,Technique,USES,T1543.003
Mustard Tempest,ThreatActor,Malvertising,Technique,USES,T1583.008
menuPass,ThreatActor,Windows Management Instrumentation,Technique,USES,T1047
Medusa Group,ThreatActor,Lateral Tool Transfer,Technique,USES,T1570
Magic Hound,ThreatActor,Exfiltration Over Web Service,Technique,USES,T1567
TA2541,ThreatActor,Snip3,Malware,USES,
APT19,ThreatActor,Registry Run Keys / Startup Folder,Technique,USES,T1547.001
Moses Staff,ThreatActor,SMB/Windows Admin Shares,Technique,USES,T1021.002
APT29,ThreatActor,WellMail,Malware,USES,
Molerats,ThreatActor,MoleNet,Malware,USES,
Stealth Falcon,ThreatActor,Windows Credential Manager,Technique,USES,T1555.004
MirrorFace,ThreatActor,Spearphishing Link,Technique,USES,T1566.002
DarkVishnya,ThreatActor,Hardware Additions,Technique,USES,T1200
OilRig,ThreatActor,ODAgent,Malware,USES,
APT37,ThreatActor,Registry Run Keys / Startup Folder,Technique,USES,T1547.001
HAFNIUM,ThreatActor,Password Spraying,Technique,USES,T1110.003
VOID MANTICORE,ThreatActor,Screen Capture,Technique,USES,T1113
Threat Group-1314,ThreatActor,SMB/Windows Admin Shares,Technique,USES,T1021.002
Sandworm Team,ThreatActor,Command Obfuscation,Technique,USES,T1027.010
APT41,ThreatActor,Valid Accounts,Technique,USES,T1078
INC Ransom,ThreatActor,Tor,Malware,USES,
Turla,ThreatActor,Modify Registry,Technique,USES,T1112
HEXANE,ThreatActor,Credentials from Password Stores,Technique,USES,T1555
APT39,ThreatActor,NBTscan,Malware,USES,
LuminousMoth,ThreatActor,Malware,Technique,USES,T1588.001
TeamTNT,ThreatActor,Systemctl,Technique,USES,T1569.003
FIN13,ThreatActor,Impacket,Malware,USES,
Storm-1811,ThreatActor,Cloud Accounts,Technique,USES,T1585.003
Storm-1811,ThreatActor,Local Data Staging,Technique,USES,T1074.001
APT39,ThreatActor,Registry Run Keys / Startup Folder,Technique,USES,T1547.001
Cinnamon Tempest,ThreatActor,DLL,Technique,USES,T1574.001
PLATINUM,ThreatActor,Drive-by Compromise,Technique,USES,T1189
APT29,ThreatActor,CozyCar,Malware,USES,
GALLIUM,ThreatActor,ipconfig,Malware,USES,
Storm-1811,ThreatActor,Email Bombing,Technique,USES,T1667
Turla,ThreatActor,Local Groups,Technique,USES,T1069.001
FIN10,ThreatActor,File Deletion,Technique,USES,T1070.004
INC Ransom,ThreatActor,Data Encrypted for Impact,Technique,USES,T1486
Winnti Group,ThreatActor,Rootkit,Technique,USES,T1014
BRONZE BUTLER,ThreatActor,Data from Local System,Technique,USES,T1005
APT28,ThreatActor,Credentials,Technique,USES,T1589.001
HAFNIUM,ThreatActor,Ingress Tool Transfer,Technique,USES,T1105
FIN8,ThreatActor,Valid Accounts,Technique,USES,T1078
Lazarus Group,ThreatActor,Spearphishing Attachment,Technique,USES,T1566.001
HEXANE,ThreatActor,Command Obfuscation,Technique,USES,T1027.010
Equation,ThreatActor,Peripheral Device Discovery,Technique,USES,T1120
Kimsuky,ThreatActor,Malware,Technique,USES,T1587.001
APT38,ThreatActor,System Owner/User Discovery,Technique,USES,T1033
Rocke,ThreatActor,Exploit Public-Facing Application,Technique,USES,T1190
HAFNIUM,ThreatActor,Tarrask,Malware,USES,
APT29,ThreatActor,Mimikatz,Malware,USES,
RedEcho,ThreatActor,Dynamic Resolution,Technique,USES,T1568
Kimsuky,ThreatActor,Acquire Infrastructure,Technique,USES,T1583
Saint Bear,ThreatActor,Spearphishing Attachment,Technique,USES,T1566.001
Scattered Spider,ThreatActor,Phishing for Information,Technique,USES,T1598
BRONZE BUTLER,ThreatActor,System Service Discovery,Technique,USES,T1007
TeamTNT,ThreatActor,Match Legitimate Resource Name or Location,Technique,USES,T1036.005
APT28,ThreatActor,Gather Victim Org Information,Technique,USES,T1591
CURIUM,ThreatActor,Spearphishing via Service,Technique,USES,T1566.003
Medusa Group,ThreatActor,Windows Service,Technique,USES,T1543.003
Medusa Group,ThreatActor,Service Stop,Technique,USES,T1489
Windigo,ThreatActor,System Information Discovery,Technique,USES,T1082
menuPass,ThreatActor,Masquerading,Technique,USES,T1036
BlackTech,ThreatActor,Code Signing Certificates,Technique,USES,T1588.003
Blue Mockingbird,ThreatActor,PowerShell,Technique,USES,T1059.001
RedCurl,ThreatActor,Obfuscated Files or Information,Technique,USES,T1027
VOID MANTICORE,ThreatActor,Password Guessing,Technique,USES,T1110.001
Storm-0501,ThreatActor,Tasklist,Malware,USES,
UNC3886,ThreatActor,Hypervisor CLI,Technique,USES,T1059.012
APT39,ThreatActor,External Proxy,Technique,USES,T1090.002
FIN4,ThreatActor,Valid Accounts,Technique,USES,T1078
menuPass,ThreatActor,File Deletion,Technique,USES,T1070.004
APT32,ThreatActor,Pass the Hash,Technique,USES,T1550.002
ToddyCat,ThreatActor,Disable or Modify System Firewall,Technique,USES,T1686
Transparent Tribe,ThreatActor,DarkComet,Malware,USES,
Turla,ThreatActor,Deobfuscate/Decode Files or Information,Technique,USES,T1140
Aquatic Panda,ThreatActor,Unix Shell,Technique,USES,T1059.004
APT5,ThreatActor,Local Account,Technique,USES,T1136.001
OilRig,ThreatActor,RDAT,Malware,USES,
Magic Hound,ThreatActor,Credentials,Technique,USES,T1589.001
HAFNIUM,ThreatActor,Web Services,Technique,USES,T1583.006
LuminousMoth,ThreatActor,Data Transfer Size Limits,Technique,USES,T1030
Scattered Spider,ThreatActor,Disable or Modify Tools,Technique,USES,T1685
Cobalt Group,ThreatActor,Ingress Tool Transfer,Technique,USES,T1105
MuddyWater,ThreatActor,Office Template Macros,Technique,USES,T1137.001
Contagious Interview,ThreatActor,Keychain,Technique,USES,T1555.001
Gorgon Group,ThreatActor,Process Hollowing,Technique,USES,T1055.012
TA2541,ThreatActor,Registry Run Keys / Startup Folder,Technique,USES,T1547.001
FIN7,ThreatActor,Code Signing,Technique,USES,T1553.002
Kimsuky,ThreatActor,Troll Stealer,Malware,USES,
MuddyWater,ThreatActor,DLL,Technique,USES,T1574.001
Sidewinder,ThreatActor,Exploitation for Client Execution,Technique,USES,T1203
Kimsuky,ThreatActor,Remote Desktop Protocol,Technique,USES,T1021.001
FIN7,ThreatActor,GRIFFON,Malware,USES,
Transparent Tribe,ThreatActor,Drive-by Target,Technique,USES,T1608.004
MirrorFace,ThreatActor,Net,Malware,USES,
Higaisa,ThreatActor,Visual Basic,Technique,USES,T1059.005
APT39,ThreatActor,Deobfuscate/Decode Files or Information,Technique,USES,T1140
BRONZE BUTLER,ThreatActor,File Deletion,Technique,USES,T1070.004
Dragonfly,ThreatActor,Screen Capture,Technique,USES,T1113
INC Ransom,ThreatActor,Remote Desktop Protocol,Technique,USES,T1021.001
TeamTNT,ThreatActor,Linux and Mac Permissions,Technique,USES,T1222.002
CURIUM,ThreatActor,Web Shell,Technique,USES,T1505.003
MirrorFace,ThreatActor,Process Discovery,Technique,USES,T1057
APT30,ThreatActor,SHIPSHAPE,Malware,USES,
FIN7,ThreatActor,Valid Accounts,Technique,USES,T1078
MirrorFace,ThreatActor,Cobalt Strike,Malware,USES,
Turla,ThreatActor,PsExec,Malware,USES,
APT28,ThreatActor,Hidden Files and Directories,Technique,USES,T1564.001
GALLIUM,ThreatActor,Ping,Malware,USES,
Windshift,ThreatActor,Process Discovery,Technique,USES,T1057
Volt Typhoon,ThreatActor,File and Directory Discovery,Technique,USES,T1083
INC Ransom,ThreatActor,Financial Theft,Technique,USES,T1657
Confucius,ThreatActor,Spearphishing Link,Technique,USES,T1566.002
RTM,ThreatActor,Registry Run Keys / Startup Folder,Technique,USES,T1547.001
BlackByte,ThreatActor,System Information Discovery,Technique,USES,T1082
Contagious Interview,ThreatActor,Establish Accounts,Technique,USES,T1585
Threat Group-3390,ThreatActor,Exploitation for Privilege Escalation,Technique,USES,T1068
Salt Typhoon,ThreatActor,Clear Linux or Mac System Logs,Technique,USES,T1685.006
Kimsuky,ThreatActor,Email Accounts,Technique,USES,T1585.002
Tonto Team,ThreatActor,Network Share Discovery,Technique,USES,T1135
Gamaredon Group,ThreatActor,Internal Defacement,Technique,USES,T1491.001
Lazarus Group,ThreatActor,Indirect Command Execution,Technique,USES,T1202
Tropic Trooper,ThreatActor,File Deletion,Technique,USES,T1070.004
Kimsuky,ThreatActor,Phishing,Technique,USES,T1566
Earth Lusca,ThreatActor,Mimikatz,Malware,USES,
APT37,ThreatActor,Peripheral Device Discovery,Technique,USES,T1120
Lazarus Group,ThreatActor,Proxysvc,Malware,USES,
FIN13,ThreatActor,Malware,Technique,USES,T1587.001
Scattered Spider,ThreatActor,Code Signing,Technique,USES,T1553.002
Earth Lusca,ThreatActor,Steganography,Technique,USES,T1027.003
Gamaredon Group,ThreatActor,Virtual Private Server,Technique,USES,T1583.003
WIRTE,ThreatActor,SameCoin,Malware,USES,
GALLIUM,ThreatActor,cmd,Malware,USES,
Agrius,ThreatActor,NBTscan,Malware,USES,
APT42,ThreatActor,NICECURL,Malware,USES,
Chimera,ThreatActor,PsExec,Malware,USES,
Magic Hound,ThreatActor,Registry Run Keys / Startup Folder,Technique,USES,T1547.001
Sea Turtle,ThreatActor,Acquire Infrastructure,Technique,USES,T1583
Kimsuky,ThreatActor,Disable or Modify Tools,Technique,USES,T1685
admin@338,ThreatActor,LOWBALL,Malware,USES,
INC Ransom,ThreatActor,Windows Management Instrumentation,Technique,USES,T1047
Lazarus Group,ThreatActor,Exfiltration Over Unencrypted Non-C2 Protocol,Technique,USES,T1048.003
Play,ThreatActor,Nltest,Malware,USES,
Rancor,ThreatActor,Web Protocols,Technique,USES,T1071.001
BITTER,ThreatActor,ZxxZ,Malware,USES,
Scattered Spider,ThreatActor,Conditional Access Policies,Technique,USES,T1556.009
MuddyWater,ThreatActor,MuddyViper,Malware,USES,
Moonstone Sleet,ThreatActor,Malware,Technique,USES,T1587.001
TA551,ThreatActor,Regsvr32,Technique,USES,T1218.010
FIN13,ThreatActor,Default Accounts,Technique,USES,T1078.001
Volt Typhoon,ThreatActor,Identify Roles,Technique,USES,T1591.004
HEXANE,ThreatActor,Milan,Malware,USES,
RedCurl,ThreatActor,Hidden Files and Directories,Technique,USES,T1564.001
Lazarus Group,ThreatActor,Protocol or Service Impersonation,Technique,USES,T1001.003
APT28,ThreatActor,Virtual Private Server,Technique,USES,T1583.003
LAPSUS$,ThreatActor,Data from Local System,Technique,USES,T1005
Threat Group-3390,ThreatActor,Data Transfer Size Limits,Technique,USES,T1030
DarkVishnya,ThreatActor,Tool,Technique,USES,T1588.002
TeamTNT,ThreatActor,File Deletion,Technique,USES,T1070.004
Turla,ThreatActor,Tool,Technique,USES,T1588.002
TA2541,ThreatActor,Asymmetric Cryptography,Technique,USES,T1573.002
Moonstone Sleet,ThreatActor,System Owner/User Discovery,Technique,USES,T1033
VOID MANTICORE,ThreatActor,Automated Collection,Technique,USES,T1119
Indrik Spider,ThreatActor,Malware,Technique,USES,T1587.001
Ember Bear,ThreatActor,P.A.S. Webshell,Malware,USES,
PLATINUM,ThreatActor,JPIN,Malware,USES,
HAFNIUM,ThreatActor,Archive via Utility,Technique,USES,T1560.001
VOID MANTICORE,ThreatActor,Disk Content Wipe,Technique,USES,T1561.001
Gorgon Group,ThreatActor,Disable or Modify Tools,Technique,USES,T1685
APT28,ThreatActor,Search Open Technical Databases,Technique,USES,T1596
BlackTech,ThreatActor,Network Service Discovery,Technique,USES,T1046
Tropic Trooper,ThreatActor,Spearphishing Attachment,Technique,USES,T1566.001
Play,ThreatActor,System Network Configuration Discovery,Technique,USES,T1016
Cinnamon Tempest,ThreatActor,Ingress Tool Transfer,Technique,USES,T1105
OilRig,ThreatActor,System Information Discovery,Technique,USES,T1082
Windshift,ThreatActor,Drive-by Compromise,Technique,USES,T1189
Axiom,ThreatActor,Steganography,Technique,USES,T1001.002
LAPSUS$,ThreatActor,Domain Groups,Technique,USES,T1069.002
Turla,ThreatActor,JavaScript,Technique,USES,T1059.007
Dark Caracal,ThreatActor,Encrypted/Encoded File,Technique,USES,T1027.013
Contagious Interview,ThreatActor,File and Directory Discovery,Technique,USES,T1083
BlackByte,ThreatActor,System Network Configuration Discovery,Technique,USES,T1016
UNC3886,ThreatActor,File and Directory Discovery,Technique,USES,T1083
FIN6,ThreatActor,Archive via Custom Method,Technique,USES,T1560.003
Elderwood,ThreatActor,Encrypted/Encoded File,Technique,USES,T1027.013
Nomadic Octopus,ThreatActor,Octopus,Malware,USES,
Contagious Interview,ThreatActor,Web Services,Technique,USES,T1583.006
APT12,ThreatActor,Malicious File,Technique,USES,T1204.002
APT3,ThreatActor,Scheduled Task,Technique,USES,T1053.005
APT29,ThreatActor,Multi-Factor Authentication Request Generation,Technique,USES,T1621
APT38,ThreatActor,Modify Registry,Technique,USES,T1112
Putter Panda,ThreatActor,pngdowner,Malware,USES,
TA551,ThreatActor,QakBot,Malware,USES,
HEXANE,ThreatActor,Ping,Malware,USES,
Blue Mockingbird,ThreatActor,FRP,Malware,USES,
Sidewinder,ThreatActor,Security Software Discovery,Technique,USES,T1518.001
Metador,ThreatActor,Web Protocols,Technique,USES,T1071.001
UNC3886,ThreatActor,Default Accounts,Technique,USES,T1078.001
APT28,ThreatActor,Domains,Technique,USES,T1583.001
FIN13,ThreatActor,Protocol Tunneling,Technique,USES,T1572
Velvet Ant,ThreatActor,Internal Proxy,Technique,USES,T1090.001
APT37,ThreatActor,Python,Technique,USES,T1059.006
TA459,ThreatActor,gh0st RAT,Malware,USES,
Contagious Interview,ThreatActor,Non-Standard Port,Technique,USES,T1571
Ke3chang,ThreatActor,Ping,Malware,USES,
Stealth Falcon,ThreatActor,Command and Scripting Interpreter,Technique,USES,T1059
TA505,ThreatActor,Clop,Malware,USES,
BlackByte,ThreatActor,Network Service Discovery,Technique,USES,T1046
APT32,ThreatActor,Masquerading,Technique,USES,T1036
menuPass,ThreatActor,Network Service Discovery,Technique,USES,T1046
LAPSUS$,ThreatActor,Confluence,Technique,USES,T1213.001
APT5,ThreatActor,Tasklist,Malware,USES,
Molerats,ThreatActor,Msiexec,Technique,USES,T1218.007
TA505,ThreatActor,Domains,Technique,USES,T1583.001
Lazarus Group,ThreatActor,Server,Technique,USES,T1584.004
Molerats,ThreatActor,Spark,Malware,USES,
APT39,ThreatActor,Keylogging,Technique,USES,T1056.001
RedEcho,ThreatActor,Web Protocols,Technique,USES,T1071.001
APT29,ThreatActor,meek,Malware,USES,
ZIRCONIUM,ThreatActor,System Information Discovery,Technique,USES,T1082
Saint Bear,ThreatActor,Exploitation for Client Execution,Technique,USES,T1203
FIN6,ThreatActor,Spearphishing Attachment,Technique,USES,T1566.001
Gamaredon Group,ThreatActor,Data Obfuscation,Technique,USES,T1001
Kimsuky,ThreatActor,Malicious File,Technique,USES,T1204.002
Akira,ThreatActor,Sharepoint,Technique,USES,T1213.002
APT39,ThreatActor,Data from Local System,Technique,USES,T1005
OilRig,ThreatActor,Systeminfo,Malware,USES,
APT1,ThreatActor,Seasalt,Malware,USES,
BlackByte,ThreatActor,Ingress Tool Transfer,Technique,USES,T1105
Blue Mockingbird,ThreatActor,COR_PROFILER,Technique,USES,T1574.012
Earth Lusca,ThreatActor,Upload Malware,Technique,USES,T1608.001
Patchwork,ThreatActor,File and Directory Discovery,Technique,USES,T1083
APT28,ThreatActor,Wevtutil,Malware,USES,
Transparent Tribe,ThreatActor,ObliqueRAT,Malware,USES,
Storm-0501,ThreatActor,Remote Desktop Software,Technique,USES,T1219.002
FIN7,ThreatActor,Mimikatz,Malware,USES,
Naikon,ThreatActor,ftp,Malware,USES,
Leafminer,ThreatActor,Command Obfuscation,Technique,USES,T1027.010
Turla,ThreatActor,Create Process with Token,Technique,USES,T1134.002
Dragonfly,ThreatActor,Hidden Users,Technique,USES,T1564.002
Sidewinder,ThreatActor,Mshta,Technique,USES,T1218.005
Ke3chang,ThreatActor,Okrum,Malware,USES,
FIN4,ThreatActor,Visual Basic,Technique,USES,T1059.005
MirrorFace,ThreatActor,MirrorStealer,Malware,USES,
Naikon,ThreatActor,Net,Malware,USES,
Sowbug,ThreatActor,File and Directory Discovery,Technique,USES,T1083
Storm-1811,ThreatActor,Registry Run Keys / Startup Folder,Technique,USES,T1547.001
Mofang,ThreatActor,Spearphishing Link,Technique,USES,T1566.002
Kimsuky,ThreatActor,Network Sniffing,Technique,USES,T1040
Tropic Trooper,ThreatActor,Ingress Tool Transfer,Technique,USES,T1105
Medusa Group,ThreatActor,Native API,Technique,USES,T1106
APT39,ThreatActor,PowerShell,Technique,USES,T1059.001
Kimsuky,ThreatActor,Spearphishing Link,Technique,USES,T1566.002
WIRTE,ThreatActor,Visual Basic,Technique,USES,T1059.005
APT39,ThreatActor,Clipboard Data,Technique,USES,T1115
Machete,ThreatActor,Malicious File,Technique,USES,T1204.002
APT39,ThreatActor,OS Credential Dumping,Technique,USES,T1003
FIN13,ThreatActor,Windows Remote Management,Technique,USES,T1021.006
APT41,ThreatActor,System Information Discovery,Technique,USES,T1082
OilRig,ThreatActor,LSASS Memory,Technique,USES,T1003.001
BITTER,ThreatActor,Web Protocols,Technique,USES,T1071.001
Moses Staff,ThreatActor,PyDCrypt,Malware,USES,
Volt Typhoon,ThreatActor,Process Discovery,Technique,USES,T1057
BlackByte,ThreatActor,Domain Trust Discovery,Technique,USES,T1482
Contagious Interview,ThreatActor,Malicious Library,Technique,USES,T1204.005
Cobalt Group,ThreatActor,Command Obfuscation,Technique,USES,T1027.010
ZIRCONIUM,ThreatActor,Phishing for Information,Technique,USES,T1598
Dragonfly,ThreatActor,Web Shell,Technique,USES,T1505.003
APT28,ThreatActor,Timestomp,Technique,USES,T1070.006
Ember Bear,ThreatActor,Multi-hop Proxy,Technique,USES,T1090.003
Scattered Spider,ThreatActor,Cloud Infrastructure Discovery,Technique,USES,T1580
Sandworm Team,ThreatActor,Vulnerability Scanning,Technique,USES,T1595.002
Scattered Spider,ThreatActor,Ingress Tool Transfer,Technique,USES,T1105
Sidewinder,ThreatActor,Spearphishing Link,Technique,USES,T1598.003
RedEcho,ThreatActor,Non-Standard Port,Technique,USES,T1571
Inception,ThreatActor,Tool,Technique,USES,T1588.002
Gamaredon Group,ThreatActor,Internal Spearphishing,Technique,USES,T1534
GALLIUM,ThreatActor,China Chopper,Malware,USES,
Aquatic Panda,ThreatActor,SMB/Windows Admin Shares,Technique,USES,T1021.002
APT38,ThreatActor,ECCENTRICBANDWAGON,Malware,USES,
menuPass,ThreatActor,certutil,Malware,USES,
BlackByte,ThreatActor,Disable or Modify System Firewall,Technique,USES,T1686
FIN13,ThreatActor,External Remote Services,Technique,USES,T1133
APT28,ThreatActor,External Proxy,Technique,USES,T1090.002
Sidewinder,ThreatActor,System Time Discovery,Technique,USES,T1124
APT41,ThreatActor,Compromise Software Supply Chain,Technique,USES,T1195.002
menuPass,ThreatActor,FYAnti,Malware,USES,
Moonstone Sleet,ThreatActor,Web Protocols,Technique,USES,T1071.001
APT29,ThreatActor,TrailBlazer,Malware,USES,
Magic Hound,ThreatActor,PowerShell,Technique,USES,T1059.001
Magic Hound,ThreatActor,Wi-Fi Discovery,Technique,USES,T1016.002
Contagious Interview,ThreatActor,InvisibleFerret,Malware,USES,
Kimsuky,ThreatActor,Web Portal Capture,Technique,USES,T1056.003
Magic Hound,ThreatActor,Tool,Technique,USES,T1588.002
Lazarus Group,ThreatActor,Ingress Tool Transfer,Technique,USES,T1105
Salt Typhoon,ThreatActor,Network Topology,Technique,USES,T1590.004
Windshift,ThreatActor,Visual Basic,Technique,USES,T1059.005
Darkhotel,ThreatActor,User Activity Based Checks,Technique,USES,T1497.002
Fox Kitten,ThreatActor,Data from Cloud Storage,Technique,USES,T1530
Sidewinder,ThreatActor,Spearphishing Link,Technique,USES,T1566.002
APT38,ThreatActor,System Network Connections Discovery,Technique,USES,T1049
Threat Group-3390,ThreatActor,Exploit Public-Facing Application,Technique,USES,T1190
FIN5,ThreatActor,External Proxy,Technique,USES,T1090.002
Winter Vivern,ThreatActor,Command and Scripting Interpreter,Technique,USES,T1059
Aquatic Panda,ThreatActor,Wevtutil,Malware,USES,
Inception,ThreatActor,Registry Run Keys / Startup Folder,Technique,USES,T1547.001
APT19,ThreatActor,PowerShell,Technique,USES,T1059.001
Velvet Ant,ThreatActor,DLL,Technique,USES,T1574.001
Saint Bear,ThreatActor,OutSteel,Malware,USES,
MuddyWater,ThreatActor,STARWHALE,Malware,USES,
Scattered Spider,ThreatActor,Email Forwarding Rule,Technique,USES,T1114.003
PLATINUM,ThreatActor,Ingress Tool Transfer,Technique,USES,T1105
APT3,ThreatActor,Multi-Stage Channels,Technique,USES,T1104
Elderwood,ThreatActor,Malicious File,Technique,USES,T1204.002
Contagious Interview,ThreatActor,BeaverTail,Malware,USES,
Volt Typhoon,ThreatActor,Remote Desktop Protocol,Technique,USES,T1021.001
Sandworm Team,ThreatActor,Social Media Accounts,Technique,USES,T1585.001
Volt Typhoon,ThreatActor,Server,Technique,USES,T1584.004
Sandworm Team,ThreatActor,Bad Rabbit,Malware,USES,
Daggerfly,ThreatActor,PlugX,Malware,USES,
Lazarus Group,ThreatActor,Mshta,Technique,USES,T1218.005
HAFNIUM,ThreatActor,Data from Local System,Technique,USES,T1005
OilRig,ThreatActor,Fallback Channels,Technique,USES,T1008
DarkVishnya,ThreatActor,Windows Service,Technique,USES,T1543.003
Gamaredon Group,ThreatActor,Windows Management Instrumentation,Technique,USES,T1047
Ajax Security Team,ThreatActor,Havij,Malware,USES,
TeamTNT,ThreatActor,Container Administration Command,Technique,USES,T1609
menuPass,ThreatActor,System Network Connections Discovery,Technique,USES,T1049
Earth Lusca,ThreatActor,SSH Authorized Keys,Technique,USES,T1098.004
Transparent Tribe,ThreatActor,Malicious File,Technique,USES,T1204.002
Darkhotel,ThreatActor,Encrypted/Encoded File,Technique,USES,T1027.013
FIN7,ThreatActor,Command and Scripting Interpreter,Technique,USES,T1059
APT3,ThreatActor,Password Cracking,Technique,USES,T1110.002
RedCurl,ThreatActor,Web Service,Technique,USES,T1102
Magic Hound,ThreatActor,Domains,Technique,USES,T1584.001
Fox Kitten,ThreatActor,Remote System Discovery,Technique,USES,T1018
BRONZE BUTLER,ThreatActor,Python,Technique,USES,T1059.006
APT1,ThreatActor,ipconfig,Malware,USES,
SideCopy,ThreatActor,System Location Discovery,Technique,USES,T1614
Suckfly,ThreatActor,Windows Command Shell,Technique,USES,T1059.003
Turla,ThreatActor,Visual Basic,Technique,USES,T1059.005
BITTER,ThreatActor,Tool,Technique,USES,T1588.002
MirrorFace,ThreatActor,Windows Host Firewall,Technique,USES,T1686.003
Elderwood,ThreatActor,Naid,Malware,USES,
APT29,ThreatActor,Tasklist,Malware,USES,
Threat Group-3390,ThreatActor,Network Service Discovery,Technique,USES,T1046
Medusa Group,ThreatActor,Web Services,Technique,USES,T1583.006
APT-C-36,ThreatActor,Domains,Technique,USES,T1583.001
HEXANE,ThreatActor,netstat,Malware,USES,
Aquatic Panda,ThreatActor,Masquerade Task or Service,Technique,USES,T1036.004
Moonstone Sleet,ThreatActor,Email Accounts,Technique,USES,T1585.002
menuPass,ThreatActor,UPPERCUT,Malware,USES,
Contagious Interview,ThreatActor,Remote Desktop Software,Technique,USES,T1219.002
Higaisa,ThreatActor,Native API,Technique,USES,T1106
APT33,ThreatActor,PowerSploit,Malware,USES,
TeamTNT,ThreatActor,Unix Shell,Technique,USES,T1059.004
Earth Lusca,ThreatActor,DCSync,Technique,USES,T1003.006
Dragonfly,ThreatActor,Malicious File,Technique,USES,T1204.002
Wizard Spider,ThreatActor,Exploitation of Remote Services,Technique,USES,T1210
Gamaredon Group,ThreatActor,Non-Application Layer Protocol,Technique,USES,T1095
Indrik Spider,ThreatActor,Create Account,Technique,USES,T1136
HEXANE,ThreatActor,Gather Victim Identity Information,Technique,USES,T1589
Ke3chang,ThreatActor,Ingress Tool Transfer,Technique,USES,T1105
Lotus Blossom,ThreatActor,AdFind,Malware,USES,
Volt Typhoon,ThreatActor,Proxy,Technique,USES,T1090
Mustang Panda,ThreatActor,CANONSTAGER,Malware,USES,
ZIRCONIUM,ThreatActor,Query Registry,Technique,USES,T1012
GOLD SOUTHFIELD,ThreatActor,Trusted Relationship,Technique,USES,T1199
Silence,ThreatActor,Empire,Malware,USES,
Patchwork,ThreatActor,Code Signing,Technique,USES,T1553.002
APT29,ThreatActor,OnionDuke,Malware,USES,
GALLIUM,ThreatActor,Windows Command Shell,Technique,USES,T1059.003
menuPass,ThreatActor,SNUGRIDE,Malware,USES,
FIN6,ThreatActor,Disable or Modify Tools,Technique,USES,T1685
APT28,ThreatActor,Spearphishing Attachment,Technique,USES,T1566.001
SideCopy,ThreatActor,Security Software Discovery,Technique,USES,T1518.001
Kimsuky,ThreatActor,Steal Web Session Cookie,Technique,USES,T1539
Ke3chang,ThreatActor,Local Account,Technique,USES,T1087.001
APT41,ThreatActor,ASPXSpy,Malware,USES,
TA505,ThreatActor,Azorult,Malware,USES,
FIN7,ThreatActor,SSH,Technique,USES,T1021.004
Chimera,ThreatActor,Remote Data Staging,Technique,USES,T1074.002
APT38,ThreatActor,File Deletion,Technique,USES,T1070.004
Axiom,ThreatActor,Data from Local System,Technique,USES,T1005
Volatile Cedar,ThreatActor,Vulnerability Scanning,Technique,USES,T1595.002
Evilnum,ThreatActor,System Checks,Technique,USES,T1497.001
Kimsuky,ThreatActor,Tool,Technique,USES,T1588.002
FIN13,ThreatActor,Domain Account,Technique,USES,T1087.002
OilRig,ThreatActor,QUADAGENT,Malware,USES,
Aquatic Panda,ThreatActor,Dynamic Linker Hijacking,Technique,USES,T1574.006
Mustang Panda,ThreatActor,Upload Malware,Technique,USES,T1608.001
OilRig,ThreatActor,Web Protocols,Technique,USES,T1071.001
APT41,ThreatActor,Permission Groups Discovery,Technique,USES,T1069
WIRTE,ThreatActor,Local Email Collection,Technique,USES,T1114.001
Scattered Spider,ThreatActor,Spearphishing Link,Technique,USES,T1598.003
Ember Bear,ThreatActor,Email Collection,Technique,USES,T1114
APT33,ThreatActor,Credentials In Files,Technique,USES,T1552.001
HAFNIUM,ThreatActor,Botnet,Technique,USES,T1583.005
Gamaredon Group,ThreatActor,File and Directory Discovery,Technique,USES,T1083
MirrorFace,ThreatActor,UPPERCUT,Malware,USES,
FIN6,ThreatActor,Domain Account,Technique,USES,T1087.002
Volt Typhoon,ThreatActor,Software Discovery,Technique,USES,T1518
OilRig,ThreatActor,Data from Local System,Technique,USES,T1005
Inception,ThreatActor,Web Service,Technique,USES,T1102
Dragonfly,ThreatActor,Business Relationships,Technique,USES,T1591.002
RTM,ThreatActor,DLL,Technique,USES,T1574.001
Storm-0501,ThreatActor,Transfer Data to Cloud Account,Technique,USES,T1537
APT28,ThreatActor,PowerShell,Technique,USES,T1059.001
Tonto Team,ThreatActor,DLL,Technique,USES,T1574.001
APT28,ThreatActor,Exfiltration Over Asymmetric Encrypted Non-C2 Protocol,Technique,USES,T1048.002
APT39,ThreatActor,Code Signing Policy Modification,Technique,USES,T1553.006
APT3,ThreatActor,OSInfo,Malware,USES,
APT38,ThreatActor,Space after Filename,Technique,USES,T1036.006
Cleaver,ThreatActor,Net Crawler,Malware,USES,
Transparent Tribe,ThreatActor,Encrypted/Encoded File,Technique,USES,T1027.013
ZIRCONIUM,ThreatActor,Hide Infrastructure,Technique,USES,T1665
Lazarus Group,ThreatActor,Application Window Discovery,Technique,USES,T1010
SideCopy,ThreatActor,Domains,Technique,USES,T1584.001
APT5,ThreatActor,Timestomp,Technique,USES,T1070.006
Aquatic Panda,ThreatActor,Clear Command History,Technique,USES,T1070.003
menuPass,ThreatActor,Archive via Utility,Technique,USES,T1560.001
Patchwork,ThreatActor,DLL,Technique,USES,T1574.001
Lazarus Group,ThreatActor,Malware,Technique,USES,T1587.001
Threat Group-3390,ThreatActor,At,Technique,USES,T1053.002
APT33,ThreatActor,Cached Domain Credentials,Technique,USES,T1003.005
Patchwork,ThreatActor,Modify Registry,Technique,USES,T1112
BlackTech,ThreatActor,Tool,Technique,USES,T1588.002
FIN8,ThreatActor,Exfiltration Over Unencrypted Non-C2 Protocol,Technique,USES,T1048.003
WIRTE,ThreatActor,Malicious File,Technique,USES,T1204.002
Leviathan,ThreatActor,Vulnerability Scanning,Technique,USES,T1595.002
DarkHydrus,ThreatActor,Mimikatz,Malware,USES,
Threat Group-3390,ThreatActor,Process Hollowing,Technique,USES,T1055.012
FIN8,ThreatActor,System Owner/User Discovery,Technique,USES,T1033
LuminousMoth,ThreatActor,Hidden Files and Directories,Technique,USES,T1564.001
Magic Hound,ThreatActor,Windows Command Shell,Technique,USES,T1059.003
MuddyWater,ThreatActor,Tool,Technique,USES,T1588.002
Tropic Trooper,ThreatActor,Process Discovery,Technique,USES,T1057
Sandworm Team,ThreatActor,Social Media Accounts,Technique,USES,T1586.001
APT5,ThreatActor,Remote Desktop Protocol,Technique,USES,T1021.001
VOID MANTICORE,ThreatActor,Data Encrypted for Impact,Technique,USES,T1486
Evilnum,ThreatActor,More_eggs,Malware,USES,
Dragonfly,ThreatActor,MCMD,Malware,USES,
APT28,ThreatActor,Registry Run Keys / Startup Folder,Technique,USES,T1547.001
Wizard Spider,ThreatActor,Archive via Utility,Technique,USES,T1560.001
Kimsuky,ThreatActor,Local Accounts,Technique,USES,T1078.003
Sandworm Team,ThreatActor,Standard Encoding,Technique,USES,T1132.001
Scattered Spider,ThreatActor,Valid Accounts,Technique,USES,T1078
APT32,ThreatActor,JavaScript,Technique,USES,T1059.007
Saint Bear,ThreatActor,JavaScript,Technique,USES,T1059.007
Dragonfly,ThreatActor,Valid Accounts,Technique,USES,T1078
Turla,ThreatActor,PowerShell Profile,Technique,USES,T1546.013
Whitefly,ThreatActor,Ingress Tool Transfer,Technique,USES,T1105
Volt Typhoon,ThreatActor,ipconfig,Malware,USES,
LuminousMoth,ThreatActor,Upload Malware,Technique,USES,T1608.001
Kimsuky,ThreatActor,HTTPTroy,Malware,USES,
APT37,ThreatActor,BLUELIGHT,Malware,USES,
WIRTE,ThreatActor,Upload Malware,Technique,USES,T1608.001
APT32,ThreatActor,Windows Management Instrumentation,Technique,USES,T1047
VOID MANTICORE,ThreatActor,Phishing,Technique,USES,T1566
Contagious Interview,ThreatActor,Masquerading,Technique,USES,T1036
Mustang Panda,ThreatActor,Web Services,Technique,USES,T1583.006
MuddyWater,ThreatActor,Mshta,Technique,USES,T1218.005
APT41,ThreatActor,Wordlist Scanning,Technique,USES,T1595.003
Mustang Panda,ThreatActor,Windows Management Instrumentation,Technique,USES,T1047
APT39,ThreatActor,AppInit DLLs,Technique,USES,T1546.010
APT37,ThreatActor,Ingress Tool Transfer,Technique,USES,T1105
VOID MANTICORE,ThreatActor,Gather Victim Identity Information,Technique,USES,T1589
FIN7,ThreatActor,Exploit Public-Facing Application,Technique,USES,T1190
Ke3chang,ThreatActor,System Owner/User Discovery,Technique,USES,T1033
FIN7,ThreatActor,Junk Code Insertion,Technique,USES,T1027.016
Contagious Interview,ThreatActor,Malicious File,Technique,USES,T1204.002
TeamTNT,ThreatActor,Registry Run Keys / Startup Folder,Technique,USES,T1547.001
Magic Hound,ThreatActor,Protocol Tunneling,Technique,USES,T1572
Patchwork,ThreatActor,BITS Jobs,Technique,USES,T1197
WIRTE,ThreatActor,Deobfuscate/Decode Files or Information,Technique,USES,T1140
APT1,ThreatActor,BISCUIT,Malware,USES,
Medusa Group,ThreatActor,Upload Tool,Technique,USES,T1608.002
Cinnamon Tempest,ThreatActor,Sliver,Malware,USES,
Ke3chang,ThreatActor,System Language Discovery,Technique,USES,T1614.001
Magic Hound,ThreatActor,Email Accounts,Technique,USES,T1585.002
Silent Librarian,ThreatActor,Digital Certificates,Technique,USES,T1588.004
Storm-1811,ThreatActor,Domains,Technique,USES,T1583.001
Patchwork,ThreatActor,Indicator Removal from Tools,Technique,USES,T1027.005
GALLIUM,ThreatActor,Security Account Manager,Technique,USES,T1003.002
Windshift,ThreatActor,Security Software Discovery,Technique,USES,T1518.001
Lazarus Group,ThreatActor,Create Process with Token,Technique,USES,T1134.002
APT38,ThreatActor,Keylogging,Technique,USES,T1056.001
Turla,ThreatActor,Web Services,Technique,USES,T1583.006
Storm-0501,ThreatActor,Inhibit System Recovery,Technique,USES,T1490
Blue Mockingbird,ThreatActor,Windows Management Instrumentation Event Subscription,Technique,USES,T1546.003
admin@338,ThreatActor,Spearphishing Attachment,Technique,USES,T1566.001
GALLIUM,ThreatActor,Valid Accounts,Technique,USES,T1078
Kimsuky,ThreatActor,Automated Exfiltration,Technique,USES,T1020
Turla,ThreatActor,Dynamic-link Library Injection,Technique,USES,T1055.001
LAPSUS$,ThreatActor,Tool,Technique,USES,T1588.002
Dragonfly,ThreatActor,System Network Configuration Discovery,Technique,USES,T1016
APT41,ThreatActor,PowerShell,Technique,USES,T1059.001
Windshift,ThreatActor,Spearphishing Attachment,Technique,USES,T1566.001
Turla,ThreatActor,nbtstat,Malware,USES,
APT18,ThreatActor,Valid Accounts,Technique,USES,T1078
MuddyWater,ThreatActor,Malicious Copy and Paste,Technique,USES,T1204.004
FIN5,ThreatActor,File Deletion,Technique,USES,T1070.004
BRONZE BUTLER,ThreatActor,Spearphishing Attachment,Technique,USES,T1566.001
Contagious Interview,ThreatActor,Virtualization/Sandbox Evasion,Technique,USES,T1497
WIRTE,ThreatActor,Spearphishing Attachment,Technique,USES,T1566.001
Axiom,ThreatActor,ZxShell,Malware,USES,
Cobalt Group,ThreatActor,Scheduled Task,Technique,USES,T1053.005
admin@338,ThreatActor,System Network Configuration Discovery,Technique,USES,T1016
APT28,ThreatActor,Encrypted/Encoded File,Technique,USES,T1027.013
Gorgon Group,ThreatActor,Deobfuscate/Decode Files or Information,Technique,USES,T1140
TA505,ThreatActor,FlawedAmmyy,Malware,USES,
Magic Hound,ThreatActor,Net,Malware,USES,
APT28,ThreatActor,Exploitation for Client Execution,Technique,USES,T1203
ZIRCONIUM,ThreatActor,Windows Command Shell,Technique,USES,T1059.003
APT28,ThreatActor,Email Accounts,Technique,USES,T1586.002
Threat Group-3390,ThreatActor,Local Data Staging,Technique,USES,T1074.001
Fox Kitten,ThreatActor,Brute Force,Technique,USES,T1110
Tropic Trooper,ThreatActor,USBferry,Malware,USES,
MuddyWater,ThreatActor,Windows Management Instrumentation,Technique,USES,T1047
MirrorFace,ThreatActor,Remote Data Staging,Technique,USES,T1074.002
Gamaredon Group,ThreatActor,Replication Through Removable Media,Technique,USES,T1091
LAPSUS$,ThreatActor,Data Destruction,Technique,USES,T1485
Threat Group-3390,ThreatActor,Exploitation for Client Execution,Technique,USES,T1203
Blue Mockingbird,ThreatActor,System Information Discovery,Technique,USES,T1082
TA2541,ThreatActor,Revenge RAT,Malware,USES,
APT28,ThreatActor,Remote Email Collection,Technique,USES,T1114.002
Dark Caracal,ThreatActor,Windows Command Shell,Technique,USES,T1059.003
Sandworm Team,ThreatActor,Databases,Technique,USES,T1213.006
APT41,ThreatActor,Rootkit,Technique,USES,T1014
RTM,ThreatActor,Malicious File,Technique,USES,T1204.002
Sidewinder,ThreatActor,Local Data Staging,Technique,USES,T1074.001
APT32,ThreatActor,ipconfig,Malware,USES,
APT3,ThreatActor,Hidden Window,Technique,USES,T1564.003
Lazarus Group,ThreatActor,BADCALL,Malware,USES,
VOID MANTICORE,ThreatActor,Financial Theft,Technique,USES,T1657
Aoqin Dragon,ThreatActor,Malicious File,Technique,USES,T1204.002
APT38,ThreatActor,Security Software Discovery,Technique,USES,T1518.001
ZIRCONIUM,ThreatActor,Web Services,Technique,USES,T1583.006
Scattered Spider,ThreatActor,NTDS,Technique,USES,T1003.003
Contagious Interview,ThreatActor,Exfiltration Over Web Service,Technique,USES,T1567
Moonstone Sleet,ThreatActor,Qilin,Malware,USES,
RedCurl,ThreatActor,Local Email Collection,Technique,USES,T1114.001
Sandworm Team,ThreatActor,Steal Web Session Cookie,Technique,USES,T1539
Kimsuky,ThreatActor,Deobfuscate/Decode Files or Information,Technique,USES,T1140
Cleaver,ThreatActor,LSASS Memory,Technique,USES,T1003.001
APT3,ThreatActor,schtasks,Malware,USES,
APT28,ThreatActor,certutil,Malware,USES,
Saint Bear,ThreatActor,Email Addresses,Technique,USES,T1589.002
Wizard Spider,ThreatActor,Windows Command Shell,Technique,USES,T1059.003
Mustang Panda,ThreatActor,Symmetric Cryptography,Technique,USES,T1573.001
Leviathan,ThreatActor,One-Way Communication,Technique,USES,T1102.003
Volt Typhoon,ThreatActor,Valid Accounts,Technique,USES,T1078
Patchwork,ThreatActor,NDiskMonitor,Malware,USES,
MirrorFace,ThreatActor,Disable or Modify Tools,Technique,USES,T1685
FIN8,ThreatActor,Security Software Discovery,Technique,USES,T1518.001
Indrik Spider,ThreatActor,Modify Registry,Technique,USES,T1112
Lazarus Group,ThreatActor,SSH,Technique,USES,T1021.004
Fox Kitten,ThreatActor,Exploitation of Remote Services,Technique,USES,T1210
Kimsuky,ThreatActor,Malicious Copy and Paste,Technique,USES,T1204.004
Scattered Spider,ThreatActor,Exfiltration Over C2 Channel,Technique,USES,T1041
TA505,ThreatActor,Mimikatz,Malware,USES,
Cobalt Group,ThreatActor,Odbcconf,Technique,USES,T1218.008
SideCopy,ThreatActor,Ingress Tool Transfer,Technique,USES,T1105
APT32,ThreatActor,Software Deployment Tools,Technique,USES,T1072
Kimsuky,ThreatActor,Command Obfuscation,Technique,USES,T1027.010
MuddyWater,ThreatActor,Internal Spearphishing,Technique,USES,T1534
APT1,ThreatActor,Cachedump,Malware,USES,
Silence,ThreatActor,Scheduled Task,Technique,USES,T1053.005
Moonstone Sleet,ThreatActor,Email Addresses,Technique,USES,T1589.002
Sandworm Team,ThreatActor,PowerShell,Technique,USES,T1059.001
Orangeworm,ThreatActor,Web Protocols,Technique,USES,T1071.001
Daggerfly,ThreatActor,Code Signing Certificates,Technique,USES,T1587.002
Tonto Team,ThreatActor,External Proxy,Technique,USES,T1090.002
Wizard Spider,ThreatActor,AdFind,Malware,USES,
Chimera,ThreatActor,Scheduled Task,Technique,USES,T1053.005
Gamaredon Group,ThreatActor,Automated Collection,Technique,USES,T1119
Wizard Spider,ThreatActor,BITSAdmin,Malware,USES,
Patchwork,ThreatActor,Credentials from Web Browsers,Technique,USES,T1555.003
Cleaver,ThreatActor,ARP Cache Poisoning,Technique,USES,T1557.002
Gamaredon Group,ThreatActor,Match Legitimate Resource Name or Location,Technique,USES,T1036.005
Darkhotel,ThreatActor,Symmetric Cryptography,Technique,USES,T1573.001
APT37,ThreatActor,CORALDECK,Malware,USES,
APT37,ThreatActor,Web Protocols,Technique,USES,T1071.001
Saint Bear,ThreatActor,Virtualization/Sandbox Evasion,Technique,USES,T1497
MirrorFace,ThreatActor,Domain Account,Technique,USES,T1087.002
Patchwork,ThreatActor,Scheduled Task,Technique,USES,T1053.005
TA505,ThreatActor,Dridex,Malware,USES,
FIN10,ThreatActor,Empire,Malware,USES,
Volt Typhoon,ThreatActor,Network Devices,Technique,USES,T1584.008
Leafminer,ThreatActor,Tool,Technique,USES,T1588.002
Sidewinder,ThreatActor,Process Discovery,Technique,USES,T1057
BackdoorDiplomacy,ThreatActor,Turian,Malware,USES,
Daggerfly,ThreatActor,Scheduled Task,Technique,USES,T1053.005
MuddyWater,ThreatActor,LSA Secrets,Technique,USES,T1003.004
APT32,ThreatActor,Lateral Tool Transfer,Technique,USES,T1570
INC Ransom,ThreatActor,Phishing,Technique,USES,T1566
APT32,ThreatActor,NTFS File Attributes,Technique,USES,T1564.004
Volt Typhoon,ThreatActor,Keylogging,Technique,USES,T1056.001
APT38,ThreatActor,Net,Malware,USES,
HEXANE,ThreatActor,System Information Discovery,Technique,USES,T1082
VOID MANTICORE,ThreatActor,Web Service,Technique,USES,T1102
FIN7,ThreatActor,Link Target,Technique,USES,T1608.005
APT33,ThreatActor,Archive via Utility,Technique,USES,T1560.001
FIN7,ThreatActor,System Owner/User Discovery,Technique,USES,T1033
APT28,ThreatActor,Web Shell,Technique,USES,T1505.003
TeamTNT,ThreatActor,Systemd Service,Technique,USES,T1543.002
FIN6,ThreatActor,Command and Scripting Interpreter,Technique,USES,T1059
FIN7,ThreatActor,Scheduled Task,Technique,USES,T1053.005
Daggerfly,ThreatActor,MgBot,Malware,USES,
Wizard Spider,ThreatActor,Windows Management Instrumentation,Technique,USES,T1047
Ajax Security Team,ThreatActor,Keylogging,Technique,USES,T1056.001
Aquatic Panda,ThreatActor,Windows Service,Technique,USES,T1543.003
Deep Panda,ThreatActor,Process Discovery,Technique,USES,T1057
OilRig,ThreatActor,Windows Host Firewall,Technique,USES,T1686.003
TA2541,ThreatActor,Ingress Tool Transfer,Technique,USES,T1105
RedCurl,ThreatActor,Data from Network Shared Drive,Technique,USES,T1039
APT37,ThreatActor,Steganography,Technique,USES,T1027.003
Kimsuky,ThreatActor,Upload Malware,Technique,USES,T1608.001
HAFNIUM,ThreatActor,System Owner/User Discovery,Technique,USES,T1033
Elderwood,ThreatActor,Spearphishing Link,Technique,USES,T1566.002
Kimsuky,ThreatActor,Ingress Tool Transfer,Technique,USES,T1105
APT38,ThreatActor,Windows Service,Technique,USES,T1543.003
VOID MANTICORE,ThreatActor,PowerShell,Technique,USES,T1059.001
FIN8,ThreatActor,Ping,Malware,USES,
APT41,ThreatActor,BITSAdmin,Malware,USES,
Volt Typhoon,ThreatActor,Match Legitimate Resource Name or Location,Technique,USES,T1036.005
Medusa Group,ThreatActor,Command Obfuscation,Technique,USES,T1027.010
Medusa Group,ThreatActor,File and Directory Discovery,Technique,USES,T1083
Volatile Cedar,ThreatActor,Wordlist Scanning,Technique,USES,T1595.003
Sandworm Team,ThreatActor,Proxy,Technique,USES,T1090
APT-C-36,ThreatActor,Malicious File,Technique,USES,T1204.002
Magic Hound,ThreatActor,Impacket,Malware,USES,
APT41,ThreatActor,Domain Account,Technique,USES,T1087.002
APT29,ThreatActor,Security Account Manager,Technique,USES,T1003.002
Lotus Blossom,ThreatActor,System Network Configuration Discovery,Technique,USES,T1016
ToddyCat,ThreatActor,Data from Local System,Technique,USES,T1005
Kimsuky,ThreatActor,Develop Capabilities,Technique,USES,T1587
Moses Staff,ThreatActor,System Network Configuration Discovery,Technique,USES,T1016
Magic Hound,ThreatActor,Determine Physical Locations,Technique,USES,T1591.001
Dragonfly,ThreatActor,Server,Technique,USES,T1584.004
Turla,ThreatActor,Ingress Tool Transfer,Technique,USES,T1105
FIN6,ThreatActor,Protocol Tunneling,Technique,USES,T1572
VOID MANTICORE,ThreatActor,Windows Management Instrumentation,Technique,USES,T1047
TA2541,ThreatActor,Dynamic Resolution,Technique,USES,T1568
Mustang Panda,ThreatActor,Search Open Websites/Domains,Technique,USES,T1593
Ke3chang,ThreatActor,Domain Account,Technique,USES,T1087.002
Rocke,ThreatActor,Rootkit,Technique,USES,T1014
FIN7,ThreatActor,AdFind,Malware,USES,
Leafminer,ThreatActor,LSASS Memory,Technique,USES,T1003.001
Akira,ThreatActor,Account Access Removal,Technique,USES,T1531
Naikon,ThreatActor,Domain Accounts,Technique,USES,T1078.002
Dragonfly,ThreatActor,File and Directory Discovery,Technique,USES,T1083
Daggerfly,ThreatActor,BITSAdmin,Malware,USES,
Mustang Panda,ThreatActor,STATICPLUGIN,Malware,USES,
Kimsuky,ThreatActor,Exfiltration to Cloud Storage,Technique,USES,T1567.002
The White Company,ThreatActor,Software Packing,Technique,USES,T1027.002
Lazarus Group,ThreatActor,FALLCHILL,Malware,USES,
BRONZE BUTLER,ThreatActor,Match Legitimate Resource Name or Location,Technique,USES,T1036.005
Turla,ThreatActor,Windows Credential Manager,Technique,USES,T1555.004
Mustang Panda,ThreatActor,Malicious Link,Technique,USES,T1204.001
TA577,ThreatActor,QakBot,Malware,USES,
Ember Bear,ThreatActor,Acquire Infrastructure,Technique,USES,T1583
UNC3886,ThreatActor,VIRTUALPIE,Malware,USES,
Volt Typhoon,ThreatActor,Masquerade File Type,Technique,USES,T1036.008
APT37,ThreatActor,KARAE,Malware,USES,
Patchwork,ThreatActor,Standard Encoding,Technique,USES,T1132.001
APT39,ThreatActor,MechaFlounder,Malware,USES,
Molerats,ThreatActor,Malicious Link,Technique,USES,T1204.001
Threat Group-3390,ThreatActor,Exfiltration to Cloud Storage,Technique,USES,T1567.002
Kimsuky,ThreatActor,Phishing for Information,Technique,USES,T1598
Threat Group-3390,ThreatActor,LSASS Memory,Technique,USES,T1003.001
Kimsuky,ThreatActor,Impersonation,Technique,USES,T1684.001
Poseidon Group,ThreatActor,System Network Connections Discovery,Technique,USES,T1049
Axiom,ThreatActor,Archive Collected Data,Technique,USES,T1560
Wizard Spider,ThreatActor,SystemBC,Malware,USES,
APT42,ThreatActor,Security Software Discovery,Technique,USES,T1518.001
UNC3886,ThreatActor,Compromise Host Software Binary,Technique,USES,T1554
APT-C-36,ThreatActor,Written Content,Technique,USES,T1683.001
Scattered Spider,ThreatActor,Domain Account,Technique,USES,T1087.002
Winter Vivern,ThreatActor,Web Protocols,Technique,USES,T1071.001
APT28,ThreatActor,Network Devices,Technique,USES,T1584.008
FIN8,ThreatActor,BADHATCH,Malware,USES,
Gamaredon Group,ThreatActor,Compile After Delivery,Technique,USES,T1027.004
Sea Turtle,ThreatActor,Remote Data Staging,Technique,USES,T1074.002
APT41,ThreatActor,PlugX,Malware,USES,
Medusa Group,ThreatActor,Modify Registry,Technique,USES,T1112
Winter Vivern,ThreatActor,Web Portal Capture,Technique,USES,T1056.003
APT28,ThreatActor,Pass the Hash,Technique,USES,T1550.002
LazyScripter,ThreatActor,Remcos,Malware,USES,
ZIRCONIUM,ThreatActor,Network Devices,Technique,USES,T1584.008
WIRTE,ThreatActor,Ferocious,Malware,USES,
Agrius,ThreatActor,Remote System Discovery,Technique,USES,T1018
Transparent Tribe,ThreatActor,Dynamic Resolution,Technique,USES,T1568
MuddyWater,ThreatActor,Spearphishing Attachment,Technique,USES,T1566.001
Moonstone Sleet,ThreatActor,Deobfuscate/Decode Files or Information,Technique,USES,T1140
Sandworm Team,ThreatActor,Exploitation for Client Execution,Technique,USES,T1203
Play,ThreatActor,Exfiltration Over Alternative Protocol,Technique,USES,T1048
Kimsuky,ThreatActor,schtasks,Malware,USES,
Lazarus Group,ThreatActor,Account Manipulation,Technique,USES,T1098
Windshift,ThreatActor,Malicious Link,Technique,USES,T1204.001
Deep Panda,ThreatActor,Mivast,Malware,USES,
APT29,ThreatActor,Tool,Technique,USES,T1588.002
FIN6,ThreatActor,Databases,Technique,USES,T1213.006
Kimsuky,ThreatActor,Code Signing,Technique,USES,T1553.002
APT28,ThreatActor,Logon Script (Windows),Technique,USES,T1037.001
Contagious Interview,ThreatActor,Unix Shell,Technique,USES,T1059.004
TA505,ThreatActor,TrickBot,Malware,USES,
menuPass,ThreatActor,Spearphishing Attachment,Technique,USES,T1566.001
Medusa Group,ThreatActor,Tool,Technique,USES,T1588.002
APT41,ThreatActor,Credentials from Web Browsers,Technique,USES,T1555.003
APT18,ThreatActor,Encrypted/Encoded File,Technique,USES,T1027.013
Dark Caracal,ThreatActor,Web Protocols,Technique,USES,T1071.001
MirrorFace,ThreatActor,System Language Discovery,Technique,USES,T1614.001
Leviathan,ThreatActor,Windows Management Instrumentation,Technique,USES,T1047
Dragonfly,ThreatActor,Local Account,Technique,USES,T1136.001
Chimera,ThreatActor,Service Execution,Technique,USES,T1569.002
APT-C-36,ThreatActor,Junk Code Insertion,Technique,USES,T1027.016
Cobalt Group,ThreatActor,Compromise Software Supply Chain,Technique,USES,T1195.002
APT28,ThreatActor,CHOPSTICK,Malware,USES,
CURIUM,ThreatActor,Malicious File,Technique,USES,T1204.002
Windshift,ThreatActor,Spearphishing via Service,Technique,USES,T1566.003
Lazarus Group,ThreatActor,Hidden Files and Directories,Technique,USES,T1564.001
LuminousMoth,ThreatActor,Replication Through Removable Media,Technique,USES,T1091
APT28,ThreatActor,Tool,Technique,USES,T1588.002
Agrius,ThreatActor,Mimikatz,Malware,USES,
Kimsuky,ThreatActor,Masquerade Task or Service,Technique,USES,T1036.004
Aquatic Panda,ThreatActor,Pass the Hash,Technique,USES,T1550.002
Earth Lusca,ThreatActor,Visual Basic,Technique,USES,T1059.005
TA2541,ThreatActor,Match Legitimate Resource Name or Location,Technique,USES,T1036.005
Rancor,ThreatActor,Visual Basic,Technique,USES,T1059.005
TA505,ThreatActor,Mark-of-the-Web Bypass,Technique,USES,T1553.005
APT41,ThreatActor,Impacket,Malware,USES,
Scattered Spider,ThreatActor,Trust Modification,Technique,USES,T1484.002
Leviathan,ThreatActor,Windows Credential Editor,Malware,USES,
Moses Staff,ThreatActor,Local Account,Technique,USES,T1087.001
Windigo,ThreatActor,Data from Local System,Technique,USES,T1005
Cinnamon Tempest,ThreatActor,Pandora,Malware,USES,
HAFNIUM,ThreatActor,Sharepoint,Technique,USES,T1213.002
BITTER,ThreatActor,Dynamic Resolution,Technique,USES,T1568
VOID MANTICORE,ThreatActor,Group Policy Modification,Technique,USES,T1484.001
APT33,ThreatActor,AutoIt backdoor,Malware,USES,
Gamaredon Group,ThreatActor,Ingress Tool Transfer,Technique,USES,T1105
Ajax Security Team,ThreatActor,Spearphishing via Service,Technique,USES,T1566.003
EXOTIC LILY,ThreatActor,Spearphishing via Service,Technique,USES,T1566.003
Gallmaker,ThreatActor,Malicious File,Technique,USES,T1204.002
APT39,ThreatActor,Shortcut Modification,Technique,USES,T1547.009
TA2541,ThreatActor,Security Software Discovery,Technique,USES,T1518.001
APT38,ThreatActor,Bypass User Account Control,Technique,USES,T1548.002
MuddyWater,ThreatActor,Domains,Technique,USES,T1583.001
Lotus Blossom,ThreatActor,Windows Service,Technique,USES,T1543.003
HEXANE,ThreatActor,Domains,Technique,USES,T1583.001
UNC3886,ThreatActor,CASTLETAP,Malware,USES,
APT37,ThreatActor,SLOWDRIFT,Malware,USES,
Leviathan,ThreatActor,SSH,Technique,USES,T1021.004
Lazarus Group,ThreatActor,WannaCry,Malware,USES,
TeamTNT,ThreatActor,Local Account,Technique,USES,T1136.001
Agrius,ThreatActor,Disable or Modify Tools,Technique,USES,T1685
Wizard Spider,ThreatActor,Tool,Technique,USES,T1588.002
Volt Typhoon,ThreatActor,Windows Command Shell,Technique,USES,T1059.003
TA2541,ThreatActor,Scheduled Task,Technique,USES,T1053.005
Scattered Spider,ThreatActor,Account Discovery,Technique,USES,T1087
Storm-0501,ThreatActor,Group Policy Modification,Technique,USES,T1484.001
Kimsuky,ThreatActor,Clipboard Data,Technique,USES,T1115
Dragonfly,ThreatActor,Template Injection,Technique,USES,T1221
Fox Kitten,ThreatActor,Local Account,Technique,USES,T1136.001
OilRig,ThreatActor,Windows Command Shell,Technique,USES,T1059.003
TeamTNT,ThreatActor,System Service Discovery,Technique,USES,T1007
Daggerfly,ThreatActor,Web Protocols,Technique,USES,T1071.001
Threat Group-3390,ThreatActor,Windows Command Shell,Technique,USES,T1059.003
Kimsuky,ThreatActor,Component Object Model,Technique,USES,T1559.001
Kimsuky,ThreatActor,Bidirectional Communication,Technique,USES,T1102.002
GALLIUM,ThreatActor,Scheduled Task,Technique,USES,T1053.005
Lazarus Group,ThreatActor,Data Destruction,Technique,USES,T1485
MirrorFace,ThreatActor,Nltest,Malware,USES,
Leviathan,ThreatActor,Ingress Tool Transfer,Technique,USES,T1105
Mustang Panda,ThreatActor,Network Service Discovery,Technique,USES,T1046
MoustachedBouncer,ThreatActor,PowerShell,Technique,USES,T1059.001
APT29,ThreatActor,FatDuke,Malware,USES,
Rocke,ThreatActor,Obfuscated Files or Information,Technique,USES,T1027
Naikon,ThreatActor,Remote System Discovery,Technique,USES,T1018
VOID MANTICORE,ThreatActor,Hidden Window,Technique,USES,T1564.003
Rancor,ThreatActor,Reg,Malware,USES,
Darkhotel,ThreatActor,Taint Shared Content,Technique,USES,T1080
Gamaredon Group,ThreatActor,VNC,Technique,USES,T1021.005
Magic Hound,ThreatActor,Ping,Malware,USES,
Mustard Tempest,ThreatActor,Upload Malware,Technique,USES,T1608.001
APT29,ThreatActor,Domain Fronting,Technique,USES,T1090.004
APT28,ThreatActor,Hidden Window,Technique,USES,T1564.003
OilRig,ThreatActor,Remote Desktop Protocol,Technique,USES,T1021.001
APT33,ThreatActor,PoshC2,Malware,USES,
Tonto Team,ThreatActor,Python,Technique,USES,T1059.006
Deep Panda,ThreatActor,Remote System Discovery,Technique,USES,T1018
Patchwork,ThreatActor,Process Hollowing,Technique,USES,T1055.012
Patchwork,ThreatActor,Remote Desktop Protocol,Technique,USES,T1021.001
Contagious Interview,ThreatActor,Malware,Technique,USES,T1587.001
Tropic Trooper,ThreatActor,Malicious File,Technique,USES,T1204.002
BRONZE BUTLER,ThreatActor,Mimikatz,Malware,USES,
Winter Vivern,ThreatActor,System Owner/User Discovery,Technique,USES,T1033
Volt Typhoon,ThreatActor,Exploit Public-Facing Application,Technique,USES,T1190
Leviathan,ThreatActor,Registry Run Keys / Startup Folder,Technique,USES,T1547.001
Dark Caracal,ThreatActor,Malicious File,Technique,USES,T1204.002
APT41,ThreatActor,Match Legitimate Resource Name or Location,Technique,USES,T1036.005
VOID MANTICORE,ThreatActor,Domains,Technique,USES,T1583.001
ZIRCONIUM,ThreatActor,Credentials from Web Browsers,Technique,USES,T1555.003
Aoqin Dragon,ThreatActor,Lateral Tool Transfer,Technique,USES,T1570
Threat Group-1314,ThreatActor,Windows Command Shell,Technique,USES,T1059.003
Carbanak,ThreatActor,Masquerade Task or Service,Technique,USES,T1036.004
Silence,ThreatActor,Process Injection,Technique,USES,T1055
APT1,ThreatActor,LSASS Memory,Technique,USES,T1003.001
Gamaredon Group,ThreatActor,Junk Code Insertion,Technique,USES,T1027.016
Salt Typhoon,ThreatActor,Protocol Tunneling,Technique,USES,T1572
LuminousMoth,ThreatActor,Exfiltration Over C2 Channel,Technique,USES,T1041
Fox Kitten,ThreatActor,Archive via Utility,Technique,USES,T1560.001
Kimsuky,ThreatActor,Service Stop,Technique,USES,T1489
BlackTech,ThreatActor,Kivars,Malware,USES,
LuminousMoth,ThreatActor,Drive-by Target,Technique,USES,T1608.004
Mustang Panda,ThreatActor,Deobfuscate/Decode Files or Information,Technique,USES,T1140
Fox Kitten,ThreatActor,Command Obfuscation,Technique,USES,T1027.010
TA2541,ThreatActor,Software Packing,Technique,USES,T1027.002
RedCurl,ThreatActor,Taint Shared Content,Technique,USES,T1080
CopyKittens,ThreatActor,Archive via Custom Method,Technique,USES,T1560.003
Rocke,ThreatActor,Web Service,Technique,USES,T1102
TA551,ThreatActor,Email Addresses,Technique,USES,T1589.002
Sandworm Team,ThreatActor,Exfiltration Over C2 Channel,Technique,USES,T1041
APT42,ThreatActor,Match Legitimate Resource Name or Location,Technique,USES,T1036.005
Agrius,ThreatActor,Network Service Discovery,Technique,USES,T1046
Earth Lusca,ThreatActor,Drive-by Compromise,Technique,USES,T1189
DarkVishnya,ThreatActor,Winexe,Malware,USES,
APT41,ThreatActor,Windows Service,Technique,USES,T1543.003
Scattered Spider,ThreatActor,Email Hiding Rules,Technique,USES,T1564.008
MirrorFace,ThreatActor,Gather Victim Org Information,Technique,USES,T1591
Gamaredon Group,ThreatActor,Rundll32,Technique,USES,T1218.011
Volt Typhoon,ThreatActor,Credentials from Password Stores,Technique,USES,T1555
VOID MANTICORE,ThreatActor,Audio Capture,Technique,USES,T1123
Naikon,ThreatActor,Ping,Malware,USES,
APT29,ThreatActor,Steal Application Access Token,Technique,USES,T1528
Transparent Tribe,ThreatActor,Domains,Technique,USES,T1584.001
FIN13,ThreatActor,Network Service Discovery,Technique,USES,T1046
APT39,ThreatActor,Remexi,Malware,USES,
Evilnum,ThreatActor,Remote Desktop Software,Technique,USES,T1219.002
TeamTNT,ThreatActor,System Network Connections Discovery,Technique,USES,T1049
RedCurl,ThreatActor,Malicious File,Technique,USES,T1204.002
Storm-1811,ThreatActor,Match Legitimate Resource Name or Location,Technique,USES,T1036.005
Naikon,ThreatActor,Registry Run Keys / Startup Folder,Technique,USES,T1547.001
The White Company,ThreatActor,Security Software Discovery,Technique,USES,T1518.001
Chimera,ThreatActor,Exfiltration Over C2 Channel,Technique,USES,T1041
FIN5,ThreatActor,Local Data Staging,Technique,USES,T1074.001
Storm-0501,ThreatActor,Cobalt Strike,Malware,USES,
HAFNIUM,ThreatActor,Exploitation for Privilege Escalation,Technique,USES,T1068
Kimsuky,ThreatActor,Browser Information Discovery,Technique,USES,T1217
Wizard Spider,ThreatActor,Windows Service,Technique,USES,T1543.003
Magic Hound,ThreatActor,Application Layer Protocol,Technique,USES,T1071
Storm-1811,ThreatActor,Cobalt Strike,Malware,USES,
APT28,ThreatActor,Multi-hop Proxy,Technique,USES,T1090.003
LAPSUS$,ThreatActor,Code Repositories,Technique,USES,T1213.003
DarkHydrus,ThreatActor,Malicious File,Technique,USES,T1204.002
MuddyWater,ThreatActor,LP-Notes,Malware,USES,
Lazarus Group,ThreatActor,Gather Victim Org Information,Technique,USES,T1591
Kimsuky,ThreatActor,Malicious Link,Technique,USES,T1204.001
Agrius,ThreatActor,Domain Accounts,Technique,USES,T1078.002
UNC3886,ThreatActor,THINCRUST,Malware,USES,
Wizard Spider,ThreatActor,SMB/Windows Admin Shares,Technique,USES,T1021.002
Earth Lusca,ThreatActor,Remote System Discovery,Technique,USES,T1018
Andariel,ThreatActor,System Network Connections Discovery,Technique,USES,T1049
Malteiro,ThreatActor,Credentials from Web Browsers,Technique,USES,T1555.003
GALLIUM,ThreatActor,Obfuscated Files or Information,Technique,USES,T1027
Threat Group-3390,ThreatActor,Password Managers,Technique,USES,T1555.005
Lazarus Group,ThreatActor,Native API,Technique,USES,T1106
Darkhotel,ThreatActor,System Information Discovery,Technique,USES,T1082
Wizard Spider,ThreatActor,Data Staged,Technique,USES,T1074
APT29,ThreatActor,Dynamic Resolution,Technique,USES,T1568
Leviathan,ThreatActor,Encrypted/Encoded File,Technique,USES,T1027.013
UNC3886,ThreatActor,Exploitation for Privilege Escalation,Technique,USES,T1068
FIN6,ThreatActor,Command Obfuscation,Technique,USES,T1027.010
HEXANE,ThreatActor,BITSAdmin,Malware,USES,
Lazarus Group,ThreatActor,Valid Accounts,Technique,USES,T1078
Dragonfly,ThreatActor,Net,Malware,USES,
Transparent Tribe,ThreatActor,njRAT,Malware,USES,
Storm-1811,ThreatActor,Tool,Technique,USES,T1588.002
APT28,ThreatActor,Exfiltration Over Web Service,Technique,USES,T1567
Mustang Panda,ThreatActor,System Network Connections Discovery,Technique,USES,T1049
HEXANE,ThreatActor,Brute Force,Technique,USES,T1110
BlackByte,ThreatActor,Masquerade File Type,Technique,USES,T1036.008
Sandworm Team,ThreatActor,Scheduled Task,Technique,USES,T1053.005
menuPass,ThreatActor,Ingress Tool Transfer,Technique,USES,T1105
APT41,ThreatActor,File Transfer Protocols,Technique,USES,T1071.002
Deep Panda,ThreatActor,Ping,Malware,USES,
APT1,ThreatActor,PsExec,Malware,USES,
UNC3886,ThreatActor,Virtual Machine Discovery,Technique,USES,T1673
Elderwood,ThreatActor,Briba,Malware,USES,
APT38,ThreatActor,Drive-by Compromise,Technique,USES,T1189
UNC3886,ThreatActor,Ignore Process Interrupts,Technique,USES,T1564.011
Mustang Panda,ThreatActor,Visual Basic,Technique,USES,T1059.005
APT28,ThreatActor,Keylogging,Technique,USES,T1056.001
BlackByte,ThreatActor,Scheduled Task,Technique,USES,T1053.005
Silence,ThreatActor,Registry Run Keys / Startup Folder,Technique,USES,T1547.001
APT29,ThreatActor,Exploitation for Privilege Escalation,Technique,USES,T1068
MuddyWater,ThreatActor,Network Topology,Technique,USES,T1590.004
Velvet Ant,ThreatActor,Data Encoding,Technique,USES,T1132
BRONZE BUTLER,ThreatActor,Screen Capture,Technique,USES,T1113
DarkHydrus,ThreatActor,Forced Authentication,Technique,USES,T1187
APT29,ThreatActor,POSHSPY,Malware,USES,
OilRig,ThreatActor,Web Shell,Technique,USES,T1505.003
Earth Lusca,ThreatActor,Web Services,Technique,USES,T1584.006
Magic Hound,ThreatActor,Web Protocols,Technique,USES,T1071.001
Wizard Spider,ThreatActor,Domain Accounts,Technique,USES,T1078.002
FIN13,ThreatActor,Web Shell,Technique,USES,T1505.003
Machete,ThreatActor,Spearphishing Link,Technique,USES,T1566.002
Leviathan,ThreatActor,Credentials,Technique,USES,T1589.001
Medusa Group,ThreatActor,Local Account,Technique,USES,T1087.001
Deep Panda,ThreatActor,Net,Malware,USES,
Star Blizzard,ThreatActor,Domains,Technique,USES,T1583.001
Turla,ThreatActor,Proxy,Technique,USES,T1090
Gallmaker,ThreatActor,Obfuscated Files or Information,Technique,USES,T1027
Whitefly,ThreatActor,DLL,Technique,USES,T1574.001
Ember Bear,ThreatActor,Archive Collected Data,Technique,USES,T1560
Threat Group-3390,ThreatActor,Net,Malware,USES,
OilRig,ThreatActor,Malware,Technique,USES,T1587.001
APT19,ThreatActor,Hidden Window,Technique,USES,T1564.003
Naikon,ThreatActor,Security Software Discovery,Technique,USES,T1518.001
CopyKittens,ThreatActor,Archive via Utility,Technique,USES,T1560.001
BlackByte,ThreatActor,Make and Impersonate Token,Technique,USES,T1134.003
APT41,ThreatActor,Remote System Discovery,Technique,USES,T1018
Dragonfly,ThreatActor,Exploitation for Client Execution,Technique,USES,T1203
HEXANE,ThreatActor,Scheduled Task,Technique,USES,T1053.005
LazyScripter,ThreatActor,Malicious Link,Technique,USES,T1204.001
Confucius,ThreatActor,Malicious Link,Technique,USES,T1204.001
FIN7,ThreatActor,VNC,Technique,USES,T1021.005
Saint Bear,ThreatActor,Windows Command Shell,Technique,USES,T1059.003
OilRig,ThreatActor,Upload Malware,Technique,USES,T1608.001
APT38,ThreatActor,File and Directory Discovery,Technique,USES,T1083
BRONZE BUTLER,ThreatActor,Masquerading,Technique,USES,T1036
VOID MANTICORE,ThreatActor,Exploit Public-Facing Application,Technique,USES,T1190
Aoqin Dragon,ThreatActor,Replication Through Removable Media,Technique,USES,T1091
Indrik Spider,ThreatActor,Match Legitimate Resource Name or Location,Technique,USES,T1036.005
TA505,ThreatActor,Msiexec,Technique,USES,T1218.007
Mustang Panda,ThreatActor,IDE Tunneling,Technique,USES,T1219.001
APT5,ThreatActor,PoisonIvy,Malware,USES,
UNC3886,ThreatActor,Malware,Technique,USES,T1587.001
Andariel,ThreatActor,Exploitation for Client Execution,Technique,USES,T1203
FIN6,ThreatActor,GrimAgent,Malware,USES,
CopyKittens,ThreatActor,PowerShell,Technique,USES,T1059.001
Mustang Panda,ThreatActor,Exfiltration to Cloud Storage,Technique,USES,T1567.002
Volt Typhoon,ThreatActor,Data Staged,Technique,USES,T1074
TA2541,ThreatActor,System Information Discovery,Technique,USES,T1082
GALLIUM,ThreatActor,Code Signing,Technique,USES,T1553.002
Confucius,ThreatActor,Exfiltration to Cloud Storage,Technique,USES,T1567.002
Molerats,ThreatActor,Ingress Tool Transfer,Technique,USES,T1105
Storm-1811,ThreatActor,Quick Assist,Malware,USES,
APT41,ThreatActor,Software Packing,Technique,USES,T1027.002
OilRig,ThreatActor,Masquerading,Technique,USES,T1036
Chimera,ThreatActor,Valid Accounts,Technique,USES,T1078
Mustang Panda,ThreatActor,Scheduled Task,Technique,USES,T1053.005
Ke3chang,ThreatActor,Systeminfo,Malware,USES,
APT42,ThreatActor,Indicator Removal,Technique,USES,T1070
Gorgon Group,ThreatActor,Native API,Technique,USES,T1106
APT32,ThreatActor,Credentials in Registry,Technique,USES,T1552.002
FIN7,ThreatActor,Match Legitimate Resource Name or Location,Technique,USES,T1036.005
HAFNIUM,ThreatActor,Botnet,Technique,USES,T1584.005
POLONIUM,ThreatActor,Exfiltration to Cloud Storage,Technique,USES,T1567.002
APT39,ThreatActor,Network Share Discovery,Technique,USES,T1135
Thrip,ThreatActor,PsExec,Malware,USES,
OilRig,ThreatActor,Remote Access Tools,Technique,USES,T1219
Tropic Trooper,ThreatActor,Encrypted Channel,Technique,USES,T1573
APT28,ThreatActor,File and Directory Discovery,Technique,USES,T1083
Volt Typhoon,ThreatActor,Wevtutil,Malware,USES,
Threat Group-3390,ThreatActor,Spearphishing Attachment,Technique,USES,T1566.001
Threat Group-3390,ThreatActor,Systeminfo,Malware,USES,
Sandworm Team,ThreatActor,Mimikatz,Malware,USES,
Magic Hound,ThreatActor,Data Encrypted for Impact,Technique,USES,T1486
Cobalt Group,ThreatActor,Security Software Discovery,Technique,USES,T1518.001
FIN13,ThreatActor,System Information Discovery,Technique,USES,T1082
FIN6,ThreatActor,JavaScript,Technique,USES,T1059.007
OilRig,ThreatActor,OopsIE,Malware,USES,
Dark Caracal,ThreatActor,FinFisher,Malware,USES,
Transparent Tribe,ThreatActor,Visual Basic,Technique,USES,T1059.005
Gorgon Group,ThreatActor,Registry Run Keys / Startup Folder,Technique,USES,T1547.001
Mustang Panda,ThreatActor,Domain Account,Technique,USES,T1087.002
Sandworm Team,ThreatActor,Exploit Public-Facing Application,Technique,USES,T1190
MuddyWater,ThreatActor,POWERSTATS,Malware,USES,
Cinnamon Tempest,ThreatActor,Group Policy Modification,Technique,USES,T1484.001
Gamaredon Group,ThreatActor,QuietSieve,Malware,USES,
APT29,ThreatActor,EnvyScout,Malware,USES,
Turla,ThreatActor,Exploitation for Privilege Escalation,Technique,USES,T1068
admin@338,ThreatActor,Systeminfo,Malware,USES,
Play,ThreatActor,File Deletion,Technique,USES,T1070.004
Saint Bear,ThreatActor,Code Signing,Technique,USES,T1553.002
MuddyWater,ThreatActor,Component Object Model,Technique,USES,T1559.001
FIN8,ThreatActor,Remote Desktop Protocol,Technique,USES,T1021.001
Leviathan,ThreatActor,LSASS Memory,Technique,USES,T1003.001
Play,ThreatActor,Windows Command Shell,Technique,USES,T1059.003
Rocke,ThreatActor,Unix Shell,Technique,USES,T1059.004
MuddyWater,ThreatActor,Non-Standard Port,Technique,USES,T1571
Magic Hound,ThreatActor,Internet Connection Discovery,Technique,USES,T1016.001
Kimsuky,ThreatActor,Internal Spearphishing,Technique,USES,T1534
Dark Caracal,ThreatActor,Software Packing,Technique,USES,T1027.002
Magic Hound,ThreatActor,Email Accounts,Technique,USES,T1586.002
APT41,ThreatActor,Code Signing,Technique,USES,T1553.002
BRONZE BUTLER,ThreatActor,Tool,Technique,USES,T1588.002
APT19,ThreatActor,System Network Configuration Discovery,Technique,USES,T1016
Rocke,ThreatActor,System Information Discovery,Technique,USES,T1082
POLONIUM,ThreatActor,Bidirectional Communication,Technique,USES,T1102.002
BlackByte,ThreatActor,File Deletion,Technique,USES,T1070.004
Sandworm Team,ThreatActor,Domain Accounts,Technique,USES,T1078.002
Saint Bear,ThreatActor,Malicious Link,Technique,USES,T1204.001
APT1,ThreatActor,GLOOXMAIL,Malware,USES,
Axiom,ThreatActor,Botnet,Technique,USES,T1584.005
Lazarus Group,ThreatActor,Embedded Payloads,Technique,USES,T1027.009
Scattered Spider,ThreatActor,Social Media Accounts,Technique,USES,T1585.001
Ke3chang,ThreatActor,netstat,Malware,USES,
Sidewinder,ThreatActor,JavaScript,Technique,USES,T1059.007
VOID MANTICORE,ThreatActor,Remote Email Collection,Technique,USES,T1114.002
Blue Mockingbird,ThreatActor,Windows Service,Technique,USES,T1543.003
APT28,ThreatActor,Exploit Public-Facing Application,Technique,USES,T1190
MirrorFace,ThreatActor,BITSAdmin,Malware,USES,
APT37,ThreatActor,Bidirectional Communication,Technique,USES,T1102.002
Fox Kitten,ThreatActor,Data from Local System,Technique,USES,T1005
Tropic Trooper,ThreatActor,Web Protocols,Technique,USES,T1071.001
Kimsuky,ThreatActor,certutil,Malware,USES,
Sidewinder,ThreatActor,Encrypted/Encoded File,Technique,USES,T1027.013
LuminousMoth,ThreatActor,Link Target,Technique,USES,T1608.005
FIN7,ThreatActor,Hidden Window,Technique,USES,T1564.003
Ember Bear,ThreatActor,Masquerading,Technique,USES,T1036
TeamTNT,ThreatActor,Windows Service,Technique,USES,T1543.003
FIN8,ThreatActor,LSASS Memory,Technique,USES,T1003.001
APT19,ThreatActor,System Owner/User Discovery,Technique,USES,T1033
Silent Librarian,ThreatActor,Search Victim-Owned Websites,Technique,USES,T1594
Turla,ThreatActor,Group Policy Discovery,Technique,USES,T1615
Turla,ThreatActor,System Network Connections Discovery,Technique,USES,T1049
Winnti Group,ThreatActor,PipeMon,Malware,USES,
Magic Hound,ThreatActor,Scheduled Task,Technique,USES,T1053.005
ToddyCat,ThreatActor,Domain Groups,Technique,USES,T1069.002
PLATINUM,ThreatActor,Malicious File,Technique,USES,T1204.002
Moses Staff,ThreatActor,PsExec,Malware,USES,
APT29,ThreatActor,Windows Management Instrumentation Event Subscription,Technique,USES,T1546.003
Agrius,ThreatActor,IPsec Helper,Malware,USES,
CopyKittens,ThreatActor,Proxy,Technique,USES,T1090
Storm-1811,ThreatActor,Remote Desktop Software,Technique,USES,T1219.002
Leviathan,ThreatActor,Social Media Accounts,Technique,USES,T1586.001
Mustang Panda,ThreatActor,ShadowPad,Malware,USES,
Thrip,ThreatActor,PowerShell,Technique,USES,T1059.001
FIN10,ThreatActor,Lateral Tool Transfer,Technique,USES,T1570
Contagious Interview,ThreatActor,Code Repositories,Technique,USES,T1593.003
Kimsuky,ThreatActor,Exploit Public-Facing Application,Technique,USES,T1190
Mustang Panda,ThreatActor,Spearphishing Link,Technique,USES,T1598.003
APT33,ThreatActor,Ruler,Malware,USES,
Fox Kitten,ThreatActor,Establish Accounts,Technique,USES,T1585
Velvet Ant,ThreatActor,Windows Management Instrumentation,Technique,USES,T1047
Mustang Panda,ThreatActor,Delay Execution,Technique,USES,T1678
APT3,ThreatActor,PlugX,Malware,USES,
Indrik Spider,ThreatActor,System Service Discovery,Technique,USES,T1007
Sandworm Team,ThreatActor,NTDS,Technique,USES,T1003.003
FIN7,ThreatActor,Spearphishing Link,Technique,USES,T1566.002
Sandworm Team,ThreatActor,Masquerading,Technique,USES,T1036
FIN13,ThreatActor,System Network Configuration Discovery,Technique,USES,T1016
APT29,ThreatActor,Registry Run Keys / Startup Folder,Technique,USES,T1547.001
Andariel,ThreatActor,Data from Local System,Technique,USES,T1005
APT-C-36,ThreatActor,Windows Management Instrumentation,Technique,USES,T1047
Volt Typhoon,ThreatActor,Gather Victim Network Information,Technique,USES,T1590
Turla,ThreatActor,Native API,Technique,USES,T1106
Agrius,ThreatActor,Deobfuscate/Decode Files or Information,Technique,USES,T1140
VOID MANTICORE,ThreatActor,Data Staged,Technique,USES,T1074
Magic Hound,ThreatActor,Software,Technique,USES,T1592.002
Mustang Panda,ThreatActor,Hidden Files and Directories,Technique,USES,T1564.001
Lazarus Group,ThreatActor,MagicRAT,Malware,USES,
Chimera,ThreatActor,Pass the Hash,Technique,USES,T1550.002
MuddyWater,ThreatActor,Rclone,Malware,USES,
PROMETHIUM,ThreatActor,Truvasys,Malware,USES,
menuPass,ThreatActor,Tool,Technique,USES,T1588.002
APT32,ThreatActor,Kerrdown,Malware,USES,
MirrorFace,ThreatActor,Proxy,Technique,USES,T1090
menuPass,ThreatActor,Malicious File,Technique,USES,T1204.002
BlackByte,ThreatActor,Windows Service,Technique,USES,T1543.003
TA505,ThreatActor,Get2,Malware,USES,
Ke3chang,ThreatActor,Deobfuscate/Decode Files or Information,Technique,USES,T1140
OilRig,ThreatActor,Compiled HTML File,Technique,USES,T1218.001
Lazarus Group,ThreatActor,HOPLIGHT,Malware,USES,
RedCurl,ThreatActor,Data from Local System,Technique,USES,T1005
APT5,ThreatActor,Log Enumeration,Technique,USES,T1654
TA551,ThreatActor,Malicious File,Technique,USES,T1204.002
APT41,ThreatActor,Scan Databases,Technique,USES,T1596.005
Storm-0501,ThreatActor,Data from Cloud Storage,Technique,USES,T1530
Threat Group-3390,ThreatActor,Query Registry,Technique,USES,T1012
menuPass,ThreatActor,P8RAT,Malware,USES,
Nomadic Octopus,ThreatActor,Windows Command Shell,Technique,USES,T1059.003
Gamaredon Group,ThreatActor,Spearphishing Attachment,Technique,USES,T1566.001
TA551,ThreatActor,IcedID,Malware,USES,
MuddyWater,ThreatActor,Out1,Malware,USES,
Turla,ThreatActor,ComRAT,Malware,USES,
Poseidon Group,ThreatActor,OS Credential Dumping,Technique,USES,T1003
Ember Bear,ThreatActor,Vulnerability Scanning,Technique,USES,T1595.002
Scattered Spider,ThreatActor,Steal Web Session Cookie,Technique,USES,T1539
Ember Bear,ThreatActor,Virtual Private Server,Technique,USES,T1583.003
TeamTNT,ThreatActor,Upload Malware,Technique,USES,T1608.001
Akira,ThreatActor,Domain Trust Discovery,Technique,USES,T1482
GCMAN,ThreatActor,VNC,Technique,USES,T1021.005
APT41,ThreatActor,Tool,Technique,USES,T1588.002
Gamaredon Group,ThreatActor,System Information Discovery,Technique,USES,T1082
Molerats,ThreatActor,Code Signing,Technique,USES,T1553.002
Turla,ThreatActor,Mail Protocols,Technique,USES,T1071.003
Turla,ThreatActor,netstat,Malware,USES,
APT39,ThreatActor,Service Execution,Technique,USES,T1569.002
APT29,ThreatActor,SoreFang,Malware,USES,
HEXANE,ThreatActor,Malicious File,Technique,USES,T1204.002
Mustang Panda,ThreatActor,Mshta,Technique,USES,T1218.005
TeamTNT,ThreatActor,Windows Command Shell,Technique,USES,T1059.003
BackdoorDiplomacy,ThreatActor,China Chopper,Malware,USES,
Orangeworm,ThreatActor,Kwampirs,Malware,USES,
Ember Bear,ThreatActor,Log Enumeration,Technique,USES,T1654
APT32,ThreatActor,Process Injection,Technique,USES,T1055
Threat Group-3390,ThreatActor,LSA Secrets,Technique,USES,T1003.004
MirrorFace,ThreatActor,Tasklist,Malware,USES,
Turla,ThreatActor,certutil,Malware,USES,
BlackTech,ThreatActor,PsExec,Malware,USES,
APT32,ThreatActor,PubPrn,Technique,USES,T1216.001
LAPSUS$,ThreatActor,Sharepoint,Technique,USES,T1213.002
Storm-0501,ThreatActor,PowerShell,Technique,USES,T1059.001
Ember Bear,ThreatActor,Exploit Public-Facing Application,Technique,USES,T1190
Rocke,ThreatActor,Application Layer Protocol,Technique,USES,T1071
APT41,ThreatActor,Additional Local or Domain Groups,Technique,USES,T1098.007
BackdoorDiplomacy,ThreatActor,Web Shell,Technique,USES,T1505.003
LazyScripter,ThreatActor,Mshta,Technique,USES,T1218.005
DarkVishnya,ThreatActor,Network Service Discovery,Technique,USES,T1046
Axiom,ThreatActor,Drive-by Compromise,Technique,USES,T1189
Silence,ThreatActor,Visual Basic,Technique,USES,T1059.005
APT5,ThreatActor,Disable or Modify Tools,Technique,USES,T1685
Mustard Tempest,ThreatActor,Match Legitimate Resource Name or Location,Technique,USES,T1036.005
FIN7,ThreatActor,Masquerade Task or Service,Technique,USES,T1036.004
Darkhotel,ThreatActor,Keylogging,Technique,USES,T1056.001
Scattered Spider,ThreatActor,Tool,Technique,USES,T1588.002
APT41,ThreatActor,gh0st RAT,Malware,USES,
FIN13,ThreatActor,Internal Proxy,Technique,USES,T1090.001
APT42,ThreatActor,Input Capture,Technique,USES,T1056
APT39,ThreatActor,CrackMapExec,Malware,USES,
Kimsuky,ThreatActor,Amadey,Malware,USES,
GALLIUM,ThreatActor,Exfiltration Over C2 Channel,Technique,USES,T1041
Aquatic Panda,ThreatActor,DLL,Technique,USES,T1574.001
Higaisa,ThreatActor,Exfiltration Over C2 Channel,Technique,USES,T1041
FIN7,ThreatActor,Rundll32,Technique,USES,T1218.011
Molerats,ThreatActor,Compression,Technique,USES,T1027.015
APT1,ThreatActor,Process Discovery,Technique,USES,T1057
Confucius,ThreatActor,Template Injection,Technique,USES,T1221
Daggerfly,ThreatActor,MacMa,Malware,USES,
Storm-0501,ThreatActor,Data Destruction,Technique,USES,T1485
Star Blizzard,ThreatActor,Remote Email Collection,Technique,USES,T1114.002
APT1,ThreatActor,Data from Local System,Technique,USES,T1005
GALLIUM,ThreatActor,Data from Local System,Technique,USES,T1005
APT39,ThreatActor,Encrypted/Encoded File,Technique,USES,T1027.013
TA2541,ThreatActor,Disable or Modify Tools,Technique,USES,T1685
APT3,ThreatActor,Credentials from Web Browsers,Technique,USES,T1555.003
APT29,ThreatActor,Cloud Account,Technique,USES,T1136.003
OilRig,ThreatActor,ngrok,Malware,USES,
Lazarus Group,ThreatActor,TYPEFRAME,Malware,USES,
OilRig,ThreatActor,Network Service Discovery,Technique,USES,T1046
Mustang Panda,ThreatActor,Dynamic API Resolution,Technique,USES,T1027.007
Sandworm Team,ThreatActor,Spearphishing Link,Technique,USES,T1598.003
FIN5,ThreatActor,Command and Scripting Interpreter,Technique,USES,T1059
MoustachedBouncer,ThreatActor,JavaScript,Technique,USES,T1059.007
Leviathan,ThreatActor,BITSAdmin,Malware,USES,
Silence,ThreatActor,Modify Registry,Technique,USES,T1112
APT41,ThreatActor,SMB/Windows Admin Shares,Technique,USES,T1021.002
INC Ransom,ThreatActor,Windows Command Shell,Technique,USES,T1059.003
TA551,ThreatActor,Valak,Malware,USES,
Lazarus Group,ThreatActor,Query Registry,Technique,USES,T1012
Windigo,ThreatActor,Software Discovery,Technique,USES,T1518
OilRig,ThreatActor,Local Account,Technique,USES,T1087.001
Chimera,ThreatActor,Web Protocols,Technique,USES,T1071.001
Lazarus Group,ThreatActor,External Proxy,Technique,USES,T1090.002
Machete,ThreatActor,Windows Command Shell,Technique,USES,T1059.003
Scattered Spider,ThreatActor,Private Keys,Technique,USES,T1552.004
FIN8,ThreatActor,Tool,Technique,USES,T1588.002
menuPass,ThreatActor,External Proxy,Technique,USES,T1090.002
FIN7,ThreatActor,Windows Management Instrumentation,Technique,USES,T1047
DarkVishnya,ThreatActor,Network Share Discovery,Technique,USES,T1135
Mustang Panda,ThreatActor,Email Accounts,Technique,USES,T1585.002
Wizard Spider,ThreatActor,Process Injection,Technique,USES,T1055
Gamaredon Group,ThreatActor,Visual Basic,Technique,USES,T1059.005
FIN13,ThreatActor,Data Manipulation,Technique,USES,T1565
WIRTE,ThreatActor,Windows Command Shell,Technique,USES,T1059.003
APT32,ThreatActor,Spearphishing Attachment,Technique,USES,T1566.001
Gamaredon Group,ThreatActor,Screen Capture,Technique,USES,T1113
FIN8,ThreatActor,Malicious File,Technique,USES,T1204.002
APT38,ThreatActor,Windows Command Shell,Technique,USES,T1059.003
MuddyWater,ThreatActor,Windows Command Shell,Technique,USES,T1059.003
Ember Bear,ThreatActor,External Remote Services,Technique,USES,T1133
APT29,ThreatActor,GeminiDuke,Malware,USES,
Storm-1811,ThreatActor,PowerShell,Technique,USES,T1059.001
Lazarus Group,ThreatActor,Encrypted/Encoded File,Technique,USES,T1027.013
FIN13,ThreatActor,PowerShell,Technique,USES,T1059.001
APT33,ThreatActor,Mimikatz,Malware,USES,
APT39,ThreatActor,pwdump,Malware,USES,
Lazarus Group,ThreatActor,Dtrack,Malware,USES,
Putter Panda,ThreatActor,3PARA RAT,Malware,USES,
APT1,ThreatActor,Pass the Hash,Technique,USES,T1550.002
Wizard Spider,ThreatActor,BloodHound,Malware,USES,
MuddyWater,ThreatActor,Malware,Technique,USES,T1588.001
APT18,ThreatActor,External Remote Services,Technique,USES,T1133
GALLIUM,ThreatActor,DLL,Technique,USES,T1574.001
ZIRCONIUM,ThreatActor,Python,Technique,USES,T1059.006
Storm-1811,ThreatActor,BITSAdmin,Malware,USES,
TA2541,ThreatActor,jRAT,Malware,USES,
Threat Group-3390,ThreatActor,gsecdump,Malware,USES,
FIN8,ThreatActor,Code Signing Certificates,Technique,USES,T1588.003
Ember Bear,ThreatActor,Automated Collection,Technique,USES,T1119
GALLIUM,ThreatActor,PoisonIvy,Malware,USES,
APT42,ThreatActor,Domains,Technique,USES,T1583.001
HEXANE,ThreatActor,Exfiltration to Cloud Storage,Technique,USES,T1567.002
Velvet Ant,ThreatActor,Unix Shell,Technique,USES,T1059.004
Lotus Blossom,ThreatActor,Domain Account,Technique,USES,T1087.002
APT33,ThreatActor,Credentials from Web Browsers,Technique,USES,T1555.003
APT28,ThreatActor,Wi-Fi Networks,Technique,USES,T1669
APT19,ThreatActor,Rundll32,Technique,USES,T1218.011
APT29,ThreatActor,Device Registration,Technique,USES,T1098.005
APT29,ThreatActor,Digital Certificates,Technique,USES,T1587.003
Inception,ThreatActor,Multi-hop Proxy,Technique,USES,T1090.003
APT29,ThreatActor,Data from Local System,Technique,USES,T1005
OilRig,ThreatActor,Tasklist,Malware,USES,
Sandworm Team,ThreatActor,Exaramel for Linux,Malware,USES,
FIN7,ThreatActor,Reflective Code Loading,Technique,USES,T1620
Contagious Interview,ThreatActor,Domains,Technique,USES,T1583.001
TA2541,ThreatActor,Malware,Technique,USES,T1588.001
BRONZE BUTLER,ThreatActor,build_downer,Malware,USES,
OilRig,ThreatActor,Outlook Home Page,Technique,USES,T1137.004
APT32,ThreatActor,Network Share Discovery,Technique,USES,T1135
Leviathan,ThreatActor,Multi-hop Proxy,Technique,USES,T1090.003
MirrorFace,ThreatActor,Clear Windows Event Logs,Technique,USES,T1685.005
APT29,ThreatActor,Ingress Tool Transfer,Technique,USES,T1105
Saint Bear,ThreatActor,Encrypted/Encoded File,Technique,USES,T1027.013
Inception,ThreatActor,Software Discovery,Technique,USES,T1518
APT33,ThreatActor,Group Policy Preferences,Technique,USES,T1552.006
FIN13,ThreatActor,Scheduled Task,Technique,USES,T1053.005
Ember Bear,ThreatActor,Non-Standard Port,Technique,USES,T1571
Nomadic Octopus,ThreatActor,Masquerading,Technique,USES,T1036
APT5,ThreatActor,RAPIDPULSE,Malware,USES,
Ferocious Kitten,ThreatActor,MarkiRAT,Malware,USES,
Darkhotel,ThreatActor,Spearphishing Attachment,Technique,USES,T1566.001
Cleaver,ThreatActor,PsExec,Malware,USES,
Molerats,ThreatActor,DustySky,Malware,USES,
WIRTE,ThreatActor,Malicious Link,Technique,USES,T1204.001
Lazarus Group,ThreatActor,Multi-Stage Channels,Technique,USES,T1104
Chimera,ThreatActor,Native API,Technique,USES,T1106
APT29,ThreatActor,Cloud Administration Command,Technique,USES,T1651
Leafminer,ThreatActor,Credentials from Password Stores,Technique,USES,T1555
Sidewinder,ThreatActor,Automated Exfiltration,Technique,USES,T1020
Mustang Panda,ThreatActor,Remote Desktop Software,Technique,USES,T1219.002
Fox Kitten,ThreatActor,VNC,Technique,USES,T1021.005
ZIRCONIUM,ThreatActor,Registry Run Keys / Startup Folder,Technique,USES,T1547.001
Sandworm Team,ThreatActor,External Remote Services,Technique,USES,T1133
PLATINUM,ThreatActor,Exploitation for Privilege Escalation,Technique,USES,T1068
FIN10,ThreatActor,System Owner/User Discovery,Technique,USES,T1033
Threat Group-3390,ThreatActor,Compression,Technique,USES,T1027.015
Equation,ThreatActor,Environmental Keying,Technique,USES,T1480.001
Volt Typhoon,ThreatActor,Archive via Utility,Technique,USES,T1560.001
Threat Group-3390,ThreatActor,Malicious File,Technique,USES,T1204.002
Kimsuky,ThreatActor,Social Media,Technique,USES,T1593.001
Mustang Panda,ThreatActor,OS Credential Dumping,Technique,USES,T1003
Orangeworm,ThreatActor,netstat,Malware,USES,
MirrorFace,ThreatActor,Remote Desktop Protocol,Technique,USES,T1021.001
MuddyWater,ThreatActor,CMSTP,Technique,USES,T1218.003
Gamaredon Group,ThreatActor,Security Software Discovery,Technique,USES,T1518.001
menuPass,ThreatActor,RedLeaves,Malware,USES,
TA505,ThreatActor,Modify Registry,Technique,USES,T1112
Ember Bear,ThreatActor,File Deletion,Technique,USES,T1070.004
Rocke,ThreatActor,Ingress Tool Transfer,Technique,USES,T1105
Volt Typhoon,ThreatActor,System Time Discovery,Technique,USES,T1124
Volt Typhoon,ThreatActor,Domain Groups,Technique,USES,T1069.002
LuminousMoth,ThreatActor,Malware,Technique,USES,T1587.001
LAPSUS$,ThreatActor,Virtual Private Server,Technique,USES,T1583.003
MirrorFace,ThreatActor,Malware,Technique,USES,T1587.001
Dragonfly,ThreatActor,Password Cracking,Technique,USES,T1110.002
APT41,ThreatActor,Boot or Logon Initialization Scripts,Technique,USES,T1037
TeamTNT,ThreatActor,Deploy Container,Technique,USES,T1610
TA505,ThreatActor,Tool,Technique,USES,T1588.002
MuddyWater,ThreatActor,Match Legitimate Resource Name or Location,Technique,USES,T1036.005
APT39,ThreatActor,Tool,Technique,USES,T1588.002
Sandworm Team,ThreatActor,Malware,Technique,USES,T1587.001
ToddyCat,ThreatActor,Scheduled Task,Technique,USES,T1053.005
Gorgon Group,ThreatActor,PowerShell,Technique,USES,T1059.001
Volt Typhoon,ThreatActor,System Network Configuration Discovery,Technique,USES,T1016
APT37,ThreatActor,System Information Discovery,Technique,USES,T1082
FIN5,ThreatActor,Remote System Discovery,Technique,USES,T1018
BITTER,ThreatActor,Spearphishing Attachment,Technique,USES,T1566.001
APT-C-36,ThreatActor,Imminent Monitor,Malware,USES,
FIN7,ThreatActor,Visual Basic,Technique,USES,T1059.005
LAPSUS$,ThreatActor,Identify Roles,Technique,USES,T1591.004
TA2541,ThreatActor,WarzoneRAT,Malware,USES,
APT-C-36,ThreatActor,JavaScript,Technique,USES,T1059.007
Blue Mockingbird,ThreatActor,Scheduled Task,Technique,USES,T1053.005
APT41,ThreatActor,netstat,Malware,USES,
APT33,ThreatActor,Encrypted/Encoded File,Technique,USES,T1027.013
APT38,ThreatActor,Deobfuscate/Decode Files or Information,Technique,USES,T1140
BackdoorDiplomacy,ThreatActor,Exploit Public-Facing Application,Technique,USES,T1190
Aoqin Dragon,ThreatActor,Software Packing,Technique,USES,T1027.002
FIN7,ThreatActor,JSS Loader,Malware,USES,
Medusa Group,ThreatActor,Social Media Accounts,Technique,USES,T1585.001
PittyTiger,ThreatActor,gh0st RAT,Malware,USES,
HAFNIUM,ThreatActor,Windows Command Shell,Technique,USES,T1059.003
Molerats,ThreatActor,Scheduled Task,Technique,USES,T1053.005
Patchwork,ThreatActor,Registry Run Keys / Startup Folder,Technique,USES,T1547.001
GALLIUM,ThreatActor,Tool,Technique,USES,T1588.002
Play,ThreatActor,PowerShell,Technique,USES,T1059.001
Lazarus Group,ThreatActor,Network Service Discovery,Technique,USES,T1046
OilRig,ThreatActor,Net,Malware,USES,
Lotus Blossom,ThreatActor,Ping,Malware,USES,
Evilnum,ThreatActor,Steal Web Session Cookie,Technique,USES,T1539
Sandworm Team,ThreatActor,Software Deployment Tools,Technique,USES,T1072
Mustard Tempest,ThreatActor,Spearphishing Link,Technique,USES,T1566.002
Lazarus Group,ThreatActor,Data from Local System,Technique,USES,T1005
BlackByte,ThreatActor,Remote Desktop Protocol,Technique,USES,T1021.001
Akira,ThreatActor,Mimikatz,Malware,USES,
APT32,ThreatActor,System Owner/User Discovery,Technique,USES,T1033
Patchwork,ThreatActor,Local Data Staging,Technique,USES,T1074.001
Mustang Panda,ThreatActor,TONESHELL,Malware,USES,
Sidewinder,ThreatActor,Ingress Tool Transfer,Technique,USES,T1105
VOID MANTICORE,ThreatActor,Domain Accounts,Technique,USES,T1078.002
GALLIUM,ThreatActor,Windows Management Instrumentation,Technique,USES,T1047
Higaisa,ThreatActor,PlugX,Malware,USES,
Volt Typhoon,ThreatActor,Remote System Discovery,Technique,USES,T1018
TeamTNT,ThreatActor,Container and Resource Discovery,Technique,USES,T1613
Moonstone Sleet,ThreatActor,Gather Victim Org Information,Technique,USES,T1591
APT32,ThreatActor,Non-Standard Port,Technique,USES,T1571
MuddyWater,ThreatActor,Domain Account,Technique,USES,T1087.002
HEXANE,ThreatActor,Shark,Malware,USES,
Ember Bear,ThreatActor,Lateral Tool Transfer,Technique,USES,T1570
Cleaver,ThreatActor,Tool,Technique,USES,T1588.002
Silent Librarian,ThreatActor,Email Collection,Technique,USES,T1114
Scattered Spider,ThreatActor,Gather Victim Identity Information,Technique,USES,T1589
Turla,ThreatActor,Empire,Malware,USES,
OilRig,ThreatActor,Domain Groups,Technique,USES,T1069.002
Volt Typhoon,ThreatActor,Windows Management Instrumentation,Technique,USES,T1047
Higaisa,ThreatActor,DLL,Technique,USES,T1574.001
Sandworm Team,ThreatActor,Botnet,Technique,USES,T1584.005
APT1,ThreatActor,Domains,Technique,USES,T1583.001
Inception,ThreatActor,File and Directory Discovery,Technique,USES,T1083
Sandworm Team,ThreatActor,Exaramel for Windows,Malware,USES,
APT41,ThreatActor,Local Account,Technique,USES,T1136.001
Stealth Falcon,ThreatActor,Credentials from Web Browsers,Technique,USES,T1555.003
APT29,ThreatActor,Spearphishing Attachment,Technique,USES,T1566.001
Higaisa,ThreatActor,System Time Discovery,Technique,USES,T1124
Lazarus Group,ThreatActor,Service Stop,Technique,USES,T1489
Threat Group-3390,ThreatActor,PlugX,Malware,USES,
HAFNIUM,ThreatActor,ASPXSpy,Malware,USES,
APT29,ThreatActor,reGeorg,Malware,USES,
Mustang Panda,ThreatActor,DCSync,Technique,USES,T1003.006
Sandworm Team,ThreatActor,Spearphishing Link,Technique,USES,T1566.002
APT29,ThreatActor,BloodHound,Malware,USES,
BlackByte,ThreatActor,Disable or Modify Tools,Technique,USES,T1685
Lazarus Group,ThreatActor,System Network Configuration Discovery,Technique,USES,T1016
Volt Typhoon,ThreatActor,External Remote Services,Technique,USES,T1133
Aquatic Panda,ThreatActor,Winnti for Windows,Malware,USES,
Molerats,ThreatActor,DropBook,Malware,USES,
FIN6,ThreatActor,Web Service,Technique,USES,T1102
Leviathan,ThreatActor,Binary Padding,Technique,USES,T1027.001
APT38,ThreatActor,HOPLIGHT,Malware,USES,
Lazarus Group,ThreatActor,Digital Certificates,Technique,USES,T1588.004
APT17,ThreatActor,Web Services,Technique,USES,T1583.006
MoustachedBouncer,ThreatActor,Software Packing,Technique,USES,T1027.002
Equation,ThreatActor,Component Firmware,Technique,USES,T1542.002
APT3,ThreatActor,Windows Command Shell,Technique,USES,T1059.003
BackdoorDiplomacy,ThreatActor,Tool,Technique,USES,T1588.002
APT28,ThreatActor,Data from Network Shared Drive,Technique,USES,T1039
Tonto Team,ThreatActor,Mimikatz,Malware,USES,
Ke3chang,ThreatActor,Golden Ticket,Technique,USES,T1558.001
APT42,ThreatActor,Standard Encoding,Technique,USES,T1132.001
Agrius,ThreatActor,Web Shell,Technique,USES,T1505.003
RedCurl,ThreatActor,Automated Collection,Technique,USES,T1119
Mustang Panda,ThreatActor,InstallUtil,Technique,USES,T1218.004
FIN13,ThreatActor,Local Account,Technique,USES,T1136.001
LazyScripter,ThreatActor,Upload Malware,Technique,USES,T1608.001
Inception,ThreatActor,Spearphishing Attachment,Technique,USES,T1566.001
WIRTE,ThreatActor,Match Legitimate Resource Name or Location,Technique,USES,T1036.005
Leafminer,ThreatActor,Network Service Discovery,Technique,USES,T1046
MirrorFace,ThreatActor,File Deletion,Technique,USES,T1070.004
Mustang Panda,ThreatActor,Email Accounts,Technique,USES,T1586.002
FIN7,ThreatActor,Remote Access Tools,Technique,USES,T1219
Tropic Trooper,ThreatActor,Hidden Files and Directories,Technique,USES,T1564.001
EXOTIC LILY,ThreatActor,Social Media Accounts,Technique,USES,T1585.001
FIN13,ThreatActor,Security Account Manager,Technique,USES,T1003.002
Earth Lusca,ThreatActor,PowerSploit,Malware,USES,
BRONZE BUTLER,ThreatActor,cmd,Malware,USES,
HEXANE,ThreatActor,Social Media Accounts,Technique,USES,T1585.001
FIN7,ThreatActor,Hidden Files and Directories,Technique,USES,T1564.001
GOLD SOUTHFIELD,ThreatActor,Exploit Public-Facing Application,Technique,USES,T1190
Sandworm Team,ThreatActor,Remote System Discovery,Technique,USES,T1018
Ke3chang,ThreatActor,SMB/Windows Admin Shares,Technique,USES,T1021.002
Patchwork,ThreatActor,Match Legitimate Resource Name or Location,Technique,USES,T1036.005
APT39,ThreatActor,Remote Desktop Protocol,Technique,USES,T1021.001
APT42,ThreatActor,Data from Cloud Storage,Technique,USES,T1530
Chimera,ThreatActor,Domain Controller Authentication,Technique,USES,T1556.001
Volt Typhoon,ThreatActor,Deobfuscate/Decode Files or Information,Technique,USES,T1140
Gamaredon Group,ThreatActor,Data from Local System,Technique,USES,T1005
Kimsuky,ThreatActor,Dynamic API Resolution,Technique,USES,T1027.007
OilRig,ThreatActor,certutil,Malware,USES,
FIN5,ThreatActor,Windows Credential Editor,Malware,USES,
BlackByte,ThreatActor,System Language Discovery,Technique,USES,T1614.001
GALLIUM,ThreatActor,Domain Account,Technique,USES,T1136.002
Wizard Spider,ThreatActor,Remote Services,Technique,USES,T1021
Contagious Interview,ThreatActor,Spearphishing via Service,Technique,USES,T1566.003
Medusa Group,ThreatActor,Exfiltration to Cloud Storage,Technique,USES,T1567.002
Contagious Interview,ThreatActor,Unix Shell Configuration Modification,Technique,USES,T1546.004
MuddyWater,ThreatActor,JavaScript,Technique,USES,T1059.007
Transparent Tribe,ThreatActor,Spearphishing Link,Technique,USES,T1566.002
Agrius,ThreatActor,Data from Local System,Technique,USES,T1005
Naikon,ThreatActor,netsh,Malware,USES,
APT32,ThreatActor,System Information Discovery,Technique,USES,T1082
Mustang Panda,ThreatActor,Cobalt Strike,Malware,USES,
APT39,ThreatActor,System Owner/User Discovery,Technique,USES,T1033
LAPSUS$,ThreatActor,Proxy,Technique,USES,T1090
Wizard Spider,ThreatActor,Ping,Malware,USES,
Magic Hound,ThreatActor,Remote Desktop Protocol,Technique,USES,T1021.001
APT1,ThreatActor,Archive via Utility,Technique,USES,T1560.001
Turla,ThreatActor,Mosquito,Malware,USES,
Ember Bear,ThreatActor,Non-Application Layer Protocol,Technique,USES,T1095
Malteiro,ThreatActor,Dynamic-link Library Injection,Technique,USES,T1055.001
Wizard Spider,ThreatActor,Remote Desktop Protocol,Technique,USES,T1021.001
Wizard Spider,ThreatActor,Pass the Hash,Technique,USES,T1550.002
APT5,ThreatActor,Botnet,Technique,USES,T1583.005
MirrorFace,ThreatActor,Security Account Manager,Technique,USES,T1003.002
menuPass,ThreatActor,Valid Accounts,Technique,USES,T1078
Sea Turtle,ThreatActor,Local Email Collection,Technique,USES,T1114.001
MirrorFace,ThreatActor,File and Directory Discovery,Technique,USES,T1083
Medusa Group,ThreatActor,certutil,Malware,USES,
BITTER,ThreatActor,Malicious File,Technique,USES,T1204.002
Sea Turtle,ThreatActor,DNS Server,Technique,USES,T1583.002
APT1,ThreatActor,Lslsass,Malware,USES,
Silent Librarian,ThreatActor,Spearphishing Link,Technique,USES,T1598.003
Star Blizzard,ThreatActor,Web Session Cookie,Technique,USES,T1550.004
Mustang Panda,ThreatActor,Archive via Utility,Technique,USES,T1560.001
Leviathan,ThreatActor,HOMEFRY,Malware,USES,
APT29,ThreatActor,Cloud Accounts,Technique,USES,T1078.004
Sea Turtle,ThreatActor,Install Digital Certificate,Technique,USES,T1608.003
Kimsuky,ThreatActor,Encrypted/Encoded File,Technique,USES,T1027.013
Deep Panda,ThreatActor,Web Shell,Technique,USES,T1505.003
APT5,ThreatActor,PcShare,Malware,USES,
Earth Lusca,ThreatActor,JavaScript,Technique,USES,T1059.007
Scattered Spider,ThreatActor,Cloud Service Dashboard,Technique,USES,T1538
OilRig,ThreatActor,ZeroCleare,Malware,USES,
Indrik Spider,ThreatActor,Acquire Infrastructure,Technique,USES,T1583
APT-C-36,ThreatActor,Impersonation,Technique,USES,T1684.001
Water Galura,ThreatActor,Social Media Accounts,Technique,USES,T1585.001
APT32,ThreatActor,Domains,Technique,USES,T1583.001
FIN8,ThreatActor,Exploitation for Privilege Escalation,Technique,USES,T1068
APT38,ThreatActor,Visual Basic,Technique,USES,T1059.005
UNC3886,ThreatActor,Exploitation for Credential Access,Technique,USES,T1212
Naikon,ThreatActor,WinMM,Malware,USES,
GALLIUM,ThreatActor,Server,Technique,USES,T1583.004
OilRig,ThreatActor,Screen Capture,Technique,USES,T1113
Storm-1811,ThreatActor,Windows Command Shell,Technique,USES,T1059.003
Magic Hound,ThreatActor,Email Account,Technique,USES,T1087.003
APT19,ThreatActor,Modify Registry,Technique,USES,T1112
Sandworm Team,ThreatActor,GreyEnergy,Malware,USES,
Thrip,ThreatActor,Exfiltration Over Unencrypted Non-C2 Protocol,Technique,USES,T1048.003
APT32,ThreatActor,Query Registry,Technique,USES,T1012
Dragonfly,ThreatActor,Drive-by Target,Technique,USES,T1608.004
FIN6,ThreatActor,Data from Local System,Technique,USES,T1005
OilRig,ThreatActor,Data from Removable Media,Technique,USES,T1025
INC Ransom,ThreatActor,Transfer Data to Cloud Account,Technique,USES,T1537
WIRTE,ThreatActor,Empire,Malware,USES,
menuPass,ThreatActor,SodaMaster,Malware,USES,
Silence,ThreatActor,Winexe,Malware,USES,
HAFNIUM,ThreatActor,Process Discovery,Technique,USES,T1057
HAFNIUM,ThreatActor,LSASS Memory,Technique,USES,T1003.001
APT32,ThreatActor,Command Obfuscation,Technique,USES,T1027.010
LuminousMoth,ThreatActor,Web Protocols,Technique,USES,T1071.001
Cinnamon Tempest,ThreatActor,Exfiltration to Cloud Storage,Technique,USES,T1567.002
Rocke,ThreatActor,Compute Hijacking,Technique,USES,T1496.001
Chimera,ThreatActor,DNS,Technique,USES,T1071.004
APT32,ThreatActor,Windows Command Shell,Technique,USES,T1059.003
APT32,ThreatActor,Exfiltration Over Unencrypted Non-C2 Protocol,Technique,USES,T1048.003
Gamaredon Group,ThreatActor,Data from Network Shared Drive,Technique,USES,T1039
Ferocious Kitten,ThreatActor,Malicious File,Technique,USES,T1204.002
Machete,ThreatActor,Visual Basic,Technique,USES,T1059.005
APT37,ThreatActor,Malicious File,Technique,USES,T1204.002
Rocke,ThreatActor,Compile After Delivery,Technique,USES,T1027.004
Aoqin Dragon,ThreatActor,Mongall,Malware,USES,
APT1,ThreatActor,PoisonIvy,Malware,USES,
DarkVishnya,ThreatActor,PsExec,Malware,USES,
UNC3886,ThreatActor,ESXi Administration Command,Technique,USES,T1675
Kimsuky,ThreatActor,Establish Accounts,Technique,USES,T1585
VOID MANTICORE,ThreatActor,Compression,Technique,USES,T1027.015
Putter Panda,ThreatActor,4H RAT,Malware,USES,
Scattered Spider,ThreatActor,WarzoneRAT,Malware,USES,
Aquatic Panda,ThreatActor,Remote Desktop Protocol,Technique,USES,T1021.001
Evilnum,ThreatActor,Spearphishing Link,Technique,USES,T1566.002
APT19,ThreatActor,Drive-by Compromise,Technique,USES,T1189
MuddyWater,ThreatActor,Web Services,Technique,USES,T1583.006
Aquatic Panda,ThreatActor,Data from Local System,Technique,USES,T1005
Scattered Spider,ThreatActor,Data Encrypted for Impact,Technique,USES,T1486
RedCurl,ThreatActor,File and Directory Discovery,Technique,USES,T1083
APT39,ThreatActor,Mimikatz,Malware,USES,
Rocke,ThreatActor,Dynamic Linker Hijacking,Technique,USES,T1574.006
Chimera,ThreatActor,Domain Trust Discovery,Technique,USES,T1482
Storm-0501,ThreatActor,Scheduled Task,Technique,USES,T1053.005
Velvet Ant,ThreatActor,Non-Standard Port,Technique,USES,T1571
Blue Mockingbird,ThreatActor,Mimikatz,Malware,USES,
Magic Hound,ThreatActor,Ingress Tool Transfer,Technique,USES,T1105
Ke3chang,ThreatActor,spwebmember,Malware,USES,
FIN13,ThreatActor,NTDS,Technique,USES,T1003.003
APT3,ThreatActor,System Network Configuration Discovery,Technique,USES,T1016
Cobalt Group,ThreatActor,Mimikatz,Malware,USES,
APT41,ThreatActor,Bootkit,Technique,USES,T1542.003
Rocke,ThreatActor,Hidden Files and Directories,Technique,USES,T1564.001
APT41,ThreatActor,Clear Windows Event Logs,Technique,USES,T1685.005
Tonto Team,ThreatActor,Local Groups,Technique,USES,T1069.001
FIN7,ThreatActor,PowerShell,Technique,USES,T1059.001
Velvet Ant,ThreatActor,External Remote Services,Technique,USES,T1133
Darkhotel,ThreatActor,Process Discovery,Technique,USES,T1057
HEXANE,ThreatActor,Internet Connection Discovery,Technique,USES,T1016.001
Agrius,ThreatActor,Acquire Infrastructure,Technique,USES,T1583
Kimsuky,ThreatActor,Employee Names,Technique,USES,T1589.003
Volt Typhoon,ThreatActor,Lateral Tool Transfer,Technique,USES,T1570
Threat Group-1314,ThreatActor,Net,Malware,USES,
APT41,ThreatActor,PowerSploit,Malware,USES,
APT29,ThreatActor,GoldMax,Malware,USES,
Moses Staff,ThreatActor,Windows Host Firewall,Technique,USES,T1686.003
CURIUM,ThreatActor,Web Services,Technique,USES,T1584.006
APT-C-36,ThreatActor,DCRAT,Malware,USES,
Velvet Ant,ThreatActor,Lateral Tool Transfer,Technique,USES,T1570
APT28,ThreatActor,Screen Capture,Technique,USES,T1113
Play,ThreatActor,Archive via Utility,Technique,USES,T1560.001
Salt Typhoon,ThreatActor,Malware,Technique,USES,T1587.001
Contagious Interview,ThreatActor,Written Content,Technique,USES,T1683.001
APT37,ThreatActor,Invalid Code Signature,Technique,USES,T1036.001
OilRig,ThreatActor,System Service Discovery,Technique,USES,T1007
Agrius,ThreatActor,Moneybird,Malware,USES,
WIRTE,ThreatActor,Local Data Staging,Technique,USES,T1074.001
VOID MANTICORE,ThreatActor,Impersonation,Technique,USES,T1684.001
The White Company,ThreatActor,Exploitation for Client Execution,Technique,USES,T1203
INC Ransom,ThreatActor,Domain Account,Technique,USES,T1087.002
OilRig,ThreatActor,Reg,Malware,USES,
Earth Lusca,ThreatActor,Exploitation of Remote Services,Technique,USES,T1210
Mustang Panda,ThreatActor,Indicator Removal,Technique,USES,T1070
INC Ransom,ThreatActor,PsExec,Malware,USES,
Gamaredon Group,ThreatActor,Upload Malware,Technique,USES,T1608.001
Molerats,ThreatActor,Deobfuscate/Decode Files or Information,Technique,USES,T1140
Evilnum,ThreatActor,Bypass User Account Control,Technique,USES,T1548.002
Scattered Spider,ThreatActor,Rclone,Malware,USES,
Cleaver,ThreatActor,TinyZBot,Malware,USES,
LazyScripter,ThreatActor,Malicious File,Technique,USES,T1204.002
APT19,ThreatActor,Windows Service,Technique,USES,T1543.003
Higaisa,ThreatActor,Internal Proxy,Technique,USES,T1090.001
Rocke,ThreatActor,Cron,Technique,USES,T1053.003
Kimsuky,ThreatActor,Rundll32,Technique,USES,T1218.011
PROMETHIUM,ThreatActor,Malicious File,Technique,USES,T1204.002
FIN7,ThreatActor,HALFBAKED,Malware,USES,
TA505,ThreatActor,Malicious File,Technique,USES,T1204.002
Sea Turtle,ThreatActor,Prevent Command History Logging,Technique,USES,T1690
Volt Typhoon,ThreatActor,VersaMem,Malware,USES,
UNC3886,ThreatActor,Rundll32,Technique,USES,T1218.011
Medusa Group,ThreatActor,Clear Command History,Technique,USES,T1070.003
Ke3chang,ThreatActor,Exfiltration Over C2 Channel,Technique,USES,T1041
APT41,ThreatActor,Local Account,Technique,USES,T1087.001
Chimera,ThreatActor,Archive via Utility,Technique,USES,T1560.001
Medusa Group,ThreatActor,Acquire Access,Technique,USES,T1650
APT29,ThreatActor,Scheduled Task,Technique,USES,T1053.005
MuddyWater,ThreatActor,Visual Basic,Technique,USES,T1059.005
APT28,ThreatActor,Net,Malware,USES,
Threat Group-3390,ThreatActor,ASPXSpy,Malware,USES,
Play,ThreatActor,Remote System Discovery,Technique,USES,T1018
Turla,ThreatActor,SMB/Windows Admin Shares,Technique,USES,T1021.002
APT1,ThreatActor,WEBC2,Malware,USES,
APT19,ThreatActor,Web Protocols,Technique,USES,T1071.001
Elderwood,ThreatActor,Hydraq,Malware,USES,
APT37,ThreatActor,Bypass User Account Control,Technique,USES,T1548.002
menuPass,ThreatActor,pwdump,Malware,USES,
APT41,ThreatActor,Web Protocols,Technique,USES,T1071.001
MuddyWater,ThreatActor,System Network Configuration Discovery,Technique,USES,T1016
PROMETHIUM,ThreatActor,Code Signing Certificates,Technique,USES,T1587.002
BlackByte,ThreatActor,Archive Collected Data,Technique,USES,T1560
BlackOasis,ThreatActor,Obfuscated Files or Information,Technique,USES,T1027
EXOTIC LILY,ThreatActor,Spearphishing Attachment,Technique,USES,T1566.001
RedCurl,ThreatActor,Windows Command Shell,Technique,USES,T1059.003
APT37,ThreatActor,System Owner/User Discovery,Technique,USES,T1033
Threat Group-3390,ThreatActor,Cobalt Strike,Malware,USES,
Darkhotel,ThreatActor,Deobfuscate/Decode Files or Information,Technique,USES,T1140
Inception,ThreatActor,System Information Discovery,Technique,USES,T1082
FIN6,ThreatActor,Registry Run Keys / Startup Folder,Technique,USES,T1547.001
HEXANE,ThreatActor,DnsSystem,Malware,USES,
Naikon,ThreatActor,Systeminfo,Malware,USES,
UNC3886,ThreatActor,Local Data Staging,Technique,USES,T1074.001
BlackByte,ThreatActor,Windows Command Shell,Technique,USES,T1059.003
Play,ThreatActor,Process Discovery,Technique,USES,T1057
Kimsuky,ThreatActor,Hidden Users,Technique,USES,T1564.002
APT28,ThreatActor,Password Guessing,Technique,USES,T1110.001
Ajax Security Team,ThreatActor,Spearphishing Attachment,Technique,USES,T1566.001
APT-C-36,ThreatActor,Malware,Technique,USES,T1588.001
Wizard Spider,ThreatActor,Bazar,Malware,USES,
BITTER,ThreatActor,Encrypted/Encoded File,Technique,USES,T1027.013
APT39,ThreatActor,Software Packing,Technique,USES,T1027.002
TA2541,ThreatActor,Mshta,Technique,USES,T1218.005
RedCurl,ThreatActor,PowerShell,Technique,USES,T1059.001
Cobalt Group,ThreatActor,Dynamic Data Exchange,Technique,USES,T1559.002
Lazarus Group,ThreatActor,Symmetric Cryptography,Technique,USES,T1573.001
FIN7,ThreatActor,Protocol Tunneling,Technique,USES,T1572
Kimsuky,ThreatActor,Browser Extensions,Technique,USES,T1176.001
OilRig,ThreatActor,Password Filter DLL,Technique,USES,T1556.002
Blue Mockingbird,ThreatActor,Proxy,Technique,USES,T1090
APT1,ThreatActor,Automated Collection,Technique,USES,T1119
VOID MANTICORE,ThreatActor,Match Legitimate Resource Name or Location,Technique,USES,T1036.005
APT39,ThreatActor,Exfiltration Over C2 Channel,Technique,USES,T1041
BRONZE BUTLER,ThreatActor,Bypass User Account Control,Technique,USES,T1548.002
Mustang Panda,ThreatActor,Web Protocols,Technique,USES,T1071.001
APT29,ThreatActor,Internet Connection Discovery,Technique,USES,T1016.001
Ember Bear,ThreatActor,Video Capture,Technique,USES,T1125
Gamaredon Group,ThreatActor,Compression,Technique,USES,T1027.015
menuPass,ThreatActor,System Network Configuration Discovery,Technique,USES,T1016
Kimsuky,ThreatActor,File Deletion,Technique,USES,T1070.004
Threat Group-3390,ThreatActor,Mimikatz,Malware,USES,
Ke3chang,ThreatActor,Mimikatz,Malware,USES,
Wizard Spider,ThreatActor,LaZagne,Malware,USES,
Moses Staff,ThreatActor,DCSrv,Malware,USES,
Transparent Tribe,ThreatActor,Match Legitimate Resource Name or Location,Technique,USES,T1036.005
APT41,ThreatActor,ZxShell,Malware,USES,
Sandworm Team,ThreatActor,PsExec,Malware,USES,
Velvet Ant,ThreatActor,Network Sniffing,Technique,USES,T1040
Tonto Team,ThreatActor,Bisonal,Malware,USES,
Cinnamon Tempest,ThreatActor,PlugX,Malware,USES,
Stealth Falcon,ThreatActor,Credentials from Password Stores,Technique,USES,T1555
Velvet Ant,ThreatActor,File and Directory Discovery,Technique,USES,T1083
Dragonfly,ThreatActor,Query Registry,Technique,USES,T1012
Deep Panda,ThreatActor,Indicator Removal from Tools,Technique,USES,T1027.005
Indrik Spider,ThreatActor,Disable or Modify Tools,Technique,USES,T1685
APT3,ThreatActor,System Network Connections Discovery,Technique,USES,T1049
Velvet Ant,ThreatActor,Disable or Modify System Firewall,Technique,USES,T1686
admin@338,ThreatActor,Match Legitimate Resource Name or Location,Technique,USES,T1036.005
IndigoZebra,ThreatActor,Domains,Technique,USES,T1583.001
Fox Kitten,ThreatActor,Credentials In Files,Technique,USES,T1552.001
Stealth Falcon,ThreatActor,Process Discovery,Technique,USES,T1057
FIN10,ThreatActor,Windows Command Shell,Technique,USES,T1059.003
Medusa Group,ThreatActor,Web Protocols,Technique,USES,T1071.001
MoustachedBouncer,ThreatActor,Screen Capture,Technique,USES,T1113
APT5,ThreatActor,Local Data Staging,Technique,USES,T1074.001
Sea Turtle,ThreatActor,DNS Server,Technique,USES,T1584.002
GALLIUM,ThreatActor,at,Malware,USES,
LazyScripter,ThreatActor,Web Service,Technique,USES,T1102
SideCopy,ThreatActor,System Network Configuration Discovery,Technique,USES,T1016
Wizard Spider,ThreatActor,Windows Permissions,Technique,USES,T1222.001
APT39,ThreatActor,Malicious File,Technique,USES,T1204.002
Sandworm Team,ThreatActor,Employee Names,Technique,USES,T1589.003
TeamTNT,ThreatActor,Exfiltration Over Alternative Protocol,Technique,USES,T1048
APT29,ThreatActor,Malware,Technique,USES,T1587.001
Contagious Interview,ThreatActor,Disable or Modify Tools,Technique,USES,T1685
Star Blizzard,ThreatActor,Malicious File,Technique,USES,T1204.002
UNC3886,ThreatActor,Clear Network Connection History and Configurations,Technique,USES,T1070.007
Lotus Blossom,ThreatActor,Local Data Staging,Technique,USES,T1074.001
APT1,ThreatActor,Remote Email Collection,Technique,USES,T1114.002
PLATINUM,ThreatActor,Credential API Hooking,Technique,USES,T1056.004
APT39,ThreatActor,Windows Credential Editor,Malware,USES,
Storm-0501,ThreatActor,Cloud Account,Technique,USES,T1087.004
Andariel,ThreatActor,IP Addresses,Technique,USES,T1590.005
Medusa Group,ThreatActor,Disable or Modify System Firewall,Technique,USES,T1686
Lazarus Group,ThreatActor,System Information Discovery,Technique,USES,T1082
APT32,ThreatActor,Cobalt Strike,Malware,USES,
APT32,ThreatActor,DLL,Technique,USES,T1574.001
EXOTIC LILY,ThreatActor,Exploitation for Client Execution,Technique,USES,T1203
Leviathan,ThreatActor,Domains,Technique,USES,T1583.001
Wizard Spider,ThreatActor,Lateral Tool Transfer,Technique,USES,T1570
Turla,ThreatActor,Registry Run Keys / Startup Folder,Technique,USES,T1547.001
APT19,ThreatActor,Command and Scripting Interpreter,Technique,USES,T1059
Mustang Panda,ThreatActor,Remote System Discovery,Technique,USES,T1018
Gamaredon Group,ThreatActor,Pteranodon,Malware,USES,
APT-C-36,ThreatActor,Botnet,Technique,USES,T1584.005
Scattered Spider,ThreatActor,Unix Shell,Technique,USES,T1059.004
FIN13,ThreatActor,Exploit Public-Facing Application,Technique,USES,T1190
VOID MANTICORE,ThreatActor,Selective Exclusion,Technique,USES,T1679
Darkhotel,ThreatActor,Drive-by Compromise,Technique,USES,T1189
APT41,ThreatActor,Network Share Discovery,Technique,USES,T1135
APT3,ThreatActor,External Proxy,Technique,USES,T1090.002
Scattered Spider,ThreatActor,External Remote Services,Technique,USES,T1133
HEXANE,ThreatActor,Windows Management Instrumentation Event Subscription,Technique,USES,T1546.003
Axiom,ThreatActor,gh0st RAT,Malware,USES,
TeamTNT,ThreatActor,Process Discovery,Technique,USES,T1057
Deep Panda,ThreatActor,Regsvr32,Technique,USES,T1218.010
Mustang Panda,ThreatActor,Domain Groups,Technique,USES,T1069.002
Windshift,ThreatActor,WindTail,Malware,USES,
Lotus Blossom,ThreatActor,Access Token Manipulation,Technique,USES,T1134
Kimsuky,ThreatActor,Remote Desktop Software,Technique,USES,T1219.002
TeamTNT,ThreatActor,PowerShell,Technique,USES,T1059.001
Andariel,ThreatActor,Drive-by Compromise,Technique,USES,T1189
HAFNIUM,ThreatActor,Impacket,Malware,USES,
OilRig,ThreatActor,PowerShell,Technique,USES,T1059.001
Leviathan,ThreatActor,Derusbi,Malware,USES,
Earth Lusca,ThreatActor,Match Legitimate Resource Name or Location,Technique,USES,T1036.005
Lotus Blossom,ThreatActor,Local Account,Technique,USES,T1087.001
Higaisa,ThreatActor,Malicious File,Technique,USES,T1204.002
Lazarus Group,ThreatActor,System Owner/User Discovery,Technique,USES,T1033
Kimsuky,ThreatActor,GoBear,Malware,USES,
Sandworm Team,ThreatActor,Prestige,Malware,USES,
Turla,ThreatActor,Data from Local System,Technique,USES,T1005
FIN8,ThreatActor,Windows Management Instrumentation Event Subscription,Technique,USES,T1546.003
Sandworm Team,ThreatActor,Valid Accounts,Technique,USES,T1078
BackdoorDiplomacy,ThreatActor,Match Legitimate Resource Name or Location,Technique,USES,T1036.005
Sea Turtle,ThreatActor,Virtual Private Server,Technique,USES,T1583.003
Magic Hound,ThreatActor,CharmPower,Malware,USES,
Mustang Panda,ThreatActor,Protocol or Service Impersonation,Technique,USES,T1001.003
Rancor,ThreatActor,Malicious File,Technique,USES,T1204.002
Sea Turtle,ThreatActor,Digital Certificates,Technique,USES,T1588.004
FIN7,ThreatActor,Application Shimming,Technique,USES,T1546.011
Cinnamon Tempest,ThreatActor,Tool,Technique,USES,T1588.002
Salt Typhoon,ThreatActor,Exfiltration Over Unencrypted Non-C2 Protocol,Technique,USES,T1048.003
Gorgon Group,ThreatActor,Windows Command Shell,Technique,USES,T1059.003
Dragonfly,ThreatActor,Spearphishing Attachment,Technique,USES,T1566.001
Mustang Panda,ThreatActor,Exfiltration Over Unencrypted Non-C2 Protocol,Technique,USES,T1048.003
APT28,ThreatActor,Forfiles,Malware,USES,
menuPass,ThreatActor,Fast Flux DNS,Technique,USES,T1568.001
Ember Bear,ThreatActor,Protocol Tunneling,Technique,USES,T1572
Elderwood,ThreatActor,Linfo,Malware,USES,
APT41,ThreatActor,Network Boundary Bridging,Technique,USES,T1599
FIN4,ThreatActor,Multi-hop Proxy,Technique,USES,T1090.003
Volt Typhoon,ThreatActor,Search Open Websites/Domains,Technique,USES,T1593
Lazarus Group,ThreatActor,Reflective Code Loading,Technique,USES,T1620
Stealth Falcon,ThreatActor,System Network Configuration Discovery,Technique,USES,T1016
Play,ThreatActor,Command Obfuscation,Technique,USES,T1027.010
APT28,ThreatActor,Web Services,Technique,USES,T1583.006
menuPass,ThreatActor,Mimikatz,Malware,USES,
MoustachedBouncer,ThreatActor,NightClub,Malware,USES,
MirrorFace,ThreatActor,Domain Trust Discovery,Technique,USES,T1482
GOLD SOUTHFIELD,ThreatActor,Screen Capture,Technique,USES,T1113
INC Ransom,ThreatActor,Data Staged,Technique,USES,T1074
Volt Typhoon,ThreatActor,Local Storage Discovery,Technique,USES,T1680
menuPass,ThreatActor,Rename Legitimate Utilities,Technique,USES,T1036.003
Blue Mockingbird,ThreatActor,Windows Management Instrumentation,Technique,USES,T1047
TeamTNT,ThreatActor,Cloud Instance Metadata API,Technique,USES,T1552.005
Storm-1811,ThreatActor,PsExec,Malware,USES,
IndigoZebra,ThreatActor,xCaon,Malware,USES,
Star Blizzard,ThreatActor,Spica,Malware,USES,
Group5,ThreatActor,njRAT,Malware,USES,
APT29,ThreatActor,FoggyWeb,Malware,USES,
Turla,ThreatActor,Query Registry,Technique,USES,T1012
FIN7,ThreatActor,Dynamic Data Exchange,Technique,USES,T1559.002
APT5,ThreatActor,Mimikatz,Malware,USES,
BlackTech,ThreatActor,Exploit Public-Facing Application,Technique,USES,T1190
APT28,ThreatActor,Process Discovery,Technique,USES,T1057
FIN7,ThreatActor,Domain Groups,Technique,USES,T1069.002
APT42,ThreatActor,Visual Basic,Technique,USES,T1059.005
OilRig,ThreatActor,File Deletion,Technique,USES,T1070.004
FIN6,ThreatActor,Windows Command Shell,Technique,USES,T1059.003
APT28,ThreatActor,Drive-by Compromise,Technique,USES,T1189
TeamTNT,ThreatActor,Clear Command History,Technique,USES,T1070.003
Lazarus Group,ThreatActor,Exfiltration Over C2 Channel,Technique,USES,T1041
APT41,ThreatActor,Environmental Keying,Technique,USES,T1480.001
Storm-0501,ThreatActor,DCSync,Technique,USES,T1003.006
Rocke,ThreatActor,Python,Technique,USES,T1059.006
Storm-0501,ThreatActor,Cloud Service Discovery,Technique,USES,T1526
APT41,ThreatActor,Group Policy Modification,Technique,USES,T1484.001
LAPSUS$,ThreatActor,Domain Account,Technique,USES,T1087.002
Gamaredon Group,ThreatActor,One-Way Communication,Technique,USES,T1102.003
Dragonfly,ThreatActor,Drive-by Compromise,Technique,USES,T1189
Cinnamon Tempest,ThreatActor,Valid Accounts,Technique,USES,T1078
Sandworm Team,ThreatActor,Spearphishing Attachment,Technique,USES,T1566.001
Akira,ThreatActor,Match Legitimate Resource Name or Location,Technique,USES,T1036.005
OilRig,ThreatActor,Tool,Technique,USES,T1588.002
BRONZE BUTLER,ThreatActor,Visual Basic,Technique,USES,T1059.005
Storm-0501,ThreatActor,Exfiltration to Cloud Storage,Technique,USES,T1567.002
APT41,ThreatActor,Vulnerability Scanning,Technique,USES,T1595.002
Lotus Blossom,ThreatActor,Impacket,Malware,USES,
Mustang Panda,ThreatActor,Spearphishing Link,Technique,USES,T1566.002
Earth Lusca,ThreatActor,Deobfuscate/Decode Files or Information,Technique,USES,T1140
TeamTNT,ThreatActor,Local Data Staging,Technique,USES,T1074.001
Turla,ThreatActor,System Service Discovery,Technique,USES,T1007
TeamTNT,ThreatActor,Vulnerability Scanning,Technique,USES,T1595.002
OilRig,ThreatActor,POWRUNER,Malware,USES,
FIN8,ThreatActor,Spearphishing Link,Technique,USES,T1566.002
Play,ThreatActor,Malware,Technique,USES,T1587.001
Fox Kitten,ThreatActor,Browser Information Discovery,Technique,USES,T1217
Aquatic Panda,ThreatActor,Ingress Tool Transfer,Technique,USES,T1105
Thrip,ThreatActor,Remote Desktop Software,Technique,USES,T1219.002
Star Blizzard,ThreatActor,Upload Malware,Technique,USES,T1608.001
Salt Typhoon,ThreatActor,SSH Authorized Keys,Technique,USES,T1098.004
TeamTNT,ThreatActor,Container CLI/API,Technique,USES,T1059.013
BlackByte,ThreatActor,Domain Account,Technique,USES,T1136.002
Axiom,ThreatActor,Zox,Malware,USES,
Machete,ThreatActor,Python,Technique,USES,T1059.006
TA505,ThreatActor,Fast Flux DNS,Technique,USES,T1568.001
Contagious Interview,ThreatActor,Search Threat Vendor Data,Technique,USES,T1681
Silent Librarian,ThreatActor,Employee Names,Technique,USES,T1589.003
Akira,ThreatActor,Valid Accounts,Technique,USES,T1078
Moses Staff,ThreatActor,System Information Discovery,Technique,USES,T1082
APT28,ThreatActor,DealersChoice,Malware,USES,
Elderwood,ThreatActor,Spearphishing Attachment,Technique,USES,T1566.001
Carbanak,ThreatActor,Rundll32,Technique,USES,T1218.011
Lazarus Group,ThreatActor,Bidirectional Communication,Technique,USES,T1102.002
APT29,ThreatActor,Web Services,Technique,USES,T1583.006
Play,ThreatActor,AdFind,Malware,USES,
APT38,ThreatActor,System Shutdown/Reboot,Technique,USES,T1529
Sandworm Team,ThreatActor,P.A.S. Webshell,Malware,USES,
ZIRCONIUM,ThreatActor,Symmetric Cryptography,Technique,USES,T1573.001
Wizard Spider,ThreatActor,Malicious File,Technique,USES,T1204.002
TA505,ThreatActor,Encrypted/Encoded File,Technique,USES,T1027.013
Ke3chang,ThreatActor,Automated Collection,Technique,USES,T1119
Elderwood,ThreatActor,Nerex,Malware,USES,
APT-C-36,ThreatActor,Web Services,Technique,USES,T1583.006
APT29,ThreatActor,Multi-hop Proxy,Technique,USES,T1090.003
Dark Caracal,ThreatActor,Compiled HTML File,Technique,USES,T1218.001
Ferocious Kitten,ThreatActor,Right-to-Left Override,Technique,USES,T1036.002
APT38,ThreatActor,Malicious Link,Technique,USES,T1204.001
BRONZE BUTLER,ThreatActor,Standard Encoding,Technique,USES,T1132.001
FIN6,ThreatActor,FrameworkPOS,Malware,USES,
Kimsuky,ThreatActor,Server,Technique,USES,T1583.004
Higaisa,ThreatActor,Encrypted/Encoded File,Technique,USES,T1027.013
Contagious Interview,ThreatActor,Windows Command Shell,Technique,USES,T1059.003
TA2541,ThreatActor,Tool,Technique,USES,T1588.002
Magic Hound,ThreatActor,Exploit Public-Facing Application,Technique,USES,T1190
Fox Kitten,ThreatActor,Windows Command Shell,Technique,USES,T1059.003
Turla,ThreatActor,KOPILUWAK,Malware,USES,
APT28,ThreatActor,Vulnerability Scanning,Technique,USES,T1595.002
Ember Bear,ThreatActor,Brute Force,Technique,USES,T1110
Scattered Spider,ThreatActor,SSH,Technique,USES,T1021.004
APT28,ThreatActor,Component Object Model Hijacking,Technique,USES,T1546.015
APT39,ThreatActor,Scheduled Task,Technique,USES,T1053.005
Scattered Spider,ThreatActor,User Execution,Technique,USES,T1204
BRONZE BUTLER,ThreatActor,Software Discovery,Technique,USES,T1518
Kimsuky,ThreatActor,Private Keys,Technique,USES,T1552.004
APT41,ThreatActor,Data from Local System,Technique,USES,T1005
APT33,ThreatActor,Spearphishing Attachment,Technique,USES,T1566.001
Putter Panda,ThreatActor,Registry Run Keys / Startup Folder,Technique,USES,T1547.001
Blue Mockingbird,ThreatActor,Windows Command Shell,Technique,USES,T1059.003
Lazarus Group,ThreatActor,Archive Collected Data,Technique,USES,T1560
Star Blizzard,ThreatActor,Steal Web Session Cookie,Technique,USES,T1539
Turla,ThreatActor,IronNetInjector,Malware,USES,
APT41,ThreatActor,KEYPLUG,Malware,USES,
APT29,ThreatActor,Boot or Logon Initialization Scripts,Technique,USES,T1037
APT3,ThreatActor,Rundll32,Technique,USES,T1218.011
APT41,ThreatActor,External Remote Services,Technique,USES,T1133
Malteiro,ThreatActor,Mispadu,Malware,USES,
APT38,ThreatActor,Web Protocols,Technique,USES,T1071.001
OilRig,ThreatActor,Malicious File,Technique,USES,T1204.002
APT38,ThreatActor,Ingress Tool Transfer,Technique,USES,T1105
LAPSUS$,ThreatActor,External Remote Services,Technique,USES,T1133
BlackTech,ThreatActor,SSH,Technique,USES,T1021.004
MuddyWater,ThreatActor,Registry Run Keys / Startup Folder,Technique,USES,T1547.001
Scattered Spider,ThreatActor,Multi-Factor Authentication,Technique,USES,T1556.006
OilRig,ThreatActor,External Remote Services,Technique,USES,T1133
FIN8,ThreatActor,Scheduled Task,Technique,USES,T1053.005
Turla,ThreatActor,LunarWeb,Malware,USES,
APT32,ThreatActor,SOUNDBITE,Malware,USES,
Sandworm Team,ThreatActor,Malicious File,Technique,USES,T1204.002
Volt Typhoon,ThreatActor,Email Addresses,Technique,USES,T1589.002
FIN5,ThreatActor,Automated Collection,Technique,USES,T1119
FIN6,ThreatActor,Tool,Technique,USES,T1588.002
FIN13,ThreatActor,Gather Victim Identity Information,Technique,USES,T1589
LAPSUS$,ThreatActor,Valid Accounts,Technique,USES,T1078
APT28,ThreatActor,Trusted Relationship,Technique,USES,T1199
Confucius,ThreatActor,Visual Basic,Technique,USES,T1059.005
Threat Group-3390,ThreatActor,Impacket,Malware,USES,
FIN6,ThreatActor,File Deletion,Technique,USES,T1070.004
Gallmaker,ThreatActor,Archive via Utility,Technique,USES,T1560.001
menuPass,ThreatActor,Keylogging,Technique,USES,T1056.001
Turla,ThreatActor,Brute Force,Technique,USES,T1110
Volt Typhoon,ThreatActor,System Checks,Technique,USES,T1497.001
Storm-1811,ThreatActor,Deobfuscate/Decode Files or Information,Technique,USES,T1140
Kimsuky,ThreatActor,Brave Prince,Malware,USES,
Tropic Trooper,ThreatActor,Template Injection,Technique,USES,T1221
Turla,ThreatActor,Lateral Tool Transfer,Technique,USES,T1570
Blue Mockingbird,ThreatActor,LSASS Memory,Technique,USES,T1003.001
BlackByte,ThreatActor,Modify Registry,Technique,USES,T1112
APT41,ThreatActor,File Deletion,Technique,USES,T1070.004
UNC3886,ThreatActor,Python,Technique,USES,T1059.006
APT3,ThreatActor,Obfuscated Files or Information,Technique,USES,T1027
APT28,ThreatActor,Peripheral Device Discovery,Technique,USES,T1120
Magic Hound,ThreatActor,Malicious File,Technique,USES,T1204.002
Mustang Panda,ThreatActor,Exfiltration Over C2 Channel,Technique,USES,T1041
PROMETHIUM,ThreatActor,Local Accounts,Technique,USES,T1078.003
ToddyCat,ThreatActor,Cobalt Strike,Malware,USES,
FIN6,ThreatActor,NTDS,Technique,USES,T1003.003
APT32,ThreatActor,OSX_OCEANLOTUS.D,Malware,USES,
BlackTech,ThreatActor,Native API,Technique,USES,T1106
Contagious Interview,ThreatActor,Financial Theft,Technique,USES,T1657
Kimsuky,ThreatActor,Reflective Code Loading,Technique,USES,T1620
Mustang Panda,ThreatActor,HIUPAN,Malware,USES,
Chimera,ThreatActor,Windows Remote Management,Technique,USES,T1021.006
TEMP.Veles,ThreatActor,Mimikatz,Malware,USES,
TA505,ThreatActor,Software Packing,Technique,USES,T1027.002
OilRig,ThreatActor,netstat,Malware,USES,
APT32,ThreatActor,Spearphishing Link,Technique,USES,T1566.002
Magic Hound,ThreatActor,Rundll32,Technique,USES,T1218.011
ZIRCONIUM,ThreatActor,System Time Discovery,Technique,USES,T1124
Chimera,ThreatActor,File and Directory Discovery,Technique,USES,T1083
HAFNIUM,ThreatActor,PsExec,Malware,USES,
Storm-1811,ThreatActor,Masquerade Account Name,Technique,USES,T1036.010
APT28,ThreatActor,Windows Command Shell,Technique,USES,T1059.003
APT33,ThreatActor,NanoCore,Malware,USES,
GALLIUM,ThreatActor,External Remote Services,Technique,USES,T1133
Chimera,ThreatActor,Domain Account,Technique,USES,T1087.002
APT38,ThreatActor,Disable or Modify Tools,Technique,USES,T1685
Wizard Spider,ThreatActor,Scheduled Task,Technique,USES,T1053.005
TA505,ThreatActor,Credentials In Files,Technique,USES,T1552.001
Chimera,ThreatActor,Process Discovery,Technique,USES,T1057
Magic Hound,ThreatActor,Command Obfuscation,Technique,USES,T1027.010
Volt Typhoon,ThreatActor,NTDS,Technique,USES,T1003.003
ZIRCONIUM,ThreatActor,Deobfuscate/Decode Files or Information,Technique,USES,T1140
Sea Turtle,ThreatActor,Archive via Utility,Technique,USES,T1560.001
MuddyWater,ThreatActor,Deobfuscate/Decode Files or Information,Technique,USES,T1140
TA551,ThreatActor,Rundll32,Technique,USES,T1218.011
Wizard Spider,ThreatActor,Nltest,Malware,USES,
Akira,ThreatActor,Steal or Forge Kerberos Tickets,Technique,USES,T1558
ToddyCat,ThreatActor,Spearphishing via Service,Technique,USES,T1566.003
Carbanak,ThreatActor,Valid Accounts,Technique,USES,T1078
BackdoorDiplomacy,ThreatActor,Dynamic-link Library Injection,Technique,USES,T1055.001
Kimsuky,ThreatActor,Multi-Factor Authentication Interception,Technique,USES,T1111
APT39,ThreatActor,File Deletion,Technique,USES,T1070.004
GOLD SOUTHFIELD,ThreatActor,Remote Access Tools,Technique,USES,T1219
Tropic Trooper,ThreatActor,System Owner/User Discovery,Technique,USES,T1033
Mustang Panda,ThreatActor,Software Deployment Tools,Technique,USES,T1072
APT33,ThreatActor,DEADWOOD,Malware,USES,
Sandworm Team,ThreatActor,Native API,Technique,USES,T1106
Storm-1811,ThreatActor,Input Capture,Technique,USES,T1056
APT42,ThreatActor,Screen Capture,Technique,USES,T1113
FIN7,ThreatActor,Remote Desktop Protocol,Technique,USES,T1021.001
BRONZE BUTLER,ThreatActor,Web Protocols,Technique,USES,T1071.001
Threat Group-3390,ThreatActor,System Owner/User Discovery,Technique,USES,T1033
Sandworm Team,ThreatActor,Tool,Technique,USES,T1588.002
Ke3chang,ThreatActor,Tasklist,Malware,USES,
Indrik Spider,ThreatActor,Local Data Staging,Technique,USES,T1074.001
Tropic Trooper,ThreatActor,Network Service Discovery,Technique,USES,T1046
Naikon,ThreatActor,Network Service Discovery,Technique,USES,T1046
BRONZE BUTLER,ThreatActor,Data from Network Shared Drive,Technique,USES,T1039
Naikon,ThreatActor,Windows Management Instrumentation,Technique,USES,T1047
Rancor,ThreatActor,DDKONG,Malware,USES,
APT3,ThreatActor,Spearphishing Link,Technique,USES,T1566.002
Medusa Group,ThreatActor,Hidden Window,Technique,USES,T1564.003
Sea Turtle,ThreatActor,Ignore Process Interrupts,Technique,USES,T1564.011
Indrik Spider,ThreatActor,Remote Desktop Protocol,Technique,USES,T1021.001
Leafminer,ThreatActor,Cached Domain Credentials,Technique,USES,T1003.005
Saint Bear,ThreatActor,Disable or Modify Tools,Technique,USES,T1685
FIN4,ThreatActor,Malicious File,Technique,USES,T1204.002
Volt Typhoon,ThreatActor,Software Packing,Technique,USES,T1027.002
APT19,ThreatActor,Encrypted/Encoded File,Technique,USES,T1027.013
Ferocious Kitten,ThreatActor,Match Legitimate Resource Name or Location,Technique,USES,T1036.005
TA551,ThreatActor,Steganography,Technique,USES,T1027.003
Lazarus Group,ThreatActor,Exploitation for Client Execution,Technique,USES,T1203
Wizard Spider,ThreatActor,Command Obfuscation,Technique,USES,T1027.010
Agrius,ThreatActor,Local Data Staging,Technique,USES,T1074.001
Volt Typhoon,ThreatActor,Symmetric Cryptography,Technique,USES,T1573.001
FIN8,ThreatActor,Malicious Link,Technique,USES,T1204.001
LuminousMoth,ThreatActor,Ingress Tool Transfer,Technique,USES,T1105
APT12,ThreatActor,Bidirectional Communication,Technique,USES,T1102.002
Ember Bear,ThreatActor,Malware,Technique,USES,T1588.001
Sandworm Team,ThreatActor,AcidPour,Malware,USES,
Storm-1811,ThreatActor,DLL,Technique,USES,T1574.001
menuPass,ThreatActor,Domain Account,Technique,USES,T1087.002
Sandworm Team,ThreatActor,Server,Technique,USES,T1583.004
Kimsuky,ThreatActor,CSPY Downloader,Malware,USES,
LAPSUS$,ThreatActor,Malware,Technique,USES,T1588.001
DarkVishnya,ThreatActor,Brute Force,Technique,USES,T1110
Molerats,ThreatActor,Spearphishing Attachment,Technique,USES,T1566.001
Lotus Blossom,ThreatActor,Internal Proxy,Technique,USES,T1090.001
TA505,ThreatActor,Visual Basic,Technique,USES,T1059.005
Cinnamon Tempest,ThreatActor,Financial Theft,Technique,USES,T1657
MuddyWater,ThreatActor,Dynamic Data Exchange,Technique,USES,T1559.002
Putter Panda,ThreatActor,Disable or Modify Tools,Technique,USES,T1685
Dark Caracal,ThreatActor,Drive-by Compromise,Technique,USES,T1189
HAFNIUM,ThreatActor,Data from Cloud Storage,Technique,USES,T1530
Cobalt Group,ThreatActor,Malicious File,Technique,USES,T1204.002
Inception,ThreatActor,PowerShell,Technique,USES,T1059.001
Lotus Blossom,ThreatActor,Steal Web Session Cookie,Technique,USES,T1539
GALLIUM,ThreatActor,PlugX,Malware,USES,
APT3,ThreatActor,LaZagne,Malware,USES,
FIN8,ThreatActor,PUNCHBUGGY,Malware,USES,
Patchwork,ThreatActor,Spearphishing Attachment,Technique,USES,T1566.001
Volatile Cedar,ThreatActor,Caterpillar WebShell,Malware,USES,
Cinnamon Tempest,ThreatActor,Proxy,Technique,USES,T1090
MirrorFace,ThreatActor,Impersonation,Technique,USES,T1684.001
APT39,ThreatActor,Bidirectional Communication,Technique,USES,T1102.002
FIN6,ThreatActor,More_eggs,Malware,USES,
Akira,ThreatActor,PsExec,Malware,USES,
Malteiro,ThreatActor,Financial Theft,Technique,USES,T1657
VOID MANTICORE,ThreatActor,Domain Account,Technique,USES,T1087.002
APT-C-36,ThreatActor,PureCrypter,Malware,USES,
Darkhotel,ThreatActor,Replication Through Removable Media,Technique,USES,T1091
Contagious Interview,ThreatActor,Exfiltration Over Unencrypted Non-C2 Protocol,Technique,USES,T1048.003
ZIRCONIUM,ThreatActor,Spearphishing Link,Technique,USES,T1598.003
Leviathan,ThreatActor,at,Malware,USES,
APT32,ThreatActor,Spearphishing Link,Technique,USES,T1598.003
APT29,ThreatActor,HTML Smuggling,Technique,USES,T1027.006
APT1,ThreatActor,Spearphishing Link,Technique,USES,T1566.002
Medusa Group,ThreatActor,Network Share Discovery,Technique,USES,T1135
Cobalt Group,ThreatActor,Exploitation for Privilege Escalation,Technique,USES,T1068
APT29,ThreatActor,File Deletion,Technique,USES,T1070.004
ToddyCat,ThreatActor,LoFiSe,Malware,USES,
Threat Group-3390,ThreatActor,Upload Malware,Technique,USES,T1608.001
APT41,ThreatActor,Ping,Malware,USES,
Turla,ThreatActor,Arp,Malware,USES,
Wizard Spider,ThreatActor,File Deletion,Technique,USES,T1070.004
Indrik Spider,ThreatActor,Password Managers,Technique,USES,T1555.005
APT28,ThreatActor,Evil Twin,Technique,USES,T1557.004
MuddyWater,ThreatActor,Command Obfuscation,Technique,USES,T1027.010
SideCopy,ThreatActor,Upload Malware,Technique,USES,T1608.001
FIN13,ThreatActor,Masquerade Task or Service,Technique,USES,T1036.004
Patchwork,ThreatActor,Command Obfuscation,Technique,USES,T1027.010
admin@338,ThreatActor,File and Directory Discovery,Technique,USES,T1083
Lotus Blossom,ThreatActor,Modify Registry,Technique,USES,T1112
HEXANE,ThreatActor,Local Groups,Technique,USES,T1069.001
Ke3chang,ThreatActor,File and Directory Discovery,Technique,USES,T1083
FIN7,ThreatActor,Input Injection,Technique,USES,T1674
Volt Typhoon,ThreatActor,LSASS Memory,Technique,USES,T1003.001
Wizard Spider,ThreatActor,Group Policy Preferences,Technique,USES,T1552.006
APT29,ThreatActor,Exploitation for Client Execution,Technique,USES,T1203
OilRig,ThreatActor,Domain Accounts,Technique,USES,T1078.002
APT-C-36,ThreatActor,Masquerade Task or Service,Technique,USES,T1036.004
BlackByte,ThreatActor,Process Hollowing,Technique,USES,T1055.012
Mustang Panda,ThreatActor,Adversary-in-the-Middle,Technique,USES,T1557
Silence,ThreatActor,Remote Desktop Protocol,Technique,USES,T1021.001
Leviathan,ThreatActor,Email Accounts,Technique,USES,T1585.002
APT32,ThreatActor,KOMPROGO,Malware,USES,
TA577,ThreatActor,JavaScript,Technique,USES,T1059.007
LuminousMoth,ThreatActor,ARP Cache Poisoning,Technique,USES,T1557.002
Winter Vivern,ThreatActor,Virtual Private Server,Technique,USES,T1583.003
Earth Lusca,ThreatActor,Domains,Technique,USES,T1583.001
APT41,ThreatActor,LightSpy,Malware,USES,
APT28,ThreatActor,Mimikatz,Malware,USES,
VOID MANTICORE,ThreatActor,Malware,Technique,USES,T1588.001
Threat Group-3390,ThreatActor,gh0st RAT,Malware,USES,
Scattered Spider,ThreatActor,Impersonation,Technique,USES,T1684.001
Akira,ThreatActor,Remote System Discovery,Technique,USES,T1018
Patchwork,ThreatActor,QuasarRAT,Malware,USES,
Storm-0501,ThreatActor,Cloud API,Technique,USES,T1059.009
Leafminer,ThreatActor,Credentials from Web Browsers,Technique,USES,T1555.003
Sidewinder,ThreatActor,Registry Run Keys / Startup Folder,Technique,USES,T1547.001
APT32,ThreatActor,Local Account,Technique,USES,T1087.001
APT39,ThreatActor,Archive via Utility,Technique,USES,T1560.001
Magic Hound,ThreatActor,Network Service Discovery,Technique,USES,T1046
FIN13,ThreatActor,SMB/Windows Admin Shares,Technique,USES,T1021.002
Winter Vivern,ThreatActor,JavaScript,Technique,USES,T1059.007
Kimsuky,ThreatActor,Search Victim-Owned Websites,Technique,USES,T1594
Wizard Spider,ThreatActor,GrimAgent,Malware,USES,
GALLIUM,ThreatActor,Software Packing,Technique,USES,T1027.002
TA551,ThreatActor,Spearphishing Attachment,Technique,USES,T1566.001
Rocke,ThreatActor,Network Service Discovery,Technique,USES,T1046
Volt Typhoon,ThreatActor,Clear Windows Event Logs,Technique,USES,T1685.005
Chimera,ThreatActor,BloodHound,Malware,USES,
Cobalt Group,ThreatActor,CMSTP,Technique,USES,T1218.003
APT29,ThreatActor,Pass the Ticket,Technique,USES,T1550.003
Rocke,ThreatActor,Portable Executable Injection,Technique,USES,T1055.002
RedCurl,ThreatActor,Match Legitimate Resource Name or Location,Technique,USES,T1036.005
Lazarus Group,ThreatActor,PowerShell,Technique,USES,T1059.001
HAFNIUM,ThreatActor,Automated Collection,Technique,USES,T1119
Lazarus Group,ThreatActor,Spearphishing Link,Technique,USES,T1566.002
APT39,ThreatActor,Cadelspy,Malware,USES,
OilRig,ThreatActor,Password Policy Discovery,Technique,USES,T1201
FIN10,ThreatActor,Local Accounts,Technique,USES,T1078.003
APT37,ThreatActor,Credentials from Web Browsers,Technique,USES,T1555.003
Silence,ThreatActor,Video Capture,Technique,USES,T1125
SilverTerrier,ThreatActor,Mail Protocols,Technique,USES,T1071.003
Play,ThreatActor,Local Accounts,Technique,USES,T1078.003
Turla,ThreatActor,Drive-by Compromise,Technique,USES,T1189
APT28,ThreatActor,Network Denial of Service,Technique,USES,T1498
APT28,ThreatActor,ADVSTORESHELL,Malware,USES,
APT28,ThreatActor,File Deletion,Technique,USES,T1070.004
OilRig,ThreatActor,Email Accounts,Technique,USES,T1586.002
Patchwork,ThreatActor,Tool,Technique,USES,T1588.002
FIN7,ThreatActor,Data Encrypted for Impact,Technique,USES,T1486
Gamaredon Group,ThreatActor,Modify Registry,Technique,USES,T1112
Axiom,ThreatActor,PlugX,Malware,USES,
Whitefly,ThreatActor,LSASS Memory,Technique,USES,T1003.001
GALLIUM,ThreatActor,PingPull,Malware,USES,
APT32,ThreatActor,PowerShell,Technique,USES,T1059.001
Lazarus Group,ThreatActor,Local Data Staging,Technique,USES,T1074.001
FIN7,ThreatActor,Tool,Technique,USES,T1588.002
APT5,ThreatActor,Compromise Host Software Binary,Technique,USES,T1554
RTM,ThreatActor,Spearphishing Attachment,Technique,USES,T1566.001
Kimsuky,ThreatActor,Windows Command Shell,Technique,USES,T1059.003
RedCurl,ThreatActor,Spearphishing Attachment,Technique,USES,T1566.001
APT-C-36,ThreatActor,Encrypted/Encoded File,Technique,USES,T1027.013
Sowbug,ThreatActor,Data from Network Shared Drive,Technique,USES,T1039
APT28,ThreatActor,Cannon,Malware,USES,
VOID MANTICORE,ThreatActor,Inhibit System Recovery,Technique,USES,T1490
OilRig,ThreatActor,Domain Account,Technique,USES,T1087.002
Kimsuky,ThreatActor,Domains,Technique,USES,T1583.001
Gorgon Group,ThreatActor,Ingress Tool Transfer,Technique,USES,T1105
Volt Typhoon,ThreatActor,Botnet,Technique,USES,T1584.005
APT19,ThreatActor,Cobalt Strike,Malware,USES,
Fox Kitten,ThreatActor,Encrypted/Encoded File,Technique,USES,T1027.013
Higaisa,ThreatActor,Scheduled Task,Technique,USES,T1053.005
Volt Typhoon,ThreatActor,Gather Victim Host Information,Technique,USES,T1592
Gamaredon Group,ThreatActor,Internet Connection Discovery,Technique,USES,T1016.001
Earth Lusca,ThreatActor,System Owner/User Discovery,Technique,USES,T1033
APT33,ThreatActor,LSASS Memory,Technique,USES,T1003.001
Wizard Spider,ThreatActor,Exfiltration Over Unencrypted Non-C2 Protocol,Technique,USES,T1048.003
APT39,ThreatActor,Web Shell,Technique,USES,T1505.003
MuddyWater,ThreatActor,Tsundere Botnet,Malware,USES,
LuminousMoth,ThreatActor,Tool,Technique,USES,T1588.002
HEXANE,ThreatActor,DanBot,Malware,USES,
menuPass,ThreatActor,NTDS,Technique,USES,T1003.003
TA505,ThreatActor,FlawedGrace,Malware,USES,
Ke3chang,ThreatActor,External Remote Services,Technique,USES,T1133
FIN13,ThreatActor,LSASS Memory,Technique,USES,T1003.001
FIN7,ThreatActor,Gather Victim Org Information,Technique,USES,T1591
Metador,ThreatActor,Windows Command Shell,Technique,USES,T1059.003
TA2541,ThreatActor,Malicious Link,Technique,USES,T1204.001
Storm-0501,ThreatActor,Cloud Services,Technique,USES,T1021.007
Gamaredon Group,ThreatActor,Reflective Code Loading,Technique,USES,T1620
Medusa Group,ThreatActor,Multi-hop Proxy,Technique,USES,T1090.003
Silence,ThreatActor,JavaScript,Technique,USES,T1059.007
Mustang Panda,ThreatActor,Web Shell,Technique,USES,T1505.003
Volatile Cedar,ThreatActor,Web Shell,Technique,USES,T1505.003
Sidewinder,ThreatActor,Web Protocols,Technique,USES,T1071.001
TeamTNT,ThreatActor,Software Packing,Technique,USES,T1027.002
APT39,ThreatActor,Ingress Tool Transfer,Technique,USES,T1105
LAPSUS$,ThreatActor,Spearphishing Voice,Technique,USES,T1598.004
Saint Bear,ThreatActor,Impersonation,Technique,USES,T1684.001
Moses Staff,ThreatActor,StrifeWater,Malware,USES,
Lotus Blossom,ThreatActor,System Network Connections Discovery,Technique,USES,T1049
Contagious Interview,ThreatActor,JavaScript,Technique,USES,T1059.007
SideCopy,ThreatActor,Native API,Technique,USES,T1106
Sea Turtle,ThreatActor,Tool,Technique,USES,T1588.002
Sandworm Team,ThreatActor,Domain Properties,Technique,USES,T1590.001
Threat Group-3390,ThreatActor,certutil,Malware,USES,
APT41,ThreatActor,Spearphishing Attachment,Technique,USES,T1566.001
APT29,ThreatActor,Malicious Link,Technique,USES,T1204.001
APT18,ThreatActor,File Deletion,Technique,USES,T1070.004
Wizard Spider,ThreatActor,Dyre,Malware,USES,
Sandworm Team,ThreatActor,VPNFilter,Malware,USES,
APT38,ThreatActor,Software Packing,Technique,USES,T1027.002
FIN7,ThreatActor,Service Execution,Technique,USES,T1569.002
Wizard Spider,ThreatActor,Disable or Modify Tools,Technique,USES,T1685
APT-C-36,ThreatActor,Caminho,Malware,USES,
APT5,ThreatActor,Keylogging,Technique,USES,T1056.001
Wizard Spider,ThreatActor,Security Software Discovery,Technique,USES,T1518.001
Tonto Team,ThreatActor,Keylogging,Technique,USES,T1056.001
MirrorFace,ThreatActor,Tool,Technique,USES,T1588.002
Leviathan,ThreatActor,Spearphishing Link,Technique,USES,T1566.002
CURIUM,ThreatActor,Virtual Private Server,Technique,USES,T1583.003
Scattered Spider,ThreatActor,Domains,Technique,USES,T1583.001
Dragonfly,ThreatActor,Domains,Technique,USES,T1583.001
Ke3chang,ThreatActor,Remote System Discovery,Technique,USES,T1018
GALLIUM,ThreatActor,Web Shell,Technique,USES,T1505.003
Kimsuky,ThreatActor,Query Registry,Technique,USES,T1012
Fox Kitten,ThreatActor,Messaging Applications,Technique,USES,T1213.005
Rancor,ThreatActor,PLAINTEE,Malware,USES,
TA2541,ThreatActor,Domains,Technique,USES,T1583.001
Earth Lusca,ThreatActor,Tasklist,Malware,USES,
Chimera,ThreatActor,SMB/Windows Admin Shares,Technique,USES,T1021.002
Medusa Group,ThreatActor,Exploit Public-Facing Application,Technique,USES,T1190
Cobalt Group,ThreatActor,Regsvr32,Technique,USES,T1218.010
Storm-0501,ThreatActor,Embargo,Malware,USES,
Sandworm Team,ThreatActor,Neo-reGeorg,Malware,USES,
IndigoZebra,ThreatActor,BoxCaon,Malware,USES,
APT3,ThreatActor,Additional Local or Domain Groups,Technique,USES,T1098.007
Sandworm Team,ThreatActor,File and Directory Discovery,Technique,USES,T1083
Patchwork,ThreatActor,Drive-by Compromise,Technique,USES,T1189
Magic Hound,ThreatActor,IP Addresses,Technique,USES,T1590.005
Winter Vivern,ThreatActor,Spearphishing Attachment,Technique,USES,T1566.001
APT1,ThreatActor,Mimikatz,Malware,USES,
APT29,ThreatActor,SDelete,Malware,USES,
Chimera,ThreatActor,PowerShell,Technique,USES,T1059.001
APT1,ThreatActor,System Network Configuration Discovery,Technique,USES,T1016
Kimsuky,ThreatActor,Gather Victim Org Information,Technique,USES,T1591
Lazarus Group,ThreatActor,HotCroissant,Malware,USES,
APT5,ThreatActor,Cloud Accounts,Technique,USES,T1078.004
Magic Hound,ThreatActor,FRP,Malware,USES,
Dragonfly,ThreatActor,Security Account Manager,Technique,USES,T1003.002
APT37,ThreatActor,System Shutdown/Reboot,Technique,USES,T1529
APT32,ThreatActor,LSASS Memory,Technique,USES,T1003.001
APT28,ThreatActor,Komplex,Malware,USES,
Dragonfly,ThreatActor,Spearphishing Attachment,Technique,USES,T1598.002
APT32,ThreatActor,Network Service Discovery,Technique,USES,T1046
APT33,ThreatActor,Spearphishing Link,Technique,USES,T1566.002
MirrorFace,ThreatActor,LSASS Memory,Technique,USES,T1003.001
APT5,ThreatActor,SLOWPULSE,Malware,USES,
Mustard Tempest,ThreatActor,Domains,Technique,USES,T1584.001
ToddyCat,ThreatActor,Domain Account,Technique,USES,T1087.002
TA459,ThreatActor,NetTraveler,Malware,USES,
Higaisa,ThreatActor,System Information Discovery,Technique,USES,T1082
APT28,ThreatActor,Archive Collected Data,Technique,USES,T1560
Andariel,ThreatActor,Process Discovery,Technique,USES,T1057
Mustang Panda,ThreatActor,Impacket,Malware,USES,
Sandworm Team,ThreatActor,Cyclops Blink,Malware,USES,
Lazarus Group,ThreatActor,HARDRAIN,Malware,USES,
Scattered Spider,ThreatActor,LaZagne,Malware,USES,
Mustang Panda,ThreatActor,IDE Extensions,Technique,USES,T1176.002
Volt Typhoon,ThreatActor,System Network Connections Discovery,Technique,USES,T1049
Lazarus Group,ThreatActor,Rename Legitimate Utilities,Technique,USES,T1036.003
APT28,ThreatActor,Ingress Tool Transfer,Technique,USES,T1105
APT41,ThreatActor,Disable or Modify Tools,Technique,USES,T1685
Ke3chang,ThreatActor,Security Account Manager,Technique,USES,T1003.002
Mustang Panda,ThreatActor,Code Signing Certificates,Technique,USES,T1588.003
Higaisa,ThreatActor,Spearphishing Attachment,Technique,USES,T1566.001
Storm-0501,ThreatActor,Windows Remote Management,Technique,USES,T1021.006
Threat Group-3390,ThreatActor,Web Shell,Technique,USES,T1505.003
BRONZE BUTLER,ThreatActor,Disable or Modify Tools,Technique,USES,T1685
Strider,ThreatActor,Internal Proxy,Technique,USES,T1090.001
Kimsuky,ThreatActor,Web Protocols,Technique,USES,T1071.001
Volt Typhoon,ThreatActor,Local Account,Technique,USES,T1087.001
Sea Turtle,ThreatActor,Exploit Public-Facing Application,Technique,USES,T1190
MuddyWater,ThreatActor,PowerSploit,Malware,USES,
Lazarus Group,ThreatActor,Windows Management Instrumentation,Technique,USES,T1047
Axiom,ThreatActor,Subvert Trust Controls,Technique,USES,T1553
Sowbug,ThreatActor,Starloader,Malware,USES,
Chimera,ThreatActor,NTDS,Technique,USES,T1003.003
LAPSUS$,ThreatActor,User Execution,Technique,USES,T1204
Threat Group-3390,ThreatActor,Registry Run Keys / Startup Folder,Technique,USES,T1547.001
Volt Typhoon,ThreatActor,Browser Information Discovery,Technique,USES,T1217
BlackByte,ThreatActor,AdFind,Malware,USES,
FIN7,ThreatActor,Web Services,Technique,USES,T1583.006
APT42,ThreatActor,TAMECAT,Malware,USES,
UNC3886,ThreatActor,Abuse Elevation Control Mechanism,Technique,USES,T1548
Tropic Trooper,ThreatActor,System Network Configuration Discovery,Technique,USES,T1016
Kimsuky,ThreatActor,Social Media Accounts,Technique,USES,T1585.001
Medusa Group,ThreatActor,MMC,Technique,USES,T1218.014
INC Ransom,ThreatActor,Application Layer Protocol,Technique,USES,T1071
FIN13,ThreatActor,Hidden Files and Directories,Technique,USES,T1564.001
APT33,ThreatActor,StoneDrill,Malware,USES,
Contagious Interview,ThreatActor,XDG Autostart Entries,Technique,USES,T1547.013
Lazarus Group,ThreatActor,Web Protocols,Technique,USES,T1071.001
Aoqin Dragon,ThreatActor,Malware,Technique,USES,T1587.001
Indrik Spider,ThreatActor,Gather Victim Network Information,Technique,USES,T1590
APT38,ThreatActor,Browser Information Discovery,Technique,USES,T1217
Threat Group-3390,ThreatActor,Encrypted/Encoded File,Technique,USES,T1027.013
Storm-0501,ThreatActor,Exploit Public-Facing Application,Technique,USES,T1190
Sandworm Team,ThreatActor,System Network Connections Discovery,Technique,USES,T1049
FIN7,ThreatActor,REvil,Malware,USES,
OilRig,ThreatActor,LSA Secrets,Technique,USES,T1003.004
Evilnum,ThreatActor,File Deletion,Technique,USES,T1070.004
Mustang Panda,ThreatActor,Replication Through Removable Media,Technique,USES,T1091
Agrius,ThreatActor,Password Spraying,Technique,USES,T1110.003
APT38,ThreatActor,Clear Windows Event Logs,Technique,USES,T1685.005
Fox Kitten,ThreatActor,SMB/Windows Admin Shares,Technique,USES,T1021.002
Turla,ThreatActor,Server,Technique,USES,T1584.004
LAPSUS$,ThreatActor,Chat Messages,Technique,USES,T1552.008
LuminousMoth,ThreatActor,Data from Local System,Technique,USES,T1005
Magic Hound,ThreatActor,Screen Capture,Technique,USES,T1113
CURIUM,ThreatActor,System Information Discovery,Technique,USES,T1082
MirrorFace,ThreatActor,ipconfig,Malware,USES,
APT41,ThreatActor,DUSTPAN,Malware,USES,
INC Ransom,ThreatActor,Network Service Discovery,Technique,USES,T1046
MuddyWater,ThreatActor,Compile After Delivery,Technique,USES,T1027.004
Blue Mockingbird,ThreatActor,Rundll32,Technique,USES,T1218.011
APT37,ThreatActor,Data from Local System,Technique,USES,T1005
Magic Hound,ThreatActor,Encrypted Channel,Technique,USES,T1573
APT12,ThreatActor,DNS Calculation,Technique,USES,T1568.003
APT28,ThreatActor,Phishing for Information,Technique,USES,T1598
TeamTNT,ThreatActor,Malicious Image,Technique,USES,T1204.003
HEXANE,ThreatActor,Remote System Discovery,Technique,USES,T1018
BlackTech,ThreatActor,Exploitation for Client Execution,Technique,USES,T1203
Deep Panda,ThreatActor,StreamEx,Malware,USES,
Windigo,ThreatActor,Ebury,Malware,USES,
INC Ransom,ThreatActor,Nltest,Malware,USES,
HEXANE,ThreatActor,Remote Desktop Protocol,Technique,USES,T1021.001
APT41,ThreatActor,Net,Malware,USES,
RedEcho,ThreatActor,ShadowPad,Malware,USES,
PROMETHIUM,ThreatActor,Digital Certificates,Technique,USES,T1587.003
APT39,ThreatActor,PsExec,Malware,USES,
Leviathan,ThreatActor,BLACKCOFFEE,Malware,USES,
Lazarus Group,ThreatActor,Name Resolution Poisoning and SMB Relay,Technique,USES,T1557.001
WIRTE,ThreatActor,IronWind,Malware,USES,
Patchwork,ThreatActor,Malicious Link,Technique,USES,T1204.001
ZIRCONIUM,ThreatActor,Spearphishing Link,Technique,USES,T1566.002
FIN6,ThreatActor,Access Token Manipulation,Technique,USES,T1134
Mustang Panda,ThreatActor,Windows Command Shell,Technique,USES,T1059.003
FIN13,ThreatActor,Mimikatz,Malware,USES,
Deep Panda,ThreatActor,Hidden Window,Technique,USES,T1564.003
Rocke,ThreatActor,Dead Drop Resolver,Technique,USES,T1102.001
OilRig,ThreatActor,Deobfuscate/Decode Files or Information,Technique,USES,T1140
Sidewinder,ThreatActor,Dynamic Data Exchange,Technique,USES,T1559.002
Magic Hound,ThreatActor,Visual Basic,Technique,USES,T1059.005
RedCurl,ThreatActor,Visual Basic,Technique,USES,T1059.005
Volt Typhoon,ThreatActor,Tasklist,Malware,USES,
Sandworm Team,ThreatActor,SDelete,Malware,USES,
Leviathan,ThreatActor,Drive-by Compromise,Technique,USES,T1189
CURIUM,ThreatActor,Drive-by Target,Technique,USES,T1608.004
Kimsuky,ThreatActor,Financial Theft,Technique,USES,T1657
Metador,ThreatActor,Malware,Technique,USES,T1588.001
Velvet Ant,ThreatActor,Asymmetric Cryptography,Technique,USES,T1573.002
LazyScripter,ThreatActor,JavaScript,Technique,USES,T1059.007
Ember Bear,ThreatActor,Password Spraying,Technique,USES,T1110.003
APT3,ThreatActor,Malicious Link,Technique,USES,T1204.001
Silent Librarian,ThreatActor,Email Forwarding Rule,Technique,USES,T1114.003
APT18,ThreatActor,At,Technique,USES,T1053.002
Magic Hound,ThreatActor,Mimikatz,Malware,USES,
Evilnum,ThreatActor,DLL,Technique,USES,T1574.001
Volt Typhoon,ThreatActor,PowerShell,Technique,USES,T1059.001
APT29,ThreatActor,Match Legitimate Resource Name or Location,Technique,USES,T1036.005
menuPass,ThreatActor,PlugX,Malware,USES,
Volt Typhoon,ThreatActor,Log Enumeration,Technique,USES,T1654
Kimsuky,ThreatActor,Local Account,Technique,USES,T1136.001
RTM,ThreatActor,Remote Desktop Software,Technique,USES,T1219.002
Silence,ThreatActor,Compiled HTML File,Technique,USES,T1218.001
Turla,ThreatActor,Crutch,Malware,USES,
Ember Bear,ThreatActor,Scanning IP Blocks,Technique,USES,T1595.001
Chimera,ThreatActor,Local Data Staging,Technique,USES,T1074.001
Wizard Spider,ThreatActor,Ryuk,Malware,USES,
GOLD SOUTHFIELD,ThreatActor,Compromise Software Supply Chain,Technique,USES,T1195.002
Turla,ThreatActor,Domain Account,Technique,USES,T1087.002
FIN8,ThreatActor,Web Service,Technique,USES,T1102
Threat Group-3390,ThreatActor,Windows Service,Technique,USES,T1543.003
FIN13,ThreatActor,Credentials In Files,Technique,USES,T1552.001
Dragonfly,ThreatActor,Impacket,Malware,USES,
APT3,ThreatActor,Exfiltration Over C2 Channel,Technique,USES,T1041
Fox Kitten,ThreatActor,China Chopper,Malware,USES,
Threat Group-3390,ThreatActor,Trusted Relationship,Technique,USES,T1199
LazyScripter,ThreatActor,Domains,Technique,USES,T1583.001
SilverTerrier,ThreatActor,NanoCore,Malware,USES,
Wizard Spider,ThreatActor,Rundll32,Technique,USES,T1218.011
VOID MANTICORE,ThreatActor,Software Deployment Tools,Technique,USES,T1072
FIN8,ThreatActor,Ragnar Locker,Malware,USES,
Sandworm Team,ThreatActor,Credentials from Web Browsers,Technique,USES,T1555.003
APT41,ThreatActor,ipconfig,Malware,USES,
Gamaredon Group,ThreatActor,Component Object Model,Technique,USES,T1559.001
Ke3chang,ThreatActor,MirageFox,Malware,USES,
Threat Group-3390,ThreatActor,System Network Configuration Discovery,Technique,USES,T1016
Tropic Trooper,ThreatActor,ShadowPad,Malware,USES,
Tropic Trooper,ThreatActor,Exfiltration over USB,Technique,USES,T1052.001
Contagious Interview,ThreatActor,Develop Capabilities,Technique,USES,T1587
Lazarus Group,ThreatActor,Process Discovery,Technique,USES,T1057
Mofang,ThreatActor,ShimRatReporter,Malware,USES,
Inception,ThreatActor,PowerShower,Malware,USES,
Magic Hound,ThreatActor,Disable or Modify Windows Event Log,Technique,USES,T1685.001
Tropic Trooper,ThreatActor,Registry Run Keys / Startup Folder,Technique,USES,T1547.001
APT28,ThreatActor,Dynamic Data Exchange,Technique,USES,T1559.002
BlackByte,ThreatActor,Internal Defacement,Technique,USES,T1491.001
Tropic Trooper,ThreatActor,Web Shell,Technique,USES,T1505.003
Threat Group-3390,ThreatActor,Ingress Tool Transfer,Technique,USES,T1105
APT28,ThreatActor,Match Legitimate Resource Name or Location,Technique,USES,T1036.005
Mustang Panda,ThreatActor,SplatCloak,Malware,USES,
Storm-1811,ThreatActor,Malicious File,Technique,USES,T1204.002
TA551,ThreatActor,Standard Encoding,Technique,USES,T1132.001
Patchwork,ThreatActor,Security Software Discovery,Technique,USES,T1518.001
APT41,ThreatActor,Scheduled Task,Technique,USES,T1053.005
Earth Lusca,ThreatActor,Print Processors,Technique,USES,T1547.012
Tropic Trooper,ThreatActor,Asymmetric Cryptography,Technique,USES,T1573.002
Turla,ThreatActor,Uroburos,Malware,USES,
OilRig,ThreatActor,Code Signing,Technique,USES,T1553.002
APT29,ThreatActor,PolyglotDuke,Malware,USES,
FIN7,ThreatActor,User Activity Based Checks,Technique,USES,T1497.002
Lazarus Group,ThreatActor,Registry Run Keys / Startup Folder,Technique,USES,T1547.001
MoustachedBouncer,ThreatActor,Proxy,Technique,USES,T1090
APT41,ThreatActor,Registry Run Keys / Startup Folder,Technique,USES,T1547.001
TA2541,ThreatActor,Process Injection,Technique,USES,T1055
OilRig,ThreatActor,Solar,Malware,USES,
Windshift,ThreatActor,Registry Run Keys / Startup Folder,Technique,USES,T1547.001
CURIUM,ThreatActor,Exfiltration Over Asymmetric Encrypted Non-C2 Protocol,Technique,USES,T1048.002
FIN7,ThreatActor,PowerSploit,Malware,USES,
FIN13,ThreatActor,Financial Theft,Technique,USES,T1657
Cobalt Group,ThreatActor,Process Injection,Technique,USES,T1055
Rocke,ThreatActor,Boot or Logon Initialization Scripts,Technique,USES,T1037
Leviathan,ThreatActor,Windows Management Instrumentation Event Subscription,Technique,USES,T1546.003
Storm-0501,ThreatActor,Process Discovery,Technique,USES,T1057
FIN5,ThreatActor,Brute Force,Technique,USES,T1110
Threat Group-3390,ThreatActor,Keylogging,Technique,USES,T1056.001
MirrorFace,ThreatActor,Malicious File,Technique,USES,T1204.002
FIN8,ThreatActor,PUNCHTRACK,Malware,USES,
TeamTNT,ThreatActor,Rootkit,Technique,USES,T1014
APT39,ThreatActor,AutoHotKey & AutoIT,Technique,USES,T1059.010
VOID MANTICORE,ThreatActor,LSASS Memory,Technique,USES,T1003.001
Aquatic Panda,ThreatActor,System Service Discovery,Technique,USES,T1007
INC Ransom,ThreatActor,Service Execution,Technique,USES,T1569.002
Cinnamon Tempest,ThreatActor,Cheerscrypt,Malware,USES,
TeamTNT,ThreatActor,Private Keys,Technique,USES,T1552.004
Scattered Spider,ThreatActor,Tor,Malware,USES,
MuddyWater,ThreatActor,Security Software Discovery,Technique,USES,T1518.001
BRONZE BUTLER,ThreatActor,System Time Discovery,Technique,USES,T1124
Evilnum,ThreatActor,Malicious Link,Technique,USES,T1204.001
Velvet Ant,ThreatActor,Service Execution,Technique,USES,T1569.002
APT32,ThreatActor,Drive-by Target,Technique,USES,T1608.004
APT29,ThreatActor,Password Spraying,Technique,USES,T1110.003
Confucius,ThreatActor,Spearphishing Attachment,Technique,USES,T1566.001
Saint Bear,ThreatActor,PowerShell,Technique,USES,T1059.001
Agrius,ThreatActor,Automated Collection,Technique,USES,T1119
APT-C-36,ThreatActor,Tool,Technique,USES,T1588.002
Transparent Tribe,ThreatActor,Domains,Technique,USES,T1583.001
Leviathan,ThreatActor,Steganography,Technique,USES,T1027.003
Sandworm Team,ThreatActor,Service Stop,Technique,USES,T1489
Agrius,ThreatActor,Security Account Manager,Technique,USES,T1003.002
BlackByte,ThreatActor,Web Protocols,Technique,USES,T1071.001
Leviathan,ThreatActor,BADFLICK,Malware,USES,
Sidewinder,ThreatActor,File and Directory Discovery,Technique,USES,T1083
MirrorFace,ThreatActor,LODEINFO,Malware,USES,
Velvet Ant,ThreatActor,System Network Connections Discovery,Technique,USES,T1049
Sandworm Team,ThreatActor,Empire,Malware,USES,
Malteiro,ThreatActor,System Information Discovery,Technique,USES,T1082
Blue Mockingbird,ThreatActor,Access Token Manipulation,Technique,USES,T1134
APT5,ThreatActor,SLIGHTPULSE,Malware,USES,
Tonto Team,ThreatActor,ShadowPad,Malware,USES,
Fox Kitten,ThreatActor,Exploit Public-Facing Application,Technique,USES,T1190
FIN6,ThreatActor,Cobalt Strike,Malware,USES,
BlackByte,ThreatActor,Domain Account,Technique,USES,T1087.002
RedCurl,ThreatActor,Archive via Utility,Technique,USES,T1560.001
TeamTNT,ThreatActor,Peirates,Malware,USES,
Play,ThreatActor,SMB/Windows Admin Shares,Technique,USES,T1021.002
APT32,ThreatActor,Exfiltration Over C2 Channel,Technique,USES,T1041
Magic Hound,ThreatActor,Vulnerability Scanning,Technique,USES,T1595.002
UNC3886,ThreatActor,Timestomp,Technique,USES,T1070.006
ZIRCONIUM,ThreatActor,Domains,Technique,USES,T1583.001
Leviathan,ThreatActor,Social Media Accounts,Technique,USES,T1585.001
Gorgon Group,ThreatActor,NanoCore,Malware,USES,
Lotus Blossom,ThreatActor,Windows Management Instrumentation,Technique,USES,T1047
Turla,ThreatActor,Disable or Modify Tools,Technique,USES,T1685
BRONZE BUTLER,ThreatActor,ABK,Malware,USES,
WIRTE,ThreatActor,Tool,Technique,USES,T1588.002
Earth Lusca,ThreatActor,PowerShell,Technique,USES,T1059.001
APT1,ThreatActor,gsecdump,Malware,USES,
Tonto Team,ThreatActor,OS Credential Dumping,Technique,USES,T1003
Cinnamon Tempest,ThreatActor,Domain Accounts,Technique,USES,T1078.002
LAPSUS$,ThreatActor,Service Stop,Technique,USES,T1489
Naikon,ThreatActor,RainyDay,Malware,USES,
Threat Group-3390,ThreatActor,PowerShell,Technique,USES,T1059.001
Contagious Interview,ThreatActor,File Deletion,Technique,USES,T1070.004
Earth Lusca,ThreatActor,Python,Technique,USES,T1059.006
Molerats,ThreatActor,Process Discovery,Technique,USES,T1057
TA459,ThreatActor,PlugX,Malware,USES,
APT33,ThreatActor,POWERTON,Malware,USES,
Higaisa,ThreatActor,certutil,Malware,USES,
Scattered Spider,ThreatActor,Mimikatz,Malware,USES,
HEXANE,ThreatActor,Email Accounts,Technique,USES,T1586.002
MuddyWater,ThreatActor,Local Data Staging,Technique,USES,T1074.001
Ember Bear,ThreatActor,Web Shell,Technique,USES,T1505.003
FIN6,ThreatActor,Windows Credential Editor,Malware,USES,
APT29,ThreatActor,Remote Email Collection,Technique,USES,T1114.002
Inception,ThreatActor,Malicious File,Technique,USES,T1204.002
APT41,ThreatActor,sqlmap,Malware,USES,
Earth Lusca,ThreatActor,Process Discovery,Technique,USES,T1057
Lazarus Group,ThreatActor,Disable or Modify Tools,Technique,USES,T1685
APT32,ThreatActor,Masquerade Task or Service,Technique,USES,T1036.004
LazyScripter,ThreatActor,Visual Basic,Technique,USES,T1059.005
EXOTIC LILY,ThreatActor,Spearphishing Link,Technique,USES,T1566.002
Winter Vivern,ThreatActor,Masquerade Task or Service,Technique,USES,T1036.004
Play,ThreatActor,PsExec,Malware,USES,
Naikon,ThreatActor,Add-ins,Technique,USES,T1137.006
Dragonfly,ThreatActor,Data from Local System,Technique,USES,T1005
TA505,ThreatActor,JavaScript,Technique,USES,T1059.007
TeamTNT,ThreatActor,Escape to Host,Technique,USES,T1611
TA2541,ThreatActor,PowerShell,Technique,USES,T1059.001
APT38,ThreatActor,Mshta,Technique,USES,T1218.005
MuddyWater,ThreatActor,Screen Capture,Technique,USES,T1113
PLATINUM,ThreatActor,Dipsind,Malware,USES,
Magic Hound,ThreatActor,Masquerade Account Name,Technique,USES,T1036.010
APT32,ThreatActor,OS Credential Dumping,Technique,USES,T1003
Play,ThreatActor,Empire,Malware,USES,
Mofang,ThreatActor,ShimRat,Malware,USES,
Mustang Panda,ThreatActor,Exfiltration over USB,Technique,USES,T1052.001
HAFNIUM,ThreatActor,Covenant,Malware,USES,
APT38,ThreatActor,Timestomp,Technique,USES,T1070.006
ToddyCat,ThreatActor,Non-Application Layer Protocol,Technique,USES,T1095
CURIUM,ThreatActor,Data from Local System,Technique,USES,T1005
ToddyCat,ThreatActor,Domain Accounts,Technique,USES,T1078.002
Ke3chang,ThreatActor,System Network Configuration Discovery,Technique,USES,T1016
Silence,ThreatActor,Software Deployment Tools,Technique,USES,T1072
APT42,ThreatActor,Impersonation,Technique,USES,T1684.001
CURIUM,ThreatActor,Social Media Accounts,Technique,USES,T1585.001
Deep Panda,ThreatActor,PowerShell,Technique,USES,T1059.001
Indrik Spider,ThreatActor,PowerShell,Technique,USES,T1059.001
Tropic Trooper,ThreatActor,Windows Command Shell,Technique,USES,T1059.003
Magic Hound,ThreatActor,Systeminfo,Malware,USES,
RedCurl,ThreatActor,Symmetric Cryptography,Technique,USES,T1573.001
OilRig,ThreatActor,Exfiltration Over Unencrypted Non-C2 Protocol,Technique,USES,T1048.003
APT5,ThreatActor,Archive via Utility,Technique,USES,T1560.001
Salt Typhoon,ThreatActor,Network Sniffing,Technique,USES,T1040
FIN7,ThreatActor,CrackMapExec,Malware,USES,
Chimera,ThreatActor,Sharepoint,Technique,USES,T1213.002
FIN4,ThreatActor,Email Hiding Rules,Technique,USES,T1564.008
APT32,ThreatActor,Local Accounts,Technique,USES,T1078.003
APT29,ThreatActor,AADInternals,Malware,USES,
Cobalt Group,ThreatActor,PowerShell,Technique,USES,T1059.001
Deep Panda,ThreatActor,Sakula,Malware,USES,
Thrip,ThreatActor,Mimikatz,Malware,USES,
Axiom,ThreatActor,Remote Desktop Protocol,Technique,USES,T1021.001
menuPass,ThreatActor,InstallUtil,Technique,USES,T1218.004
Fox Kitten,ThreatActor,Password Managers,Technique,USES,T1555.005
Lazarus Group,ThreatActor,Email Addresses,Technique,USES,T1589.002
Scattered Spider,ThreatActor,System Network Configuration Discovery,Technique,USES,T1016
Rancor,ThreatActor,Scheduled Task,Technique,USES,T1053.005
Storm-0501,ThreatActor,Security Software Discovery,Technique,USES,T1518.001
Ember Bear,ThreatActor,Establish Accounts,Technique,USES,T1585
APT32,ThreatActor,Gather Victim Identity Information,Technique,USES,T1589
Naikon,ThreatActor,System Network Configuration Discovery,Technique,USES,T1016
PittyTiger,ThreatActor,Lurid,Malware,USES,
LuminousMoth,ThreatActor,PlugX,Malware,USES,
Naikon,ThreatActor,Match Legitimate Resource Name or Location,Technique,USES,T1036.005
Mustang Panda,ThreatActor,LSASS Memory,Technique,USES,T1003.001
Contagious Interview,ThreatActor,Tool,Technique,USES,T1588.002
Windshift,ThreatActor,Software Discovery,Technique,USES,T1518
APT38,ThreatActor,Disable or Modify System Firewall,Technique,USES,T1686
APT28,ThreatActor,Automated Collection,Technique,USES,T1119
Confucius,ThreatActor,Exploitation for Client Execution,Technique,USES,T1203
menuPass,ThreatActor,Net,Malware,USES,
APT32,ThreatActor,Timestomp,Technique,USES,T1070.006
Leviathan,ThreatActor,PowerShell,Technique,USES,T1059.001
Ember Bear,ThreatActor,CrackMapExec,Malware,USES,
Fox Kitten,ThreatActor,NTDS,Technique,USES,T1003.003
Chimera,ThreatActor,Network Share Discovery,Technique,USES,T1135
Winter Vivern,ThreatActor,Screen Capture,Technique,USES,T1113
Earth Lusca,ThreatActor,Scheduled Task,Technique,USES,T1053.005
Threat Group-3390,ThreatActor,China Chopper,Malware,USES,
Higaisa,ThreatActor,Web Protocols,Technique,USES,T1071.001
Dragonfly,ThreatActor,File Deletion,Technique,USES,T1070.004
TA505,ThreatActor,Malicious Link,Technique,USES,T1204.001
Poseidon Group,ThreatActor,System Service Discovery,Technique,USES,T1007
APT28,ThreatActor,HIDEDRV,Malware,USES,
APT-C-36,ThreatActor,Malware,Technique,USES,T1587.001
APT29,ThreatActor,MiniDuke,Malware,USES,
BlackByte,ThreatActor,BlackByte Ransomware,Malware,USES,
MoustachedBouncer,ThreatActor,Exploitation for Privilege Escalation,Technique,USES,T1068
APT41,ThreatActor,Accessibility Features,Technique,USES,T1546.008
Leviathan,ThreatActor,Shortcut Modification,Technique,USES,T1547.009
Storm-0501,ThreatActor,Data Encrypted for Impact,Technique,USES,T1486
FIN7,ThreatActor,JavaScript,Technique,USES,T1059.007
Wizard Spider,ThreatActor,Kerberoasting,Technique,USES,T1558.003
FIN13,ThreatActor,Tool,Technique,USES,T1588.002
LAPSUS$,ThreatActor,Code Repositories,Technique,USES,T1593.003
Aquatic Panda,ThreatActor,Log Enumeration,Technique,USES,T1654
OilRig,ThreatActor,ipconfig,Malware,USES,
APT28,ThreatActor,Cloud Accounts,Technique,USES,T1078.004
APT32,ThreatActor,Drive-by Compromise,Technique,USES,T1189
Mustang Panda,ThreatActor,Tool,Technique,USES,T1588.002
Volatile Cedar,ThreatActor,Explosive,Malware,USES,
Agrius,ThreatActor,Archive via Utility,Technique,USES,T1560.001
BRONZE BUTLER,ThreatActor,Drive-by Compromise,Technique,USES,T1189
Leviathan,ThreatActor,Empire,Malware,USES,
APT28,ThreatActor,Template Injection,Technique,USES,T1221
APT41,ThreatActor,China Chopper,Malware,USES,
LAPSUS$,ThreatActor,Cloud Account,Technique,USES,T1136.003
Tropic Trooper,ThreatActor,Native API,Technique,USES,T1106
Cobalt Group,ThreatActor,Tool,Technique,USES,T1588.002
EXOTIC LILY,ThreatActor,Malicious File,Technique,USES,T1204.002
Volt Typhoon,ThreatActor,Exploitation for Privilege Escalation,Technique,USES,T1068
TA2541,ThreatActor,Encrypted/Encoded File,Technique,USES,T1027.013
Indrik Spider,ThreatActor,Domain Accounts,Technique,USES,T1078.002
Agrius,ThreatActor,Masquerading,Technique,USES,T1036
APT29,ThreatActor,Binary Padding,Technique,USES,T1027.001
Wizard Spider,ThreatActor,PowerShell,Technique,USES,T1059.001
GALLIUM,ThreatActor,BlackMould,Malware,USES,
RedCurl,ThreatActor,Web Protocols,Technique,USES,T1071.001
Aquatic Panda,ThreatActor,SSH,Technique,USES,T1021.004
Kimsuky,ThreatActor,System Service Discovery,Technique,USES,T1007
Turla,ThreatActor,File/Path Exclusions,Technique,USES,T1564.012
Stealth Falcon,ThreatActor,Symmetric Cryptography,Technique,USES,T1573.001
APT28,ThreatActor,Data from Local System,Technique,USES,T1005
HAFNIUM,ThreatActor,Gather Victim Network Information,Technique,USES,T1590
Storm-0501,ThreatActor,Financial Theft,Technique,USES,T1657
Ember Bear,ThreatActor,External Defacement,Technique,USES,T1491.002
Patchwork,ThreatActor,Exploitation for Client Execution,Technique,USES,T1203
Ember Bear,ThreatActor,Responder,Malware,USES,
APT28,ThreatActor,Sharepoint,Technique,USES,T1213.002
Wizard Spider,ThreatActor,Exfiltration to Cloud Storage,Technique,USES,T1567.002
LuminousMoth,ThreatActor,Malicious Link,Technique,USES,T1204.001
Kimsuky,ThreatActor,Dynamic Resolution,Technique,USES,T1568
Ajax Security Team,ThreatActor,Malicious File,Technique,USES,T1204.002
Stealth Falcon,ThreatActor,Query Registry,Technique,USES,T1012
HAFNIUM,ThreatActor,Web Shell,Technique,USES,T1505.003
VOID MANTICORE,ThreatActor,Cloud Administration Command,Technique,USES,T1651
FIN7,ThreatActor,Registry Run Keys / Startup Folder,Technique,USES,T1547.001
Gamaredon Group,ThreatActor,Query Registry,Technique,USES,T1012
APT32,ThreatActor,Rundll32,Technique,USES,T1218.011
Rancor,ThreatActor,Ingress Tool Transfer,Technique,USES,T1105
Chimera,ThreatActor,Match Legitimate Resource Name or Location,Technique,USES,T1036.005
Mustang Panda,ThreatActor,Digital Certificates,Technique,USES,T1588.004
TA505,ThreatActor,Cobalt Strike,Malware,USES,
FIN6,ThreatActor,Exploitation for Privilege Escalation,Technique,USES,T1068
Star Blizzard,ThreatActor,Gather Victim Identity Information,Technique,USES,T1589
Dark Caracal,ThreatActor,Registry Run Keys / Startup Folder,Technique,USES,T1547.001
Higaisa,ThreatActor,Protocol or Service Impersonation,Technique,USES,T1001.003
FIN7,ThreatActor,Drive-by Target,Technique,USES,T1608.004
RedCurl,ThreatActor,Email Account,Technique,USES,T1087.003
Indrik Spider,ThreatActor,Credentials In Files,Technique,USES,T1552.001
WIRTE,ThreatActor,Rclone,Malware,USES,
TA505,ThreatActor,ServHelper,Malware,USES,
FIN7,ThreatActor,Carbanak,Malware,USES,
APT1,ThreatActor,Local Email Collection,Technique,USES,T1114.001
Contagious Interview,ThreatActor,Launch Agent,Technique,USES,T1543.001
Sandworm Team,ThreatActor,Non-Standard Port,Technique,USES,T1571
Play,ThreatActor,Clear Windows Event Logs,Technique,USES,T1685.005
TA505,ThreatActor,Upload Malware,Technique,USES,T1608.001
FIN10,ThreatActor,Registry Run Keys / Startup Folder,Technique,USES,T1547.001
APT12,ThreatActor,Exploitation for Client Execution,Technique,USES,T1203
Threat Group-3390,ThreatActor,HTTPBrowser,Malware,USES,
APT28,ThreatActor,JHUHUGIT,Malware,USES,
Scattered Spider,ThreatActor,File and Directory Discovery,Technique,USES,T1083
Wizard Spider,ThreatActor,Modify Registry,Technique,USES,T1112
TA459,ThreatActor,Spearphishing Attachment,Technique,USES,T1566.001
APT28,ThreatActor,Valid Accounts,Technique,USES,T1078
APT12,ThreatActor,Ixeshe,Malware,USES,
APT1,ThreatActor,Pass-The-Hash Toolkit,Malware,USES,
Turla,ThreatActor,PowerStallion,Malware,USES,
LAPSUS$,ThreatActor,Email Forwarding Rule,Technique,USES,T1114.003
Lotus Blossom,ThreatActor,Emissary,Malware,USES,
Kimsuky,ThreatActor,gh0st RAT,Malware,USES,
Whitefly,ThreatActor,Exploitation for Privilege Escalation,Technique,USES,T1068
Aoqin Dragon,ThreatActor,File and Directory Discovery,Technique,USES,T1083
Mustang Panda,ThreatActor,Archive via Custom Method,Technique,USES,T1560.003
APT32,ThreatActor,Command and Scripting Interpreter,Technique,USES,T1059
Dragonfly,ThreatActor,Command and Scripting Interpreter,Technique,USES,T1059
Mustang Panda,ThreatActor,PAKLOG,Malware,USES,
FIN13,ThreatActor,Make and Impersonate Token,Technique,USES,T1134.003
FIN8,ThreatActor,dsquery,Malware,USES,
HAFNIUM,ThreatActor,Email Addresses,Technique,USES,T1589.002
APT42,ThreatActor,System Network Configuration Discovery,Technique,USES,T1016
APT32,ThreatActor,Modify Registry,Technique,USES,T1112
BlackByte,ThreatActor,Lateral Tool Transfer,Technique,USES,T1570
APT32,ThreatActor,Mail Protocols,Technique,USES,T1071.003
Magic Hound,ThreatActor,Email Addresses,Technique,USES,T1589.002
HEXANE,ThreatActor,Password Spraying,Technique,USES,T1110.003
VOID MANTICORE,ThreatActor,Virtual Private Server,Technique,USES,T1583.003
MuddyWater,ThreatActor,Web Protocols,Technique,USES,T1071.001
Kimsuky,ThreatActor,Binary Padding,Technique,USES,T1027.001
BlackByte,ThreatActor,Virtual Private Server,Technique,USES,T1583.003
APT32,ThreatActor,Archive Collected Data,Technique,USES,T1560
Turla,ThreatActor,Gazer,Malware,USES,
Wizard Spider,ThreatActor,Inhibit System Recovery,Technique,USES,T1490
Elderwood,ThreatActor,Vasport,Malware,USES,
Turla,ThreatActor,Kazuar,Malware,USES,
APT42,ThreatActor,Local Account,Technique,USES,T1087.001
AppleJeus,ThreatActor,Financial Theft,Technique,USES,T1657
Chimera,ThreatActor,Lateral Tool Transfer,Technique,USES,T1570
Silence,ThreatActor,Screen Capture,Technique,USES,T1113
MuddyWater,ThreatActor,Disable or Modify Tools,Technique,USES,T1685
FIN13,ThreatActor,Ingress Tool Transfer,Technique,USES,T1105
Mustang Panda,ThreatActor,File Deletion,Technique,USES,T1070.004
Magic Hound,ThreatActor,Malicious Link,Technique,USES,T1204.001
MuddyWater,ThreatActor,Software Discovery,Technique,USES,T1518
APT38,ThreatActor,Data Destruction,Technique,USES,T1485
TA505,ThreatActor,BloodHound,Malware,USES,
Tropic Trooper,ThreatActor,DLL,Technique,USES,T1574.001
APT39,ThreatActor,Malicious Link,Technique,USES,T1204.001
Agrius,ThreatActor,LSASS Memory,Technique,USES,T1003.001
Contagious Interview,ThreatActor,Exfiltration Over C2 Channel,Technique,USES,T1041
Aquatic Panda,ThreatActor,Modify Registry,Technique,USES,T1112
Ke3chang,ThreatActor,Tool,Technique,USES,T1588.002
Ke3chang,ThreatActor,Net,Malware,USES,
Volt Typhoon,ThreatActor,Screen Capture,Technique,USES,T1113
Kimsuky,ThreatActor,Email Accounts,Technique,USES,T1586.002
Earth Lusca,ThreatActor,DLL,Technique,USES,T1574.001
Lotus Blossom,ThreatActor,Domain Trust Discovery,Technique,USES,T1482
Medusa Group,ThreatActor,Email Accounts,Technique,USES,T1585.002
ToddyCat,ThreatActor,Native API,Technique,USES,T1106
Stealth Falcon,ThreatActor,Web Protocols,Technique,USES,T1071.001
VOID MANTICORE,ThreatActor,Web Services,Technique,USES,T1583.006
Malteiro,ThreatActor,Visual Basic,Technique,USES,T1059.005
INC Ransom,ThreatActor,Remote Access Tools,Technique,USES,T1219
Sandworm Team,ThreatActor,File Deletion,Technique,USES,T1070.004
HAFNIUM,ThreatActor,Cloud Secrets Management Stores,Technique,USES,T1555.006
FIN5,ThreatActor,Clear Windows Event Logs,Technique,USES,T1685.005
Tropic Trooper,ThreatActor,File and Directory Discovery,Technique,USES,T1083
Cobalt Group,ThreatActor,Remote Desktop Protocol,Technique,USES,T1021.001
APT32,ThreatActor,Malicious Link,Technique,USES,T1204.001
PROMETHIUM,ThreatActor,Registry Run Keys / Startup Folder,Technique,USES,T1547.001
Gamaredon Group,ThreatActor,Data from Removable Media,Technique,USES,T1025
Naikon,ThreatActor,Nebulae,Malware,USES,
WIRTE,ThreatActor,Email Accounts,Technique,USES,T1586.002
Mofang,ThreatActor,Malicious Link,Technique,USES,T1204.001
Ke3chang,ThreatActor,Automated Exfiltration,Technique,USES,T1020
Lazarus Group,ThreatActor,Disk Content Wipe,Technique,USES,T1561.001
Star Blizzard,ThreatActor,Email Accounts,Technique,USES,T1585.002
APT28,ThreatActor,Data from Removable Media,Technique,USES,T1025
Kimsuky,ThreatActor,Archive via Custom Method,Technique,USES,T1560.003
Threat Group-3390,ThreatActor,Valid Accounts,Technique,USES,T1078
Rocke,ThreatActor,Software Packing,Technique,USES,T1027.002
APT32,ThreatActor,Web Protocols,Technique,USES,T1071.001
APT1,ThreatActor,CALENDAR,Malware,USES,
APT41,ThreatActor,ShadowPad,Malware,USES,
BITTER,ThreatActor,Encrypted Channel,Technique,USES,T1573
Chimera,ThreatActor,System Service Discovery,Technique,USES,T1007
BlackTech,ThreatActor,Spearphishing Attachment,Technique,USES,T1566.001
Chimera,ThreatActor,Command Obfuscation,Technique,USES,T1027.010
Medusa Group,ThreatActor,Rclone,Malware,USES,
Dark Caracal,ThreatActor,File and Directory Discovery,Technique,USES,T1083
Lazarus Group,ThreatActor,Internal Defacement,Technique,USES,T1491.001
Scarlet Mimic,ThreatActor,Psylo,Malware,USES,
APT41,ThreatActor,Brute Force,Technique,USES,T1110
Leviathan,ThreatActor,Dynamic-link Library Injection,Technique,USES,T1055.001
Wizard Spider,ThreatActor,External Remote Services,Technique,USES,T1133
APT29,ThreatActor,TEARDROP,Malware,USES,
APT1,ThreatActor,Tasklist,Malware,USES,
Water Galura,ThreatActor,Qilin,Malware,USES,
Wizard Spider,ThreatActor,Winlogon Helper DLL,Technique,USES,T1547.004
Lazarus Group,ThreatActor,Dacls,Malware,USES,
Magic Hound,ThreatActor,Bidirectional Communication,Technique,USES,T1102.002
RedCurl,ThreatActor,Malware,Technique,USES,T1587.001
Ember Bear,ThreatActor,Scheduled Task,Technique,USES,T1053.005
Gorgon Group,ThreatActor,Spearphishing Attachment,Technique,USES,T1566.001
Wizard Spider,ThreatActor,Conti,Malware,USES,
APT28,ThreatActor,Koadic,Malware,USES,
Axiom,ThreatActor,DNS Server,Technique,USES,T1583.002
Mustang Panda,ThreatActor,Shared Modules,Technique,USES,T1129
APT29,ThreatActor,Hybrid Identity,Technique,USES,T1556.007
Storm-1811,ThreatActor,Impacket,Malware,USES,
Leviathan,ThreatActor,Spearphishing Attachment,Technique,USES,T1566.001
Leviathan,ThreatActor,gh0st RAT,Malware,USES,
SilverTerrier,ThreatActor,Agent Tesla,Malware,USES,
Indrik Spider,ThreatActor,Exfiltration to Cloud Storage,Technique,USES,T1567.002
Akira,ThreatActor,Remote Desktop Protocol,Technique,USES,T1021.001
APT41,ThreatActor,Pass the Hash,Technique,USES,T1550.002
MuddyWater,ThreatActor,File and Directory Discovery,Technique,USES,T1083
Axiom,ThreatActor,Exploitation for Client Execution,Technique,USES,T1203
Magic Hound,ThreatActor,System Owner/User Discovery,Technique,USES,T1033
Threat Group-3390,ThreatActor,Drive-by Target,Technique,USES,T1608.004
MirrorFace,ThreatActor,Remote System Discovery,Technique,USES,T1018
GALLIUM,ThreatActor,LSASS Memory,Technique,USES,T1003.001
UNC3886,ThreatActor,Prevent Command History Logging,Technique,USES,T1690
APT37,ThreatActor,ROKRAT,Malware,USES,
Threat Group-3390,ThreatActor,Tool,Technique,USES,T1588.002
Higaisa,ThreatActor,Exploitation for Client Execution,Technique,USES,T1203
ZIRCONIUM,ThreatActor,System Owner/User Discovery,Technique,USES,T1033
Lazarus Group,ThreatActor,KEYMARBLE,Malware,USES,
Silence,ThreatActor,Command Obfuscation,Technique,USES,T1027.010
Lazarus Group,ThreatActor,Tool,Technique,USES,T1588.002
admin@338,ThreatActor,PoisonIvy,Malware,USES,
WIRTE,ThreatActor,Exfiltration Over C2 Channel,Technique,USES,T1041
Mofang,ThreatActor,Spearphishing Attachment,Technique,USES,T1566.001
APT-C-36,ThreatActor,Obfuscated Files or Information,Technique,USES,T1027
Lazarus Group,ThreatActor,Shortcut Modification,Technique,USES,T1547.009
Ke3chang,ThreatActor,System Service Discovery,Technique,USES,T1007
APT42,ThreatActor,Email Accounts,Technique,USES,T1585.002
menuPass,ThreatActor,Native API,Technique,USES,T1106
Velvet Ant,ThreatActor,RC Scripts,Technique,USES,T1037.004
Threat Group-3390,ThreatActor,Remote System Discovery,Technique,USES,T1018
FIN6,ThreatActor,AdFind,Malware,USES,
Medusa Group,ThreatActor,Valid Accounts,Technique,USES,T1078
APT1,ThreatActor,Malware,Technique,USES,T1588.001
Storm-0501,ThreatActor,Rclone,Malware,USES,
Ke3chang,ThreatActor,Windows Service,Technique,USES,T1543.003
Chimera,ThreatActor,Clear Windows Event Logs,Technique,USES,T1685.005
Kimsuky,ThreatActor,Timestomp,Technique,USES,T1070.006
Akira,ThreatActor,PowerShell,Technique,USES,T1059.001
VOID MANTICORE,ThreatActor,Windows Host Firewall,Technique,USES,T1686.003
Cinnamon Tempest,ThreatActor,Exploit Public-Facing Application,Technique,USES,T1190
Lazarus Group,ThreatActor,Visual Basic,Technique,USES,T1059.005
FIN5,ThreatActor,Tool,Technique,USES,T1588.002
Windigo,ThreatActor,Proxy,Technique,USES,T1090
Malteiro,ThreatActor,Encrypted/Encoded File,Technique,USES,T1027.013
Gamaredon Group,ThreatActor,Remcos,Malware,USES,
Lazarus Group,ThreatActor,Bootkit,Technique,USES,T1542.003
Gamaredon Group,ThreatActor,Template Injection,Technique,USES,T1221
Darkhotel,ThreatActor,Virtualization/Sandbox Evasion,Technique,USES,T1497
Lazarus Group,ThreatActor,Rundll32,Technique,USES,T1218.011
BlackByte,ThreatActor,Exploit Public-Facing Application,Technique,USES,T1190
HAFNIUM,ThreatActor,Code Repositories,Technique,USES,T1593.003
admin@338,ThreatActor,Local Groups,Technique,USES,T1069.001
Medusa Group,ThreatActor,Ingress Tool Transfer,Technique,USES,T1105
Kimsuky,ThreatActor,Spearphishing Link,Technique,USES,T1598.003
Cobalt Group,ThreatActor,Visual Basic,Technique,USES,T1059.005
Contagious Interview,ThreatActor,Social Media,Technique,USES,T1593.001
APT5,ThreatActor,Skeleton Key,Malware,USES,
Medusa Group,ThreatActor,Medusa Ransomware,Malware,USES,
Gamaredon Group,ThreatActor,Disable or Modify Tools,Technique,USES,T1685
WIRTE,ThreatActor,Domains,Technique,USES,T1583.001
GCMAN,ThreatActor,SSH,Technique,USES,T1021.004
Naikon,ThreatActor,RARSTONE,Malware,USES,
Cleaver,ThreatActor,Malware,Technique,USES,T1587.001
APT18,ThreatActor,hcdLoader,Malware,USES,
Sandworm Team,ThreatActor,Windows Management Instrumentation,Technique,USES,T1047
Turla,ThreatActor,Peripheral Device Discovery,Technique,USES,T1120
Turla,ThreatActor,Exfiltration to Cloud Storage,Technique,USES,T1567.002
CURIUM,ThreatActor,Email Accounts,Technique,USES,T1585.002
LAPSUS$,ThreatActor,Business Relationships,Technique,USES,T1591.002
Lazarus Group,ThreatActor,Web Services,Technique,USES,T1583.006
Indrik Spider,ThreatActor,Donut,Malware,USES,
LAPSUS$,ThreatActor,Mimikatz,Malware,USES,
Kimsuky,ThreatActor,LNK Icon Smuggling,Technique,USES,T1027.012
Aquatic Panda,ThreatActor,Match Legitimate Resource Name or Location,Technique,USES,T1036.005
Kimsuky,ThreatActor,Search Open Technical Databases,Technique,USES,T1596
FIN5,ThreatActor,PsExec,Malware,USES,
Wizard Spider,ThreatActor,Masquerade Task or Service,Technique,USES,T1036.004
Akira,ThreatActor,Financial Theft,Technique,USES,T1657
Magic Hound,ThreatActor,Additional Email Delegate Permissions,Technique,USES,T1098.002
Sandworm Team,ThreatActor,Email Account,Technique,USES,T1087.003
Storm-1811,ThreatActor,Spearphishing Voice,Technique,USES,T1566.004
APT32,ThreatActor,Match Legitimate Resource Name or Location,Technique,USES,T1036.005
Ke3chang,ThreatActor,Exploit Public-Facing Application,Technique,USES,T1190
Kimsuky,ThreatActor,AppleSeed,Malware,USES,
Cobalt Group,ThreatActor,Exploitation for Client Execution,Technique,USES,T1203
Sandworm Team,ThreatActor,SMB/Windows Admin Shares,Technique,USES,T1021.002
PittyTiger,ThreatActor,gsecdump,Malware,USES,
Thrip,ThreatActor,Tool,Technique,USES,T1588.002
APT38,ThreatActor,Brute Force,Technique,USES,T1110
Magic Hound,ThreatActor,File Deletion,Technique,USES,T1070.004
Magic Hound,ThreatActor,ipconfig,Malware,USES,
Dragonfly,ThreatActor,Clear Windows Event Logs,Technique,USES,T1685.005
Lazarus Group,ThreatActor,Keylogging,Technique,USES,T1056.001
MirrorFace,ThreatActor,System Network Configuration Discovery,Technique,USES,T1016
OilRig,ThreatActor,Brute Force,Technique,USES,T1110
APT29,ThreatActor,PowerShell,Technique,USES,T1059.001
OilRig,ThreatActor,Visual Basic,Technique,USES,T1059.005
LuminousMoth,ThreatActor,DLL,Technique,USES,T1574.001
APT41,ThreatActor,Dynamic Linker Hijacking,Technique,USES,T1574.006
Kimsuky,ThreatActor,Junk Code Insertion,Technique,USES,T1027.016
Inception,ThreatActor,Web Protocols,Technique,USES,T1071.001
Turla,ThreatActor,Bidirectional Communication,Technique,USES,T1102.002
Molerats,ThreatActor,Spearphishing Link,Technique,USES,T1566.002
Storm-0501,ThreatActor,Cloud Accounts,Technique,USES,T1078.004
WIRTE,ThreatActor,Web Protocols,Technique,USES,T1071.001
APT37,ThreatActor,Dynamic Data Exchange,Technique,USES,T1559.002
Lazarus Group,ThreatActor,Non-Standard Port,Technique,USES,T1571
Moses Staff,ThreatActor,Tool,Technique,USES,T1588.002
APT32,ThreatActor,File Deletion,Technique,USES,T1070.004
Blue Mockingbird,ThreatActor,Compute Hijacking,Technique,USES,T1496.001
Threat Group-3390,ThreatActor,Domains,Technique,USES,T1583.001
Storm-1811,ThreatActor,QakBot,Malware,USES,
Magic Hound,ThreatActor,Encrypted/Encoded File,Technique,USES,T1027.013
Magic Hound,ThreatActor,Spearphishing Link,Technique,USES,T1566.002
RedCurl,ThreatActor,Local Account,Technique,USES,T1087.001
APT28,ThreatActor,Winexe,Malware,USES,
APT18,ThreatActor,gh0st RAT,Malware,USES,
MuddyWater,ThreatActor,Bypass User Account Control,Technique,USES,T1548.002
menuPass,ThreatActor,PowerSploit,Malware,USES,
Salt Typhoon,ThreatActor,Network Device Configuration Dump,Technique,USES,T1602.002
APT3,ThreatActor,Credentials In Files,Technique,USES,T1552.001
Kimsuky,ThreatActor,Pass the Hash,Technique,USES,T1550.002
HAFNIUM,ThreatActor,Exfiltration to Cloud Storage,Technique,USES,T1567.002
Saint Bear,ThreatActor,Malicious File,Technique,USES,T1204.002
Medusa Group,ThreatActor,Process Discovery,Technique,USES,T1057
Naikon,ThreatActor,Spearphishing Attachment,Technique,USES,T1566.001
BRONZE BUTLER,ThreatActor,at,Malware,USES,
Agrius,ThreatActor,Remote Desktop Protocol,Technique,USES,T1021.001
Storm-0501,ThreatActor,Regsvr32,Technique,USES,T1218.010
Naikon,ThreatActor,HDoor,Malware,USES,
APT12,ThreatActor,Spearphishing Attachment,Technique,USES,T1566.001
Confucius,ThreatActor,Local Storage Discovery,Technique,USES,T1680
BITTER,ThreatActor,Exploitation for Privilege Escalation,Technique,USES,T1068
Magic Hound,ThreatActor,Default Accounts,Technique,USES,T1078.001
Lazarus Group,ThreatActor,Standard Encoding,Technique,USES,T1132.001
LAPSUS$,ThreatActor,Delete Cloud Instance,Technique,USES,T1578.003
TA578,ThreatActor,Bumblebee,Malware,USES,
Chimera,ThreatActor,System Network Configuration Discovery,Technique,USES,T1016
APT19,ThreatActor,Spearphishing Attachment,Technique,USES,T1566.001
Machete,ThreatActor,Scheduled Task,Technique,USES,T1053.005
Leviathan,ThreatActor,Server,Technique,USES,T1584.004
APT41,ThreatActor,Windows Command Shell,Technique,USES,T1059.003
APT41,ThreatActor,Security Account Manager,Technique,USES,T1003.002
Kimsuky,ThreatActor,Adversary-in-the-Middle,Technique,USES,T1557
Ember Bear,ThreatActor,Exploitation of Remote Services,Technique,USES,T1210
APT5,ThreatActor,LSASS Memory,Technique,USES,T1003.001
Evilnum,ThreatActor,EVILNUM,Malware,USES,
VOID MANTICORE,ThreatActor,Credentials in Registry,Technique,USES,T1552.002
POLONIUM,ThreatActor,Proxy,Technique,USES,T1090
VOID MANTICORE,ThreatActor,Sharepoint,Technique,USES,T1213.002
Storm-1811,ThreatActor,Encrypted/Encoded File,Technique,USES,T1027.013
Ke3chang,ThreatActor,Match Legitimate Resource Name or Location,Technique,USES,T1036.005
FIN4,ThreatActor,Malicious Link,Technique,USES,T1204.001
RedCurl,ThreatActor,GUI Input Capture,Technique,USES,T1056.002
Turla,ThreatActor,Web Protocols,Technique,USES,T1071.001
Wizard Spider,ThreatActor,Emotet,Malware,USES,
APT38,ThreatActor,Network Share Discovery,Technique,USES,T1135
Aquatic Panda,ThreatActor,Malware,Technique,USES,T1588.001
OilRig,ThreatActor,Spearphishing Link,Technique,USES,T1566.002
BlackByte,ThreatActor,Upload Malware,Technique,USES,T1608.001
Volt Typhoon,ThreatActor,Internal Proxy,Technique,USES,T1090.001
Leviathan,ThreatActor,Exploitation for Client Execution,Technique,USES,T1203
Lazarus Group,ThreatActor,Drive-by Compromise,Technique,USES,T1189
Agrius,ThreatActor,MultiLayer Wiper,Malware,USES,
INC Ransom,ThreatActor,Rclone,Malware,USES,
MirrorFace,ThreatActor,Code Signing,Technique,USES,T1553.002
Suckfly,ThreatActor,Valid Accounts,Technique,USES,T1078
APT16,ThreatActor,Server,Technique,USES,T1584.004
CopyKittens,ThreatActor,Cobalt Strike,Malware,USES,
HEXANE,ThreatActor,Bidirectional Communication,Technique,USES,T1102.002
Chimera,ThreatActor,Network Service Discovery,Technique,USES,T1046
APT37,ThreatActor,Native API,Technique,USES,T1106
FIN8,ThreatActor,Command Obfuscation,Technique,USES,T1027.010
MuddyWater,ThreatActor,Ingress Tool Transfer,Technique,USES,T1105
Wizard Spider,ThreatActor,Domain Account,Technique,USES,T1087.002
Threat Group-3390,ThreatActor,Drive-by Compromise,Technique,USES,T1189
FIN13,ThreatActor,Empire,Malware,USES,
Tropic Trooper,ThreatActor,PoisonIvy,Malware,USES,
Silent Librarian,ThreatActor,Email Accounts,Technique,USES,T1585.002
Volt Typhoon,ThreatActor,Mimikatz,Malware,USES,
Aquatic Panda,ThreatActor,Security Software Discovery,Technique,USES,T1518.001
APT38,ThreatActor,Mark-of-the-Web Bypass,Technique,USES,T1553.005
Darkhotel,ThreatActor,System Checks,Technique,USES,T1497.001
Earth Lusca,ThreatActor,Modify Registry,Technique,USES,T1112
Lazarus Group,ThreatActor,Password Spraying,Technique,USES,T1110.003
Lazarus Group,ThreatActor,Malicious File,Technique,USES,T1204.002
APT42,ThreatActor,Scheduled Task,Technique,USES,T1053.005
CURIUM,ThreatActor,System Time Discovery,Technique,USES,T1124
Agrius,ThreatActor,Exploit Public-Facing Application,Technique,USES,T1190
FIN7,ThreatActor,Disable or Modify System Firewall,Technique,USES,T1686
Moafee,ThreatActor,Binary Padding,Technique,USES,T1027.001
Lazarus Group,ThreatActor,TAINTEDSCRIBE,Malware,USES,
Lazarus Group,ThreatActor,Code Signing,Technique,USES,T1553.002
TA505,ThreatActor,Rundll32,Technique,USES,T1218.011
BITTER,ThreatActor,Masquerade Task or Service,Technique,USES,T1036.004
Group5,ThreatActor,Keylogging,Technique,USES,T1056.001
menuPass,ThreatActor,ChChes,Malware,USES,
Medusa Group,ThreatActor,Component Object Model,Technique,USES,T1559.001
MuddyWater,ThreatActor,Symmetric Cryptography,Technique,USES,T1573.001
APT41,ThreatActor,Domain Generation Algorithms,Technique,USES,T1568.002
POLONIUM,ThreatActor,Tool,Technique,USES,T1588.002
APT41,ThreatActor,Service Execution,Technique,USES,T1569.002
APT37,ThreatActor,SHUTTERSPEED,Malware,USES,
Earth Lusca,ThreatActor,Windows Management Instrumentation,Technique,USES,T1047
Chimera,ThreatActor,System Owner/User Discovery,Technique,USES,T1033
SideCopy,ThreatActor,AuTo Stealer,Malware,USES,
The White Company,ThreatActor,Revenge RAT,Malware,USES,
Chimera,ThreatActor,Local Account,Technique,USES,T1087.001
Higaisa,ThreatActor,Scheduled Transfer,Technique,USES,T1029
LuminousMoth,ThreatActor,Registry Run Keys / Startup Folder,Technique,USES,T1547.001
VOID MANTICORE,ThreatActor,Remote Desktop Software,Technique,USES,T1219.002
Play,ThreatActor,Valid Accounts,Technique,USES,T1078
APT37,ThreatActor,Exploitation for Client Execution,Technique,USES,T1203
Star Blizzard,ThreatActor,Spearphishing Attachment,Technique,USES,T1566.001
ToddyCat,ThreatActor,China Chopper,Malware,USES,
Gorgon Group,ThreatActor,Hidden Window,Technique,USES,T1564.003
Scattered Spider,ThreatActor,Systemd Service,Technique,USES,T1543.002
Blue Mockingbird,ThreatActor,Encrypted/Encoded File,Technique,USES,T1027.013
Silence,ThreatActor,Service Execution,Technique,USES,T1569.002
BITTER,ThreatActor,Upload Malware,Technique,USES,T1608.001
RedCurl,ThreatActor,System Information Discovery,Technique,USES,T1082
FIN13,ThreatActor,Web Protocols,Technique,USES,T1071.001
Inception,ThreatActor,Data from Local System,Technique,USES,T1005
PittyTiger,ThreatActor,Tool,Technique,USES,T1588.002
GALLIUM,ThreatActor,Archive via Utility,Technique,USES,T1560.001
APT30,ThreatActor,Spearphishing Attachment,Technique,USES,T1566.001
FIN6,ThreatActor,Malicious File,Technique,USES,T1204.002
Tropic Trooper,ThreatActor,Encrypted/Encoded File,Technique,USES,T1027.013
Inception,ThreatActor,Mshta,Technique,USES,T1218.005
Play,ThreatActor,Wevtutil,Malware,USES,
Leafminer,ThreatActor,Credentials In Files,Technique,USES,T1552.001
GALLIUM,ThreatActor,PowerShell,Technique,USES,T1059.001
RedCurl,ThreatActor,Malicious Link,Technique,USES,T1204.001
HEXANE,ThreatActor,Tool,Technique,USES,T1588.002
APT42,ThreatActor,Query Public AI Services,Technique,USES,T1682
Gamaredon Group,ThreatActor,Deobfuscate/Decode Files or Information,Technique,USES,T1140
SideCopy,ThreatActor,Visual Basic,Technique,USES,T1059.005
TA2541,ThreatActor,Internet Connection Discovery,Technique,USES,T1016.001
LazyScripter,ThreatActor,DNS,Technique,USES,T1071.004
Daggerfly,ThreatActor,Nightdoor,Malware,USES,
Leviathan,ThreatActor,Net,Malware,USES,
APT37,ThreatActor,Process Injection,Technique,USES,T1055
APT38,ThreatActor,System Information Discovery,Technique,USES,T1082
Salt Typhoon,ThreatActor,Password Cracking,Technique,USES,T1110.002
APT41,ThreatActor,DNS,Technique,USES,T1071.004
PROMETHIUM,ThreatActor,Windows Service,Technique,USES,T1543.003
Silent Librarian,ThreatActor,Email Addresses,Technique,USES,T1589.002
Sandworm Team,ThreatActor,Malicious Link,Technique,USES,T1204.001
NEODYMIUM,ThreatActor,Wingbird,Malware,USES,
LazyScripter,ThreatActor,QuasarRAT,Malware,USES,
DragonOK,ThreatActor,PoisonIvy,Malware,USES,
Turla,ThreatActor,System Time Discovery,Technique,USES,T1124
Magic Hound,ThreatActor,File and Directory Discovery,Technique,USES,T1083
Kimsuky,ThreatActor,Gomir,Malware,USES,
FIN6,ThreatActor,Masquerade Task or Service,Technique,USES,T1036.004
SilverTerrier,ThreatActor,Web Protocols,Technique,USES,T1071.001
Wizard Spider,ThreatActor,Backup Software Discovery,Technique,USES,T1518.002
APT3,ThreatActor,Local Data Staging,Technique,USES,T1074.001
Scattered Spider,ThreatActor,Remote Desktop Software,Technique,USES,T1219.002
DarkHydrus,ThreatActor,RogueRobin,Malware,USES,
APT28,ThreatActor,Web Protocols,Technique,USES,T1071.001
MuddyWater,ThreatActor,Exfiltration to Cloud Storage,Technique,USES,T1567.002
Gorgon Group,ThreatActor,Portable Executable Injection,Technique,USES,T1055.002
Moses Staff,ThreatActor,Web Shell,Technique,USES,T1505.003
Windshift,ThreatActor,Spearphishing Link,Technique,USES,T1566.002
Mustang Panda,ThreatActor,Process Discovery,Technique,USES,T1057
BRONZE BUTLER,ThreatActor,DLL,Technique,USES,T1574.001
Mustang Panda,ThreatActor,System Information Discovery,Technique,USES,T1082
APT18,ThreatActor,Ingress Tool Transfer,Technique,USES,T1105
Volt Typhoon,ThreatActor,Exploits,Technique,USES,T1587.004
APT41,ThreatActor,Network Service Discovery,Technique,USES,T1046
Lazarus Group,ThreatActor,System Binary Proxy Execution,Technique,USES,T1218
Lotus Blossom,ThreatActor,Elise,Malware,USES,
HAFNIUM,ThreatActor,Remote Email Collection,Technique,USES,T1114.002
MuddyWater,ThreatActor,Credentials from Web Browsers,Technique,USES,T1555.003
Mustang Panda,ThreatActor,Non-Application Layer Protocol,Technique,USES,T1095
Scattered Spider,ThreatActor,Financial Theft,Technique,USES,T1657
APT1,ThreatActor,System Network Connections Discovery,Technique,USES,T1049
Naikon,ThreatActor,Masquerade Task or Service,Technique,USES,T1036.004
RedCurl,ThreatActor,Asymmetric Cryptography,Technique,USES,T1573.002
Cobalt Group,ThreatActor,File Deletion,Technique,USES,T1070.004
Leviathan,ThreatActor,Visual Basic,Technique,USES,T1059.005
UNC3886,ThreatActor,Archive via Custom Method,Technique,USES,T1560.003
Threat Group-3390,ThreatActor,Tasklist,Malware,USES,
Magic Hound,ThreatActor,System Network Configuration Discovery,Technique,USES,T1016
EXOTIC LILY,ThreatActor,Email Accounts,Technique,USES,T1585.002
Transparent Tribe,ThreatActor,Hidden Files and Directories,Technique,USES,T1564.001
Medusa Group,ThreatActor,Remote Access Tools,Technique,USES,T1219
Indrik Spider,ThreatActor,Windows Command Shell,Technique,USES,T1059.003
Silence,ThreatActor,External Proxy,Technique,USES,T1090.002
MuddyWater,ThreatActor,Small Sieve,Malware,USES,
Patchwork,ThreatActor,Software Packing,Technique,USES,T1027.002
APT41,ThreatActor,Archive via Utility,Technique,USES,T1560.001
APT28,ThreatActor,Responder,Malware,USES,
Windshift,ThreatActor,Invalid Code Signature,Technique,USES,T1036.001
LazyScripter,ThreatActor,Malware,Technique,USES,T1588.001
Indrik Spider,ThreatActor,Group Policy Modification,Technique,USES,T1484.001
MuddyWater,ThreatActor,Phishing,Technique,USES,T1566
Elderwood,ThreatActor,Malicious Link,Technique,USES,T1204.001
GALLIUM,ThreatActor,Lateral Tool Transfer,Technique,USES,T1570
CopyKittens,ThreatActor,Rundll32,Technique,USES,T1218.011
APT41,ThreatActor,Rundll32,Technique,USES,T1218.011
Contagious Interview,ThreatActor,Acquire Infrastructure,Technique,USES,T1583
APT19,ThreatActor,Empire,Malware,USES,
APT18,ThreatActor,cmd,Malware,USES,
Indrik Spider,ThreatActor,Windows Management Instrumentation,Technique,USES,T1047
FIN13,ThreatActor,certutil,Malware,USES,
Tropic Trooper,ThreatActor,Match Legitimate Resource Name or Location,Technique,USES,T1036.005
Turla,ThreatActor,Local Account,Technique,USES,T1087.001
Fox Kitten,ThreatActor,Local Account,Technique,USES,T1087.001
Sea Turtle,ThreatActor,Local Accounts,Technique,USES,T1078.003
Saint Bear,ThreatActor,Command and Scripting Interpreter,Technique,USES,T1059
Sandworm Team,ThreatActor,Web Shell,Technique,USES,T1505.003
Axiom,ThreatActor,Valid Accounts,Technique,USES,T1078
FIN13,ThreatActor,Pass the Hash,Technique,USES,T1550.002
TA459,ThreatActor,Exploitation for Client Execution,Technique,USES,T1203
WIRTE,ThreatActor,DLL,Technique,USES,T1574.001
Carbanak,ThreatActor,Carbanak,Malware,USES,
BlackByte,ThreatActor,Inhibit System Recovery,Technique,USES,T1490
Magic Hound,ThreatActor,Match Legitimate Resource Name or Location,Technique,USES,T1036.005
The White Company,ThreatActor,NETWIRE,Malware,USES,
APT3,ThreatActor,Domain Accounts,Technique,USES,T1078.002
BackdoorDiplomacy,ThreatActor,Mimikatz,Malware,USES,
VOID MANTICORE,ThreatActor,Vulnerability Scanning,Technique,USES,T1595.002
Star Blizzard,ThreatActor,Spearphishing Attachment,Technique,USES,T1598.002
Sandworm Team,ThreatActor,Kapeka,Malware,USES,
Earth Lusca,ThreatActor,certutil,Malware,USES,
TeamTNT,ThreatActor,Scanning IP Blocks,Technique,USES,T1595.001
Patchwork,ThreatActor,BackConfig,Malware,USES,
BackdoorDiplomacy,ThreatActor,NBTscan,Malware,USES,
TA2541,ThreatActor,Process Hollowing,Technique,USES,T1055.012
APT39,ThreatActor,Credentials from Password Stores,Technique,USES,T1555
Mustang Panda,ThreatActor,Exploitation for Client Execution,Technique,USES,T1203
VOID MANTICORE,ThreatActor,Disk Structure Wipe,Technique,USES,T1561.002
Threat Group-3390,ThreatActor,netstat,Malware,USES,
Storm-1811,ThreatActor,Impersonation,Technique,USES,T1684.001
FIN10,ThreatActor,Scheduled Task,Technique,USES,T1053.005
Blue Mockingbird,ThreatActor,Modify Registry,Technique,USES,T1112
OilRig,ThreatActor,LaZagne,Malware,USES,
Fox Kitten,ThreatActor,Domain Account,Technique,USES,T1087.002
Cobalt Group,ThreatActor,Bypass User Account Control,Technique,USES,T1548.002
ToddyCat,ThreatActor,netstat,Malware,USES,
APT33,ThreatActor,Password Spraying,Technique,USES,T1110.003
BlackByte,ThreatActor,Exbyte,Malware,USES,
Whitefly,ThreatActor,Tool,Technique,USES,T1588.002
Lotus Blossom,ThreatActor,Hannotog,Malware,USES,
Chimera,ThreatActor,Protocol Tunneling,Technique,USES,T1572
UNC3886,ThreatActor,Exploitation for Client Execution,Technique,USES,T1203
Medusa Group,ThreatActor,NTDS,Technique,USES,T1003.003
Evilnum,ThreatActor,Credentials from Password Stores,Technique,USES,T1555
Moses Staff,ThreatActor,Malware,Technique,USES,T1587.001
Mofang,ThreatActor,Encrypted/Encoded File,Technique,USES,T1027.013
PLATINUM,ThreatActor,Keylogging,Technique,USES,T1056.001
TeamTNT,ThreatActor,Ingress Tool Transfer,Technique,USES,T1105
Patchwork,ThreatActor,System Owner/User Discovery,Technique,USES,T1033
TA505,ThreatActor,Deobfuscate/Decode Files or Information,Technique,USES,T1140
APT29,ThreatActor,External Remote Services,Technique,USES,T1133
Medusa Group,ThreatActor,Remote System Discovery,Technique,USES,T1018
Indrik Spider,ThreatActor,Mimikatz,Malware,USES,
Turla,ThreatActor,Malicious Link,Technique,USES,T1204.001
Ke3chang,ThreatActor,Service Execution,Technique,USES,T1569.002
Kimsuky,ThreatActor,Security Software Discovery,Technique,USES,T1518.001
Medusa Group,ThreatActor,Service Execution,Technique,USES,T1569.002
Cobalt Group,ThreatActor,XSL Script Processing,Technique,USES,T1220
Medusa Group,ThreatActor,LSASS Memory,Technique,USES,T1003.001
Magic Hound,ThreatActor,Additional Local or Domain Groups,Technique,USES,T1098.007
TA577,ThreatActor,Latrodectus,Malware,USES,
Lazarus Group,ThreatActor,Archive via Library,Technique,USES,T1560.002
BlackTech,ThreatActor,Right-to-Left Override,Technique,USES,T1036.002
APT-C-36,ThreatActor,Match Legitimate Resource Name or Location,Technique,USES,T1036.005
Ke3chang,ThreatActor,Data from Local System,Technique,USES,T1005
Aquatic Panda,ThreatActor,Windows Command Shell,Technique,USES,T1059.003
OilRig,ThreatActor,Modify Registry,Technique,USES,T1112
FIN4,ThreatActor,Keylogging,Technique,USES,T1056.001
Strider,ThreatActor,Password Filter DLL,Technique,USES,T1556.002
APT32,ThreatActor,Fileless Storage,Technique,USES,T1027.011
Naikon,ThreatActor,Scheduled Task,Technique,USES,T1053.005
Turla,ThreatActor,Systeminfo,Malware,USES,
MuddyWater,ThreatActor,Archive via Utility,Technique,USES,T1560.001
APT28,ThreatActor,Data from Information Repositories,Technique,USES,T1213
Ember Bear,ThreatActor,PowerShell,Technique,USES,T1059.001
VOID MANTICORE,ThreatActor,Server,Technique,USES,T1583.004
DarkHydrus,ThreatActor,Cobalt Strike,Malware,USES,
FIN13,ThreatActor,Windows Command Shell,Technique,USES,T1059.003
UNC3886,ThreatActor,RC Scripts,Technique,USES,T1037.004
Lotus Blossom,ThreatActor,Internet Connection Discovery,Technique,USES,T1016.001
ToddyCat,ThreatActor,Process Discovery,Technique,USES,T1057
PittyTiger,ThreatActor,PoisonIvy,Malware,USES,
APT29,ThreatActor,SeaDuke,Malware,USES,
Daggerfly,ThreatActor,PowerShell,Technique,USES,T1059.001
APT38,ThreatActor,Transmitted Data Manipulation,Technique,USES,T1565.002
Daggerfly,ThreatActor,Rename Legitimate Utilities,Technique,USES,T1036.003
MuddyWater,ThreatActor,Impersonation,Technique,USES,T1684.001
Blue Mockingbird,ThreatActor,Service Execution,Technique,USES,T1569.002
OilRig,ThreatActor,Peripheral Device Discovery,Technique,USES,T1120
VOID MANTICORE,ThreatActor,Ingress Tool Transfer,Technique,USES,T1105
Cobalt Group,ThreatActor,DNS,Technique,USES,T1071.004
OilRig,ThreatActor,DNS,Technique,USES,T1071.004
Magic Hound,ThreatActor,Spearphishing Link,Technique,USES,T1598.003
Scattered Spider,ThreatActor,Code Repositories,Technique,USES,T1213.003
Moses Staff,ThreatActor,Code Signing,Technique,USES,T1553.002
TeamTNT,ThreatActor,Security Software Discovery,Technique,USES,T1518.001
IndigoZebra,ThreatActor,PoisonIvy,Malware,USES,
ToddyCat,ThreatActor,Remote System Discovery,Technique,USES,T1018
Patchwork,ThreatActor,Data from Local System,Technique,USES,T1005
TA578,ThreatActor,Malicious Link,Technique,USES,T1204.001
Group5,ThreatActor,Screen Capture,Technique,USES,T1113
Winter Vivern,ThreatActor,Drive-by Compromise,Technique,USES,T1189
Sandworm Team,ThreatActor,Rundll32,Technique,USES,T1218.011
Cobalt Group,ThreatActor,JavaScript,Technique,USES,T1059.007
OilRig,ThreatActor,Ingress Tool Transfer,Technique,USES,T1105
Turla,ThreatActor,Internal Proxy,Technique,USES,T1090.001
Stealth Falcon,ThreatActor,System Owner/User Discovery,Technique,USES,T1033
Lotus Blossom,ThreatActor,Multi-hop Proxy,Technique,USES,T1090.003
APT28,ThreatActor,cipher.exe,Malware,USES,
OilRig,ThreatActor,System Network Connections Discovery,Technique,USES,T1049
VOID MANTICORE,ThreatActor,System Information Discovery,Technique,USES,T1082
Higaisa,ThreatActor,JavaScript,Technique,USES,T1059.007
Indrik Spider,ThreatActor,Empire,Malware,USES,
Storm-1811,ThreatActor,Ingress Tool Transfer,Technique,USES,T1105
Contagious Interview,ThreatActor,Encrypted/Encoded File,Technique,USES,T1027.013
Indrik Spider,ThreatActor,Valid Accounts,Technique,USES,T1078
BlackByte,ThreatActor,Arp,Malware,USES,
TA2541,ThreatActor,Windows Management Instrumentation,Technique,USES,T1047
Malteiro,ThreatActor,Security Software Discovery,Technique,USES,T1518.001
APT28,ThreatActor,Rundll32,Technique,USES,T1218.011
Molerats,ThreatActor,SharpStage,Malware,USES,
ZIRCONIUM,ThreatActor,Multi-hop Proxy,Technique,USES,T1090.003
TeamTNT,ThreatActor,Compute Hijacking,Technique,USES,T1496.001
TA505,ThreatActor,Amadey,Malware,USES,
GALLIUM,ThreatActor,Mimikatz,Malware,USES,
APT3,ThreatActor,Data from Local System,Technique,USES,T1005
BRONZE BUTLER,ThreatActor,LSASS Memory,Technique,USES,T1003.001
Ferocious Kitten,ThreatActor,Spearphishing Attachment,Technique,USES,T1566.001
FIN7,ThreatActor,System Information Discovery,Technique,USES,T1082
TA2541,ThreatActor,Imminent Monitor,Malware,USES,
Daggerfly,ThreatActor,Malicious Link,Technique,USES,T1204.001
APT5,ThreatActor,Security Account Manager,Technique,USES,T1003.002
Lotus Blossom,ThreatActor,Tool,Technique,USES,T1588.002
Mustard Tempest,ThreatActor,SEO Poisoning,Technique,USES,T1608.006
Leafminer,ThreatActor,LSA Secrets,Technique,USES,T1003.004
Lazarus Group,ThreatActor,AuditCred,Malware,USES,
Patchwork,ThreatActor,Malicious File,Technique,USES,T1204.002
MuddyWater,ThreatActor,Fooder,Malware,USES,
INC Ransom,ThreatActor,Disable or Modify Tools,Technique,USES,T1685
Leviathan,ThreatActor,Valid Accounts,Technique,USES,T1078
Silent Librarian,ThreatActor,Link Target,Technique,USES,T1608.005
RedCurl,ThreatActor,Scheduled Task,Technique,USES,T1053.005
menuPass,ThreatActor,Security Account Manager,Technique,USES,T1003.002
Agrius,ThreatActor,DEADWOOD,Malware,USES,
UNC3886,ThreatActor,Disable or Modify Tools,Technique,USES,T1685
Silence,ThreatActor,Code Signing,Technique,USES,T1553.002
Akira,ThreatActor,AdFind,Malware,USES,
EXOTIC LILY,ThreatActor,Web Service,Technique,USES,T1102
APT28,ThreatActor,Archive via Utility,Technique,USES,T1560.001
Chimera,ThreatActor,Domain Accounts,Technique,USES,T1078.002
TeamTNT,ThreatActor,File and Directory Discovery,Technique,USES,T1083
Kimsuky,ThreatActor,Mshta,Technique,USES,T1218.005
Daggerfly,ThreatActor,Ingress Tool Transfer,Technique,USES,T1105
Tropic Trooper,ThreatActor,Standard Encoding,Technique,USES,T1132.001
Play,ThreatActor,Ingress Tool Transfer,Technique,USES,T1105
Dragonfly,ThreatActor,Disable or Modify System Firewall,Technique,USES,T1686
Scarlet Mimic,ThreatActor,MobileOrder,Malware,USES,
Darkhotel,ThreatActor,System Time Discovery,Technique,USES,T1124
Threat Group-3390,ThreatActor,Deobfuscate/Decode Files or Information,Technique,USES,T1140
FIN7,ThreatActor,Video Capture,Technique,USES,T1125
TA551,ThreatActor,Sliver,Malware,USES,
GALLIUM,ThreatActor,Indicator Removal from Tools,Technique,USES,T1027.005
Volt Typhoon,ThreatActor,Multi-hop Proxy,Technique,USES,T1090.003
Elderwood,ThreatActor,Drive-by Compromise,Technique,USES,T1189
Fox Kitten,ThreatActor,SSH,Technique,USES,T1021.004
Mustang Panda,ThreatActor,Wevtutil,Malware,USES,
Mustard Tempest,ThreatActor,Drive-by Target,Technique,USES,T1608.004
APT29,ThreatActor,RC Scripts,Technique,USES,T1037.004
Kimsuky,ThreatActor,Exfiltration Over C2 Channel,Technique,USES,T1041
FIN7,ThreatActor,Non-Standard Port,Technique,USES,T1571
APT28,ThreatActor,Deobfuscate/Decode Files or Information,Technique,USES,T1140
Agrius,ThreatActor,Brute Force,Technique,USES,T1110
PROMETHIUM,ThreatActor,Match Legitimate Resource Name or Location,Technique,USES,T1036.005
ToddyCat,ThreatActor,System Network Connections Discovery,Technique,USES,T1049
APT3,ThreatActor,Exploitation for Client Execution,Technique,USES,T1203
Turla,ThreatActor,Windows Management Instrumentation Event Subscription,Technique,USES,T1546.003
Kimsuky,ThreatActor,NOKKI,Malware,USES,
OilRig,ThreatActor,Windows Service,Technique,USES,T1543.003
Leafminer,ThreatActor,Process Doppelgänging,Technique,USES,T1055.013
Sandworm Team,ThreatActor,Endpoint Denial of Service,Technique,USES,T1499
Sandworm Team,ThreatActor,Compromise Software Supply Chain,Technique,USES,T1195.002
Kimsuky,ThreatActor,Browser Session Hijacking,Technique,USES,T1185
TA459,ThreatActor,Visual Basic,Technique,USES,T1059.005
MirrorFace,ThreatActor,Data from Local System,Technique,USES,T1005
LazyScripter,ThreatActor,Ingress Tool Transfer,Technique,USES,T1105
FIN10,ThreatActor,Tool,Technique,USES,T1588.002
Whitefly,ThreatActor,Command and Scripting Interpreter,Technique,USES,T1059
Contagious Interview,ThreatActor,Exfiltration to Cloud Storage,Technique,USES,T1567.002
FIN8,ThreatActor,File Deletion,Technique,USES,T1070.004
APT28,ThreatActor,XTunnel,Malware,USES,
Malteiro,ThreatActor,Spearphishing Attachment,Technique,USES,T1566.001
MuddyWater,ThreatActor,Mori,Malware,USES,
OilRig,ThreatActor,Supply Chain Compromise,Technique,USES,T1195
Volt Typhoon,ThreatActor,Search Victim-Owned Websites,Technique,USES,T1594
Patchwork,ThreatActor,Code Signing Certificates,Technique,USES,T1587.002
Turla,ThreatActor,Archive via Utility,Technique,USES,T1560.001
Kimsuky,ThreatActor,Ignore Process Interrupts,Technique,USES,T1564.011
APT39,ThreatActor,Screen Capture,Technique,USES,T1113
Kimsuky,ThreatActor,Disable or Modify System Firewall,Technique,USES,T1686
EXOTIC LILY,ThreatActor,Search Victim-Owned Websites,Technique,USES,T1594
Ember Bear,ThreatActor,Modify Registry,Technique,USES,T1112
BRONZE BUTLER,ThreatActor,Exploitation for Client Execution,Technique,USES,T1203
MuddyWater,ThreatActor,Mimikatz,Malware,USES,
TA551,ThreatActor,Domain Generation Algorithms,Technique,USES,T1568.002
Contagious Interview,ThreatActor,Impersonation,Technique,USES,T1684.001
Volt Typhoon,ThreatActor,System Owner/User Discovery,Technique,USES,T1033
Lazarus Group,ThreatActor,Dynamic API Resolution,Technique,USES,T1027.007
Lotus Blossom,ThreatActor,Remote System Discovery,Technique,USES,T1018
PittyTiger,ThreatActor,Valid Accounts,Technique,USES,T1078
Chimera,ThreatActor,esentutl,Malware,USES,
Mustang Panda,ThreatActor,Executable Installer File Permissions Weakness,Technique,USES,T1574.005
Scattered Spider,ThreatActor,Additional Cloud Roles,Technique,USES,T1098.003
Wizard Spider,ThreatActor,Web Protocols,Technique,USES,T1071.001
SideCopy,ThreatActor,Software Discovery,Technique,USES,T1518
APT29,ThreatActor,Cloud Services,Technique,USES,T1021.007
Silent Librarian,ThreatActor,Password Spraying,Technique,USES,T1110.003
APT32,ThreatActor,Ingress Tool Transfer,Technique,USES,T1105
Sandworm Team,ThreatActor,AcidRain,Malware,USES,
RedCurl,ThreatActor,Automated Exfiltration,Technique,USES,T1020
Sea Turtle,ThreatActor,Exploitation for Client Execution,Technique,USES,T1203
Lotus Blossom,ThreatActor,File and Directory Discovery,Technique,USES,T1083
TeamTNT,ThreatActor,SSH,Technique,USES,T1021.004
APT38,ThreatActor,Network Device Firewall,Technique,USES,T1686.002
Contagious Interview,ThreatActor,Malicious Copy and Paste,Technique,USES,T1204.004
SideCopy,ThreatActor,Spearphishing Attachment,Technique,USES,T1566.001
Wizard Spider,ThreatActor,Code Signing,Technique,USES,T1553.002
Metador,ThreatActor,Windows Management Instrumentation Event Subscription,Technique,USES,T1546.003
Mustard Tempest,ThreatActor,SocGholish,Malware,USES,
APT5,ThreatActor,File Deletion,Technique,USES,T1070.004
Aoqin Dragon,ThreatActor,Masquerading,Technique,USES,T1036
Silence,ThreatActor,Ingress Tool Transfer,Technique,USES,T1105
CopyKittens,ThreatActor,Hidden Window,Technique,USES,T1564.003
APT39,ThreatActor,LSASS Memory,Technique,USES,T1003.001
Leviathan,ThreatActor,Code Signing,Technique,USES,T1553.002
Elderwood,ThreatActor,Wiarp,Malware,USES,
APT28,ThreatActor,Drovorub,Malware,USES,
HAFNIUM,ThreatActor,Rundll32,Technique,USES,T1218.011
Stealth Falcon,ThreatActor,Windows Management Instrumentation,Technique,USES,T1047
FIN7,ThreatActor,Deobfuscate/Decode Files or Information,Technique,USES,T1140
MirrorFace,ThreatActor,Windows Command Shell,Technique,USES,T1059.003
Storm-0501,ThreatActor,Cloud Secrets Management Stores,Technique,USES,T1555.006
Tropic Trooper,ThreatActor,Local Accounts,Technique,USES,T1078.003
HAFNIUM,ThreatActor,China Chopper,Malware,USES,
Sandworm Team,ThreatActor,Trusted Relationship,Technique,USES,T1199
OilRig,ThreatActor,Malicious Link,Technique,USES,T1204.001
Sowbug,ThreatActor,Archive via Utility,Technique,USES,T1560.001
APT5,ThreatActor,Net,Malware,USES,
Winter Vivern,ThreatActor,Automated Collection,Technique,USES,T1119
Transparent Tribe,ThreatActor,Exploitation for Client Execution,Technique,USES,T1203
LAPSUS$,ThreatActor,Credentials from Web Browsers,Technique,USES,T1555.003
Cobalt Group,ThreatActor,Spearphishing Link,Technique,USES,T1566.002
Naikon,ThreatActor,Sys10,Malware,USES,
Silence,ThreatActor,Valid Accounts,Technique,USES,T1078
Chimera,ThreatActor,Local Groups,Technique,USES,T1069.001
BRONZE BUTLER,ThreatActor,Remote System Discovery,Technique,USES,T1018
APT18,ThreatActor,Pisloader,Malware,USES,
FIN6,ThreatActor,Spearphishing via Service,Technique,USES,T1566.003
APT41,ThreatActor,MESSAGETAP,Malware,USES,
Aquatic Panda,ThreatActor,Disable or Modify Tools,Technique,USES,T1685
Whitefly,ThreatActor,Encrypted/Encoded File,Technique,USES,T1027.013
Mustang Panda,ThreatActor,AdFind,Malware,USES,
Confucius,ThreatActor,Ingress Tool Transfer,Technique,USES,T1105
FIN7,ThreatActor,Pillowmint,Malware,USES,
MuddyWater,ThreatActor,Python,Technique,USES,T1059.006
Magic Hound,ThreatActor,System Network Connections Discovery,Technique,USES,T1049
Contagious Interview,ThreatActor,Python,Technique,USES,T1059.006
LuminousMoth,ThreatActor,File and Directory Discovery,Technique,USES,T1083
APT38,ThreatActor,Disk Structure Wipe,Technique,USES,T1561.002
Medusa Group,ThreatActor,Asymmetric Cryptography,Technique,USES,T1573.002
FIN7,ThreatActor,Command Obfuscation,Technique,USES,T1027.010
MirrorFace,ThreatActor,Spearphishing Attachment,Technique,USES,T1566.001
Orangeworm,ThreatActor,Net,Malware,USES,
RedEcho,ThreatActor,Asymmetric Cryptography,Technique,USES,T1573.002
Storm-1811,ThreatActor,Lateral Tool Transfer,Technique,USES,T1570
Leviathan,ThreatActor,PowerSploit,Malware,USES,
APT39,ThreatActor,Remote System Discovery,Technique,USES,T1018
APT41,ThreatActor,Dead Drop Resolver,Technique,USES,T1102.001
Kimsuky,ThreatActor,External Remote Services,Technique,USES,T1133
Play,ThreatActor,Cobalt Strike,Malware,USES,
Magic Hound,ThreatActor,Email Collection,Technique,USES,T1114
ToddyCat,ThreatActor,SMB/Windows Admin Shares,Technique,USES,T1021.002
Fox Kitten,ThreatActor,Web Shell,Technique,USES,T1505.003
APT3,ThreatActor,SMB/Windows Admin Shares,Technique,USES,T1021.002
DarkVishnya,ThreatActor,Remote Access Tools,Technique,USES,T1219
Ke3chang,ThreatActor,DNS,Technique,USES,T1071.004
Kimsuky,ThreatActor,System Information Discovery,Technique,USES,T1082
Sandworm Team,ThreatActor,Keylogging,Technique,USES,T1056.001
APT5,ThreatActor,Additional Local or Domain Groups,Technique,USES,T1098.007
Moonstone Sleet,ThreatActor,Scheduled Task,Technique,USES,T1053.005
GALLIUM,ThreatActor,Net,Malware,USES,
UNC3886,ThreatActor,File Deletion,Technique,USES,T1070.004
APT-C-36,ThreatActor,Internal Spearphishing,Technique,USES,T1534
Kimsuky,ThreatActor,Native API,Technique,USES,T1106
MuddyWater,ThreatActor,LaZagne,Malware,USES,
Wizard Spider,ThreatActor,Domain Account,Technique,USES,T1136.002
TeamTNT,ThreatActor,Masquerading,Technique,USES,T1036
UNC3886,ThreatActor,Digital Certificates,Technique,USES,T1588.004
Higaisa,ThreatActor,Binary Padding,Technique,USES,T1027.001
Ke3chang,ThreatActor,Sharepoint,Technique,USES,T1213.002
Gamaredon Group,ThreatActor,Malicious Link,Technique,USES,T1204.001
Chimera,ThreatActor,System Time Discovery,Technique,USES,T1124
Medusa Group,ThreatActor,Data Encrypted for Impact,Technique,USES,T1486
RTM,ThreatActor,RTM,Malware,USES,
Play,ThreatActor,Playcrypt,Malware,USES,
Kimsuky,ThreatActor,Domains,Technique,USES,T1584.001
APT41,ThreatActor,Fallback Channels,Technique,USES,T1008
OilRig,ThreatActor,Valid Accounts,Technique,USES,T1078
Chimera,ThreatActor,Password Policy Discovery,Technique,USES,T1201
OilRig,ThreatActor,BONDUPDATER,Malware,USES,
Lazarus Group,ThreatActor,File Deletion,Technique,USES,T1070.004
MirrorFace,ThreatActor,Visual Basic,Technique,USES,T1059.005
Wizard Spider,ThreatActor,Local Data Staging,Technique,USES,T1074.001
Volt Typhoon,ThreatActor,Modify Registry,Technique,USES,T1112
Mustang Panda,ThreatActor,Stage Capabilities,Technique,USES,T1608
Storm-1811,ThreatActor,SSH,Technique,USES,T1021.004
Lazarus Group,ThreatActor,Internal Proxy,Technique,USES,T1090.001
FIN6,ThreatActor,PowerShell,Technique,USES,T1059.001
Kimsuky,ThreatActor,Email Addresses,Technique,USES,T1589.002
APT30,ThreatActor,BACKSPACE,Malware,USES,
FIN6,ThreatActor,Archive Collected Data,Technique,USES,T1560
Scattered Spider,ThreatActor,Permission Groups Discovery,Technique,USES,T1069
Gorgon Group,ThreatActor,QuasarRAT,Malware,USES,
Whitefly,ThreatActor,Malicious File,Technique,USES,T1204.002
Leafminer,ThreatActor,Mimikatz,Malware,USES,
Turla,ThreatActor,Windows Command Shell,Technique,USES,T1059.003
Confucius,ThreatActor,Automated Collection,Technique,USES,T1119
LuminousMoth,ThreatActor,System Owner/User Discovery,Technique,USES,T1033
Orangeworm,ThreatActor,ipconfig,Malware,USES,
FIN7,ThreatActor,Domain Account,Technique,USES,T1087.002
Higaisa,ThreatActor,Compression,Technique,USES,T1027.015
Earth Lusca,ThreatActor,Cobalt Strike,Malware,USES,
EXOTIC LILY,ThreatActor,Malicious Link,Technique,USES,T1204.001
APT32,ThreatActor,Scheduled Task,Technique,USES,T1053.005
Aquatic Panda,ThreatActor,System Owner/User Discovery,Technique,USES,T1033
Sandworm Team,ThreatActor,Disk Structure Wipe,Technique,USES,T1561.002
Kimsuky,ThreatActor,JavaScript,Technique,USES,T1059.007
Agrius,ThreatActor,Windows Command Shell,Technique,USES,T1059.003
Chimera,ThreatActor,System Network Connections Discovery,Technique,USES,T1049
Magic Hound,ThreatActor,LSASS Memory,Technique,USES,T1003.001
Aquatic Panda,ThreatActor,Windows Management Instrumentation,Technique,USES,T1047
Medusa Group,ThreatActor,PowerShell,Technique,USES,T1059.001
APT33,ThreatActor,LSA Secrets,Technique,USES,T1003.004
APT32,ThreatActor,Rename Legitimate Utilities,Technique,USES,T1036.003
TA459,ThreatActor,Malicious File,Technique,USES,T1204.002
Confucius,ThreatActor,WarzoneRAT,Malware,USES,
HAFNIUM,ThreatActor,Local Accounts,Technique,USES,T1078.003
OilRig,ThreatActor,Asymmetric Cryptography,Technique,USES,T1573.002
Windshift,ThreatActor,Obfuscated Files or Information,Technique,USES,T1027
LazyScripter,ThreatActor,Masquerading,Technique,USES,T1036
menuPass,ThreatActor,cmd,Malware,USES,
menuPass,ThreatActor,Encrypted/Encoded File,Technique,USES,T1027.013
FIN13,ThreatActor,Registry Run Keys / Startup Folder,Technique,USES,T1547.001
menuPass,ThreatActor,Trusted Relationship,Technique,USES,T1199
APT3,ThreatActor,DLL,Technique,USES,T1574.001
Dragonfly,ThreatActor,Modify Registry,Technique,USES,T1112
Fox Kitten,ThreatActor,Scheduled Task,Technique,USES,T1053.005
MuddyWater,ThreatActor,System Network Connections Discovery,Technique,USES,T1049
BRONZE BUTLER,ThreatActor,Archive via Utility,Technique,USES,T1560.001
OilRig,ThreatActor,SideTwist,Malware,USES,
WIRTE,ThreatActor,System Checks,Technique,USES,T1497.001
BlackByte,ThreatActor,Query Registry,Technique,USES,T1012
Sea Turtle,ThreatActor,SnappyTCP,Malware,USES,
Mustard Tempest,ThreatActor,Drive-by Compromise,Technique,USES,T1189
TA459,ThreatActor,ZeroT,Malware,USES,
Akira,ThreatActor,Akira _v2,Malware,USES,
Patchwork,ThreatActor,TINYTYPHON,Malware,USES,
APT33,ThreatActor,Scheduled Task,Technique,USES,T1053.005
APT3,ThreatActor,Local Account,Technique,USES,T1087.001
APT39,ThreatActor,DNS,Technique,USES,T1071.004
TeamTNT,ThreatActor,Deobfuscate/Decode Files or Information,Technique,USES,T1140
Ke3chang,ThreatActor,Obfuscated Files or Information,Technique,USES,T1027
Agrius,ThreatActor,BFG Agonizer,Malware,USES,
APT28,ThreatActor,Spearphishing Link,Technique,USES,T1598.003
INC Ransom,ThreatActor,Tool,Technique,USES,T1588.002
FIN5,ThreatActor,External Remote Services,Technique,USES,T1133
Winter Vivern,ThreatActor,Deobfuscate/Decode Files or Information,Technique,USES,T1140
Contagious Interview,ThreatActor,XORIndex Loader,Malware,USES,
Kimsuky,ThreatActor,System Checks,Technique,USES,T1497.001
Inception,ThreatActor,VBShower,Malware,USES,
Daggerfly,ThreatActor,Reg,Malware,USES,
APT1,ThreatActor,Email Accounts,Technique,USES,T1585.002
TA551,ThreatActor,Command Obfuscation,Technique,USES,T1027.010
Inception,ThreatActor,LaZagne,Malware,USES,
Gamaredon Group,ThreatActor,Taint Shared Content,Technique,USES,T1080
Suckfly,ThreatActor,Network Service Discovery,Technique,USES,T1046
Dragonfly,ThreatActor,Tool,Technique,USES,T1588.002
UNC3886,ThreatActor,VIRTUALPITA,Malware,USES,
APT5,ThreatActor,Process Discovery,Technique,USES,T1057
Tonto Team,ThreatActor,Web Shell,Technique,USES,T1505.003
APT3,ThreatActor,File Deletion,Technique,USES,T1070.004
Ember Bear,ThreatActor,ngrok,Malware,USES,
FIN7,ThreatActor,Malicious File,Technique,USES,T1204.002
FIN7,ThreatActor,Process Discovery,Technique,USES,T1057
IndigoZebra,ThreatActor,Tool,Technique,USES,T1588.002
APT38,ThreatActor,Rename Legitimate Utilities,Technique,USES,T1036.003
Chimera,ThreatActor,Windows Command Shell,Technique,USES,T1059.003
APT41,ThreatActor,Credentials from Password Stores,Technique,USES,T1555
APT29,ThreatActor,Vulnerability Scanning,Technique,USES,T1595.002
Wizard Spider,ThreatActor,Name Resolution Poisoning and SMB Relay,Technique,USES,T1557.001
APT41,ThreatActor,Mimikatz,Malware,USES,
Confucius,ThreatActor,Web Services,Technique,USES,T1583.006
Aquatic Panda,ThreatActor,njRAT,Malware,USES,
FIN8,ThreatActor,Spearphishing Attachment,Technique,USES,T1566.001
Moonstone Sleet,ThreatActor,Registry Run Keys / Startup Folder,Technique,USES,T1547.001
Dragonfly,ThreatActor,Compromise Software Supply Chain,Technique,USES,T1195.002
UNC3886,ThreatActor,Password Managers,Technique,USES,T1555.005
Transparent Tribe,ThreatActor,Crimson,Malware,USES,
Gamaredon Group,ThreatActor,Native API,Technique,USES,T1106
APT33,ThreatActor,Credentials from Password Stores,Technique,USES,T1555
MuddyWater,ThreatActor,System Information Discovery,Technique,USES,T1082
FIN7,ThreatActor,Cobalt Strike,Malware,USES,
TeamTNT,ThreatActor,MimiPenguin,Malware,USES,
Nomadic Octopus,ThreatActor,Spearphishing Attachment,Technique,USES,T1566.001
APT-C-36,ThreatActor,Malicious Link,Technique,USES,T1204.001
Moonstone Sleet,ThreatActor,Malicious File,Technique,USES,T1204.002
Cobalt Group,ThreatActor,Malicious Link,Technique,USES,T1204.001
FIN6,ThreatActor,PsExec,Malware,USES,
APT32,ThreatActor,netsh,Malware,USES,
Volt Typhoon,ThreatActor,Web Shell,Technique,USES,T1505.003
APT32,ThreatActor,Windows Service,Technique,USES,T1543.003
APT39,ThreatActor,ASPXSpy,Malware,USES,
ZIRCONIUM,ThreatActor,Exfiltration Over C2 Channel,Technique,USES,T1041
LazyScripter,ThreatActor,Spearphishing Attachment,Technique,USES,T1566.001
APT41,ThreatActor,certutil,Malware,USES,
Mustang Panda,ThreatActor,Debugger Evasion,Technique,USES,T1622
Deep Panda,ThreatActor,Tasklist,Malware,USES,
Volt Typhoon,ThreatActor,System Binary Proxy Execution,Technique,USES,T1218
Medusa Group,ThreatActor,Domain Account,Technique,USES,T1136.002
Mustang Panda,ThreatActor,Spearphishing Attachment,Technique,USES,T1566.001
INC Ransom,ThreatActor,AdFind,Malware,USES,
BlackTech,ThreatActor,DLL,Technique,USES,T1574.001
Mustard Tempest,ThreatActor,Cobalt Strike,Malware,USES,
The White Company,ThreatActor,File Deletion,Technique,USES,T1070.004
APT33,ThreatActor,LaZagne,Malware,USES,
UNC3886,ThreatActor,Exploits,Technique,USES,T1587.004
HEXANE,ThreatActor,Credentials from Web Browsers,Technique,USES,T1555.003
Gallmaker,ThreatActor,Dynamic Data Exchange,Technique,USES,T1559.002
Earth Lusca,ThreatActor,LSASS Memory,Technique,USES,T1003.001
APT37,ThreatActor,Obfuscated Files or Information,Technique,USES,T1027
Higaisa,ThreatActor,XSL Script Processing,Technique,USES,T1220
Contagious Interview,ThreatActor,Gather Victim Identity Information,Technique,USES,T1589
Scattered Spider,ThreatActor,Raccoon Stealer,Malware,USES,
INC Ransom,ThreatActor,Match Legitimate Resource Name or Location,Technique,USES,T1036.005
UNC3886,ThreatActor,vSphere Installation Bundles,Technique,USES,T1505.006
MuddyWater,ThreatActor,Credentials from Password Stores,Technique,USES,T1555
Turla,ThreatActor,Process Discovery,Technique,USES,T1057
HEXANE,ThreatActor,PowerShell,Technique,USES,T1059.001
Magic Hound,ThreatActor,Lateral Tool Transfer,Technique,USES,T1570
APT33,ThreatActor,Windows Management Instrumentation Event Subscription,Technique,USES,T1546.003
menuPass,ThreatActor,Exploit Public-Facing Application,Technique,USES,T1190
TA505,ThreatActor,Credentials from Web Browsers,Technique,USES,T1555.003
Aquatic Panda,ThreatActor,Tool,Technique,USES,T1588.002
Sandworm Team,ThreatActor,Data Encrypted for Impact,Technique,USES,T1486
FIN7,ThreatActor,Mshta,Technique,USES,T1218.005
LuminousMoth,ThreatActor,Archive Collected Data,Technique,USES,T1560
APT28,ThreatActor,Bootkit,Technique,USES,T1542.003
APT38,ThreatActor,Prevent Command History Logging,Technique,USES,T1690
WIRTE,ThreatActor,Havoc,Malware,USES,
Sidewinder,ThreatActor,System Network Configuration Discovery,Technique,USES,T1016
APT41,ThreatActor,Compute Hijacking,Technique,USES,T1496.001
INC Ransom,ThreatActor,Lateral Tool Transfer,Technique,USES,T1570
Akira,ThreatActor,Data Encrypted for Impact,Technique,USES,T1486
APT32,ThreatActor,Upload Malware,Technique,USES,T1608.001
LazyScripter,ThreatActor,PowerShell,Technique,USES,T1059.001
Turla,ThreatActor,System Network Configuration Discovery,Technique,USES,T1016
Nomadic Octopus,ThreatActor,Malicious File,Technique,USES,T1204.002
BRONZE BUTLER,ThreatActor,At,Technique,USES,T1053.002
Gorgon Group,ThreatActor,Modify Registry,Technique,USES,T1112
Sandworm Team,ThreatActor,Industroyer,Malware,USES,
Sandworm Team,ThreatActor,Software,Technique,USES,T1592.002
Ke3chang,ThreatActor,Neoichor,Malware,USES,
Kimsuky,ThreatActor,QuasarRAT,Malware,USES,
Gamaredon Group,ThreatActor,Web Services,Technique,USES,T1583.006
Sandworm Team,ThreatActor,Industroyer2,Malware,USES,
Medusa Group,ThreatActor,Financial Theft,Technique,USES,T1657
Magic Hound,ThreatActor,netsh,Malware,USES,
Sowbug,ThreatActor,Windows Command Shell,Technique,USES,T1059.003
Lazarus Group,ThreatActor,netsh,Malware,USES,
UNC3886,ThreatActor,Archive via Utility,Technique,USES,T1560.001
MuddyWater,ThreatActor,Process Discovery,Technique,USES,T1057
UNC3886,ThreatActor,LSASS Memory,Technique,USES,T1003.001
Andariel,ThreatActor,Software,Technique,USES,T1592.002
Sandworm Team,ThreatActor,External Defacement,Technique,USES,T1491.002
admin@338,ThreatActor,System Network Connections Discovery,Technique,USES,T1049
BlackByte,ThreatActor,PowerShell,Technique,USES,T1059.001
menuPass,ThreatActor,Remote Data Staging,Technique,USES,T1074.002
IndigoZebra,ThreatActor,Web Services,Technique,USES,T1583.006
Ember Bear,ThreatActor,DNS,Technique,USES,T1071.004
OilRig,ThreatActor,Spearphishing Attachment,Technique,USES,T1566.001
Ember Bear,ThreatActor,reGeorg,Malware,USES,
Threat Group-3390,ThreatActor,SysUpdate,Malware,USES,
Cobalt Group,ThreatActor,Windows Command Shell,Technique,USES,T1059.003
UNC3886,ThreatActor,Process Discovery,Technique,USES,T1057
Threat Group-3390,ThreatActor,HyperBro,Malware,USES,
APT33,ThreatActor,Ingress Tool Transfer,Technique,USES,T1105
Molerats,ThreatActor,Credentials from Web Browsers,Technique,USES,T1555.003
GALLIUM,ThreatActor,External Proxy,Technique,USES,T1090.002
Cinnamon Tempest,ThreatActor,Python,Technique,USES,T1059.006
Suckfly,ThreatActor,OS Credential Dumping,Technique,USES,T1003
Dragonfly,ThreatActor,Masquerade Account Name,Technique,USES,T1036.010
Axiom,ThreatActor,Virtual Private Server,Technique,USES,T1583.003
APT-C-36,ThreatActor,Audio-Visual Content,Technique,USES,T1683.002
Wizard Spider,ThreatActor,Ingress Tool Transfer,Technique,USES,T1105
PLATINUM,ThreatActor,LSASS Memory,Technique,USES,T1003.001
Medusa Group,ThreatActor,Mimikatz,Malware,USES,
HAFNIUM,ThreatActor,PowerShell,Technique,USES,T1059.001
Winter Vivern,ThreatActor,Automated Exfiltration,Technique,USES,T1020
Kimsuky,ThreatActor,Obfuscated Files or Information,Technique,USES,T1027
APT32,ThreatActor,RotaJakiro,Malware,USES,
APT30,ThreatActor,FLASHFLOOD,Malware,USES,
Rocke,ThreatActor,Registry Run Keys / Startup Folder,Technique,USES,T1547.001
Higaisa,ThreatActor,Hidden Window,Technique,USES,T1564.003
TA577,ThreatActor,Windows Command Shell,Technique,USES,T1059.003
FIN8,ThreatActor,Web Protocols,Technique,USES,T1071.001
APT39,ThreatActor,Command and Scripting Interpreter,Technique,USES,T1059
Tropic Trooper,ThreatActor,Local Storage Discovery,Technique,USES,T1680
APT29,ThreatActor,Spearphishing Link,Technique,USES,T1566.002
APT29,ThreatActor,Timestomp,Technique,USES,T1070.006
Wizard Spider,ThreatActor,NTDS,Technique,USES,T1003.003
OilRig,ThreatActor,Scheduled Task,Technique,USES,T1053.005
Gorgon Group,ThreatActor,Shortcut Modification,Technique,USES,T1547.009
MuddyWater,ThreatActor,Standard Encoding,Technique,USES,T1132.001
APT28,ThreatActor,Mail Protocols,Technique,USES,T1071.003
Lotus Blossom,ThreatActor,NBTscan,Malware,USES,
Saint Bear,ThreatActor,Web Services,Technique,USES,T1583.006
Storm-0501,ThreatActor,Password Managers,Technique,USES,T1555.005
OilRig,ThreatActor,Automated Collection,Technique,USES,T1119
ToddyCat,ThreatActor,Windows Command Shell,Technique,USES,T1059.003
Scattered Spider,ThreatActor,ngrok,Malware,USES,
MuddyWater,ThreatActor,PowGoop,Malware,USES,
Wizard Spider,ThreatActor,System Network Configuration Discovery,Technique,USES,T1016
Magic Hound,ThreatActor,Local Account,Technique,USES,T1136.001
Fox Kitten,ThreatActor,Masquerade Task or Service,Technique,USES,T1036.004
LAPSUS$,ThreatActor,Account Access Removal,Technique,USES,T1531
Wizard Spider,ThreatActor,Email Accounts,Technique,USES,T1585.002
Sidewinder,ThreatActor,Spearphishing Attachment,Technique,USES,T1598.002
Dragonfly,ThreatActor,NTDS,Technique,USES,T1003.003
APT28,ThreatActor,Masquerading,Technique,USES,T1036
GALLIUM,ThreatActor,System Network Connections Discovery,Technique,USES,T1049
ToddyCat,ThreatActor,Exploit Public-Facing Application,Technique,USES,T1190
FIN5,ThreatActor,FLIPSIDE,Malware,USES,
Gamaredon Group,ThreatActor,Disk Content Wipe,Technique,USES,T1561.001
Rocke,ThreatActor,Linux and Mac Permissions,Technique,USES,T1222.002
LAPSUS$,ThreatActor,Credentials,Technique,USES,T1589.001
FIN6,ThreatActor,Code Signing,Technique,USES,T1553.002
APT38,ThreatActor,Scheduled Task,Technique,USES,T1053.005
FIN6,ThreatActor,Remote Desktop Protocol,Technique,USES,T1021.001
APT17,ThreatActor,BLACKCOFFEE,Malware,USES,
Storm-1811,ThreatActor,Data Encrypted for Impact,Technique,USES,T1486
Chimera,ThreatActor,File Deletion,Technique,USES,T1070.004
APT29,ThreatActor,Sibot,Malware,USES,
APT28,ThreatActor,Exploitation of Remote Services,Technique,USES,T1210
LAPSUS$,ThreatActor,Exploitation for Privilege Escalation,Technique,USES,T1068
admin@338,ThreatActor,Net,Malware,USES,
Earth Lusca,ThreatActor,Mshta,Technique,USES,T1218.005
APT33,ThreatActor,TURNEDUP,Malware,USES,
TeamTNT,ThreatActor,LaZagne,Malware,USES,
Earth Lusca,ThreatActor,Domain Trust Discovery,Technique,USES,T1482
Fox Kitten,ThreatActor,Pay2Key,Malware,USES,
ZIRCONIUM,ThreatActor,Masquerading,Technique,USES,T1036
APT37,ThreatActor,POORAIM,Malware,USES,
POLONIUM,ThreatActor,CreepySnail,Malware,USES,
MuddyWater,ThreatActor,Multi-Stage Channels,Technique,USES,T1104
Fox Kitten,ThreatActor,LSASS Memory,Technique,USES,T1003.001
Rocke,ThreatActor,Process Discovery,Technique,USES,T1057
APT-C-36,ThreatActor,Email Accounts,Technique,USES,T1586.002
HEXANE,ThreatActor,Upload Malware,Technique,USES,T1608.001
TA578,ThreatActor,Latrodectus,Malware,USES,
Scattered Spider,ThreatActor,Multi-Factor Authentication Request Generation,Technique,USES,T1621
BlackByte,ThreatActor,Exfiltration Over C2 Channel,Technique,USES,T1041
Saint Bear,ThreatActor,Upload Malware,Technique,USES,T1608.001
Scarlet Mimic,ThreatActor,CallMe,Malware,USES,
UNC3886,ThreatActor,Lateral Tool Transfer,Technique,USES,T1570
EXOTIC LILY,ThreatActor,Search Closed Sources,Technique,USES,T1597
Rocke,ThreatActor,Systemd Service,Technique,USES,T1543.002
APT32,ThreatActor,Linux and Mac Permissions,Technique,USES,T1222.002
Putter Panda,ThreatActor,Dynamic-link Library Injection,Technique,USES,T1055.001
Earth Lusca,ThreatActor,Exfiltration to Cloud Storage,Technique,USES,T1567.002
APT29,ThreatActor,Raindrop,Malware,USES,
Sandworm Team,ThreatActor,Acquire Infrastructure,Technique,USES,T1583
FIN10,ThreatActor,Remote Desktop Protocol,Technique,USES,T1021.001
APT32,ThreatActor,Service Execution,Technique,USES,T1569.002
FIN13,ThreatActor,Internet Connection Discovery,Technique,USES,T1016.001
APT41,ThreatActor,NTDS,Technique,USES,T1003.003
Blue Mockingbird,ThreatActor,Exploit Public-Facing Application,Technique,USES,T1190
UNC3886,ThreatActor,Malware,Technique,USES,T1588.001
Magic Hound,ThreatActor,Process Discovery,Technique,USES,T1057
APT29,ThreatActor,Cloud Accounts,Technique,USES,T1586.003
APT5,ThreatActor,Indicator Removal,Technique,USES,T1070
Moonstone Sleet,ThreatActor,Spearphishing Attachment,Technique,USES,T1566.001
Turla,ThreatActor,LightNeuron,Malware,USES,
Sidewinder,ThreatActor,Command Obfuscation,Technique,USES,T1027.010
APT29,ThreatActor,RegDuke,Malware,USES,
RedCurl,ThreatActor,Trusted Relationship,Technique,USES,T1199
APT30,ThreatActor,NETEAGLE,Malware,USES,
APT33,ThreatActor,Exfiltration Over Unencrypted Non-C2 Protocol,Technique,USES,T1048.003
APT28,ThreatActor,Rootkit,Technique,USES,T1014
UNC3886,ThreatActor,Windows Command Shell,Technique,USES,T1059.003
Kimsuky,ThreatActor,Local Data Staging,Technique,USES,T1074.001
Mustang Panda,ThreatActor,Log Enumeration,Technique,USES,T1654
FIN13,ThreatActor,Masquerading,Technique,USES,T1036
APT39,ThreatActor,Local Data Staging,Technique,USES,T1074.001
menuPass,ThreatActor,QuasarRAT,Malware,USES,
Sidewinder,ThreatActor,PowerShell,Technique,USES,T1059.001
Leafminer,ThreatActor,MailSniper,Malware,USES,
FIN4,ThreatActor,GUI Input Capture,Technique,USES,T1056.002
Moses Staff,ThreatActor,Encrypted/Encoded File,Technique,USES,T1027.013
Kimsuky,ThreatActor,Mail Protocols,Technique,USES,T1071.003
Earth Lusca,ThreatActor,Bypass User Account Control,Technique,USES,T1548.002
HEXANE,ThreatActor,Email Addresses,Technique,USES,T1589.002
FIN6,ThreatActor,Maze,Malware,USES,
FIN10,ThreatActor,PowerShell,Technique,USES,T1059.001
RTM,ThreatActor,Dead Drop Resolver,Technique,USES,T1102.001
Patchwork,ThreatActor,File Deletion,Technique,USES,T1070.004
Ke3chang,ThreatActor,Command and Scripting Interpreter,Technique,USES,T1059
Ke3chang,ThreatActor,Right-to-Left Override,Technique,USES,T1036.002
PROMETHIUM,ThreatActor,Masquerade Task or Service,Technique,USES,T1036.004
Indrik Spider,ThreatActor,PsExec,Malware,USES,
Indrik Spider,ThreatActor,Data Encrypted for Impact,Technique,USES,T1486
Gamaredon Group,ThreatActor,System Owner/User Discovery,Technique,USES,T1033
Poseidon Group,ThreatActor,Domain Account,Technique,USES,T1087.002
APT32,ThreatActor,Remote System Discovery,Technique,USES,T1018
Cleaver,ThreatActor,Social Media Accounts,Technique,USES,T1585.001
Dragonfly,ThreatActor,CrackMapExec,Malware,USES,
CopyKittens,ThreatActor,Empire,Malware,USES,
Ember Bear,ThreatActor,Pass the Hash,Technique,USES,T1550.002
Fox Kitten,ThreatActor,Proxy,Technique,USES,T1090
TeamTNT,ThreatActor,System Information Discovery,Technique,USES,T1082
TeamTNT,ThreatActor,Encrypted/Encoded File,Technique,USES,T1027.013
Confucius,ThreatActor,Web Protocols,Technique,USES,T1071.001
GALLIUM,ThreatActor,Local Data Staging,Technique,USES,T1074.001
menuPass,ThreatActor,Clear Command History,Technique,USES,T1070.003
APT42,ThreatActor,Clear Mailbox Data,Technique,USES,T1070.008
RedEcho,ThreatActor,Domains,Technique,USES,T1583.001
INC Ransom,ThreatActor,Net,Malware,USES,
APT37,ThreatActor,Drive-by Compromise,Technique,USES,T1189
Kimsuky,ThreatActor,Gold Dragon,Malware,USES,
Silence,ThreatActor,Remote System Discovery,Technique,USES,T1018
menuPass,ThreatActor,Deobfuscate/Decode Files or Information,Technique,USES,T1140
Moonstone Sleet,ThreatActor,Obfuscated Files or Information,Technique,USES,T1027
Scattered Spider,ThreatActor,System Information Discovery,Technique,USES,T1082
Aoqin Dragon,ThreatActor,Tool,Technique,USES,T1588.002
TeamTNT,ThreatActor,System Network Configuration Discovery,Technique,USES,T1016
APT41,ThreatActor,System Network Connections Discovery,Technique,USES,T1049
Winnti Group,ThreatActor,Winnti for Windows,Malware,USES,
Kimsuky,ThreatActor,Keylogging,Technique,USES,T1056.001
APT29,ThreatActor,CloudDuke,Malware,USES,
Ember Bear,ThreatActor,Exfiltration to Cloud Storage,Technique,USES,T1567.002
APT38,ThreatActor,Tool,Technique,USES,T1588.002
LAPSUS$,ThreatActor,Multi-Factor Authentication Request Generation,Technique,USES,T1621
Carbanak,ThreatActor,Bidirectional Communication,Technique,USES,T1102.002
Volt Typhoon,ThreatActor,Unix Shell,Technique,USES,T1059.004
WIRTE,ThreatActor,Spearphishing Link,Technique,USES,T1566.002
FIN13,ThreatActor,Visual Basic,Technique,USES,T1059.005
BlackByte,ThreatActor,OS Credential Dumping,Technique,USES,T1003
Tonto Team,ThreatActor,LaZagne,Malware,USES,
Axiom,ThreatActor,RDP Hijacking,Technique,USES,T1563.002
Kimsuky,ThreatActor,Software Packing,Technique,USES,T1027.002
MirrorFace,ThreatActor,System Service Discovery,Technique,USES,T1007
Moonstone Sleet,ThreatActor,Virtual Private Server,Technique,USES,T1583.003
BlackByte,ThreatActor,Service Execution,Technique,USES,T1569.002
Threat Group-3390,ThreatActor,ZxShell,Malware,USES,
Gamaredon Group,ThreatActor,Digital Certificates,Technique,USES,T1587.003
ToddyCat,ThreatActor,Exfiltration to Cloud Storage,Technique,USES,T1567.002
OilRig,ThreatActor,Domains,Technique,USES,T1583.001
APT32,ThreatActor,Mshta,Technique,USES,T1218.005
menuPass,ThreatActor,Code Signing,Technique,USES,T1553.002
TEMP.Veles,ThreatActor,PsExec,Malware,USES,
Cobalt Group,ThreatActor,More_eggs,Malware,USES,
APT29,ThreatActor,External Proxy,Technique,USES,T1090.002
Axiom,ThreatActor,Hikit,Malware,USES,
TeamTNT,ThreatActor,Hildegard,Malware,USES,
Threat Group-3390,ThreatActor,Security Account Manager,Technique,USES,T1003.002
APT5,ThreatActor,PACEMAKER,Malware,USES,
FIN8,ThreatActor,SMB/Windows Admin Shares,Technique,USES,T1021.002
Chimera,ThreatActor,Password Spraying,Technique,USES,T1110.003
Chimera,ThreatActor,Local Email Collection,Technique,USES,T1114.001
APT29,ThreatActor,Encrypted Channel,Technique,USES,T1573
Kimsuky,ThreatActor,Credentials In Files,Technique,USES,T1552.001
Contagious Interview,ThreatActor,Virtual Private Server,Technique,USES,T1583.003
MirrorFace,ThreatActor,ROAMINGHOUSE,Malware,USES,
Dragonfly,ThreatActor,Additional Local or Domain Groups,Technique,USES,T1098.007
APT3,ThreatActor,File and Directory Discovery,Technique,USES,T1083
BRONZE BUTLER,ThreatActor,BBK,Malware,USES,
TA505,ThreatActor,Command Obfuscation,Technique,USES,T1027.010
APT41,ThreatActor,Unix Shell,Technique,USES,T1059.004
Turla,ThreatActor,Malware,Technique,USES,T1587.001
OilRig,ThreatActor,Keylogging,Technique,USES,T1056.001
FIN4,ThreatActor,Spearphishing Link,Technique,USES,T1566.002
Orangeworm,ThreatActor,cmd,Malware,USES,
Lotus Blossom,ThreatActor,Sagerunex,Malware,USES,
Earth Lusca,ThreatActor,Tool,Technique,USES,T1588.002
menuPass,ThreatActor,Scheduled Task,Technique,USES,T1053.005
Cobalt Group,ThreatActor,SpicyOmelette,Malware,USES,
Ember Bear,ThreatActor,WhisperGate,Malware,USES,
APT3,ThreatActor,Accessibility Features,Technique,USES,T1546.008
APT32,ThreatActor,File and Directory Discovery,Technique,USES,T1083
FIN13,ThreatActor,Additional Local or Domain Groups,Technique,USES,T1098.007
FIN8,ThreatActor,Clear Windows Event Logs,Technique,USES,T1685.005
LuminousMoth,ThreatActor,Match Legitimate Resource Name or Location,Technique,USES,T1036.005
FIN13,ThreatActor,DLL,Technique,USES,T1574.001
Sea Turtle,ThreatActor,Phishing,Technique,USES,T1566
Gamaredon Group,ThreatActor,Hidden Window,Technique,USES,T1564.003
Velvet Ant,ThreatActor,Disable or Modify Tools,Technique,USES,T1685
TA505,ThreatActor,Permission Groups Discovery,Technique,USES,T1069
APT37,ThreatActor,Process Discovery,Technique,USES,T1057
Group5,ThreatActor,File Deletion,Technique,USES,T1070.004
Silence,ThreatActor,LSASS Memory,Technique,USES,T1003.001
BlackByte,ThreatActor,Network Share Discovery,Technique,USES,T1135
ZIRCONIUM,ThreatActor,Exfiltration to Cloud Storage,Technique,USES,T1567.002
MuddyWater,ThreatActor,CrackMapExec,Malware,USES,
FIN13,ThreatActor,Remote Desktop Protocol,Technique,USES,T1021.001
Molerats,ThreatActor,Registry Run Keys / Startup Folder,Technique,USES,T1547.001
Indrik Spider,ThreatActor,Dridex,Malware,USES,
APT-C-36,ThreatActor,Scheduled Task,Technique,USES,T1053.005
GALLIUM,ThreatActor,System Owner/User Discovery,Technique,USES,T1033
APT33,ThreatActor,Tool,Technique,USES,T1588.002
HEXANE,ThreatActor,Empire,Malware,USES,
Volatile Cedar,ThreatActor,Ingress Tool Transfer,Technique,USES,T1105
Carbanak,ThreatActor,Windows Service,Technique,USES,T1543.003
Earth Lusca,ThreatActor,System Service Discovery,Technique,USES,T1007
Andariel,ThreatActor,Malware,Technique,USES,T1588.001
APT42,ThreatActor,Keylogging,Technique,USES,T1056.001
Sidewinder,ThreatActor,Software Discovery,Technique,USES,T1518
Deep Panda,ThreatActor,Accessibility Features,Technique,USES,T1546.008
Mustang Panda,ThreatActor,File and Directory Discovery,Technique,USES,T1083
Ember Bear,ThreatActor,Saint Bot,Malware,USES,
DarkHydrus,ThreatActor,Hidden Window,Technique,USES,T1564.003
UNC3886,ThreatActor,Masquerade Task or Service,Technique,USES,T1036.004
APT29,ThreatActor,Windows Management Instrumentation,Technique,USES,T1047
GOLD SOUTHFIELD,ThreatActor,ConnectWise,Malware,USES,
BRONZE BUTLER,ThreatActor,Dead Drop Resolver,Technique,USES,T1102.001
Lazarus Group,ThreatActor,Fallback Channels,Technique,USES,T1008
Threat Group-3390,ThreatActor,External Remote Services,Technique,USES,T1133
HAFNIUM,ThreatActor,Hidden Files and Directories,Technique,USES,T1564.001
Ke3chang,ThreatActor,Archive Collected Data,Technique,USES,T1560
FIN5,ThreatActor,pwdump,Malware,USES,
MuddyWater,ThreatActor,ConnectWise,Malware,USES,
RedCurl,ThreatActor,Transfer Data to Cloud Account,Technique,USES,T1537
Blue Mockingbird,ThreatActor,Remote Desktop Protocol,Technique,USES,T1021.001
Axiom,ThreatActor,PoisonIvy,Malware,USES,
APT-C-36,ThreatActor,Execution Guardrails,Technique,USES,T1480
Gallmaker,ThreatActor,PowerShell,Technique,USES,T1059.001
ToddyCat,ThreatActor,Ping,Malware,USES,
APT29,ThreatActor,Password Guessing,Technique,USES,T1110.001
Ajax Security Team,ThreatActor,Credentials from Web Browsers,Technique,USES,T1555.003
Mustang Panda,ThreatActor,Software Discovery,Technique,USES,T1518
Lazarus Group,ThreatActor,Deobfuscate/Decode Files or Information,Technique,USES,T1140
Contagious Interview,ThreatActor,Artificial Intelligence,Technique,USES,T1588.007
Mustang Panda,ThreatActor,Domains,Technique,USES,T1583.001
APT41,ThreatActor,njRAT,Malware,USES,
APT28,ThreatActor,Malicious File,Technique,USES,T1204.002
Mustang Panda,ThreatActor,DLL,Technique,USES,T1574.001
FIN6,ThreatActor,Automated Collection,Technique,USES,T1119
Indrik Spider,ThreatActor,Clear Windows Event Logs,Technique,USES,T1685.005
Whitefly,ThreatActor,Match Legitimate Resource Name or Location,Technique,USES,T1036.005
Windshift,ThreatActor,Web Protocols,Technique,USES,T1071.001
Wizard Spider,ThreatActor,System Owner/User Discovery,Technique,USES,T1033
Chimera,ThreatActor,Data from Network Shared Drive,Technique,USES,T1039
Evilnum,ThreatActor,Ingress Tool Transfer,Technique,USES,T1105
Contagious Interview,ThreatActor,Proxy,Technique,USES,T1090
APT41,ThreatActor,Data Encrypted for Impact,Technique,USES,T1486
Wizard Spider,ThreatActor,Valid Accounts,Technique,USES,T1078
Magic Hound,ThreatActor,Remote Email Collection,Technique,USES,T1114.002
Turla,ThreatActor,Data from Removable Media,Technique,USES,T1025
Inception,ThreatActor,Credentials from Web Browsers,Technique,USES,T1555.003
Tropic Trooper,ThreatActor,Winlogon Helper DLL,Technique,USES,T1547.004
Gamaredon Group,ThreatActor,LNK Icon Smuggling,Technique,USES,T1027.012
Leviathan,ThreatActor,Dynamic Data Exchange,Technique,USES,T1559.002
MirrorFace,ThreatActor,DOWNIISSA,Malware,USES,
Sea Turtle,ThreatActor,External Remote Services,Technique,USES,T1133
HEXANE,ThreatActor,Email Accounts,Technique,USES,T1585.002
GALLIUM,ThreatActor,Exploit Public-Facing Application,Technique,USES,T1190
Volt Typhoon,ThreatActor,Ping,Malware,USES,
Volt Typhoon,ThreatActor,System Service Discovery,Technique,USES,T1007
menuPass,ThreatActor,Process Hollowing,Technique,USES,T1055.012
FIN6,ThreatActor,LockerGoga,Malware,USES,
Windshift,ThreatActor,Masquerading,Technique,USES,T1036
Play,ThreatActor,Domain Accounts,Technique,USES,T1078.002
Turla,ThreatActor,Security Software Discovery,Technique,USES,T1518.001
Tropic Trooper,ThreatActor,Exploitation for Client Execution,Technique,USES,T1203
Sandworm Team,ThreatActor,Remote Access Tools,Technique,USES,T1219
Kimsuky,ThreatActor,Dead Drop Resolver,Technique,USES,T1102.001
Cinnamon Tempest,ThreatActor,Impacket,Malware,USES,
FIN7,ThreatActor,Bidirectional Communication,Technique,USES,T1102.002
Storm-0501,ThreatActor,Trust Modification,Technique,USES,T1484.002
Turla,ThreatActor,PowerShell,Technique,USES,T1059.001
APT41,ThreatActor,System Network Configuration Discovery,Technique,USES,T1016
Sandworm Team,ThreatActor,Server,Technique,USES,T1584.004
OilRig,ThreatActor,Match Legitimate Resource Name or Location,Technique,USES,T1036.005
FIN6,ThreatActor,Remote System Discovery,Technique,USES,T1018
Moonstone Sleet,ThreatActor,Ingress Tool Transfer,Technique,USES,T1105
FIN7,ThreatActor,Maze,Malware,USES,
APT28,ThreatActor,Application Access Token,Technique,USES,T1550.001
Cobalt Group,ThreatActor,SDelete,Malware,USES,
APT41,ThreatActor,System Owner/User Discovery,Technique,USES,T1033
Sowbug,ThreatActor,Keylogging,Technique,USES,T1056.001
OilRig,ThreatActor,Helminth,Malware,USES,
Dragonfly,ThreatActor,Virtual Private Server,Technique,USES,T1583.003
Contagious Interview,ThreatActor,Symmetric Cryptography,Technique,USES,T1573.001
ZIRCONIUM,ThreatActor,Software Packing,Technique,USES,T1027.002
Turla,ThreatActor,Command Obfuscation,Technique,USES,T1027.010
VOID MANTICORE,ThreatActor,Cloud Accounts,Technique,USES,T1078.004
APT38,ThreatActor,Web Shell,Technique,USES,T1505.003
UNC3886,ThreatActor,Boot or Logon Initialization Scripts,Technique,USES,T1037
APT29,ThreatActor,Trusted Relationship,Technique,USES,T1199
FIN6,ThreatActor,Scheduled Task,Technique,USES,T1053.005
Threat Group-3390,ThreatActor,Data from Local System,Technique,USES,T1005
APT32,ThreatActor,Clear Windows Event Logs,Technique,USES,T1685.005
Gorgon Group,ThreatActor,Malicious File,Technique,USES,T1204.002
ZIRCONIUM,ThreatActor,Malicious Link,Technique,USES,T1204.001
Higaisa,ThreatActor,Symmetric Cryptography,Technique,USES,T1573.001
Naikon,ThreatActor,SslMM,Malware,USES,
Carbanak,ThreatActor,Remote Access Tools,Technique,USES,T1219
Ember Bear,ThreatActor,Exploits,Technique,USES,T1588.005
Star Blizzard,ThreatActor,Spearphishing Link,Technique,USES,T1598.003
Tonto Team,ThreatActor,Exploitation for Client Execution,Technique,USES,T1203
Tropic Trooper,ThreatActor,DNS,Technique,USES,T1071.004
Wizard Spider,ThreatActor,Rubeus,Malware,USES,
Lazarus Group,ThreatActor,Local Storage Discovery,Technique,USES,T1680
APT-C-36,ThreatActor,Remcos,Malware,USES,
Silence,ThreatActor,PowerShell,Technique,USES,T1059.001
Sidewinder,ThreatActor,Visual Basic,Technique,USES,T1059.005
Turla,ThreatActor,Python,Technique,USES,T1059.006
Kimsuky,ThreatActor,Archive via Utility,Technique,USES,T1560.001
Lazarus Group,ThreatActor,Disk Structure Wipe,Technique,USES,T1561.002
APT28,ThreatActor,LAMEHUG,Malware,USES,
Dragonfly,ThreatActor,Reg,Malware,USES,
APT32,ThreatActor,Visual Basic,Technique,USES,T1059.005
APT3,ThreatActor,Archive via Utility,Technique,USES,T1560.001
INC Ransom,ThreatActor,Domain Groups,Technique,USES,T1069.002
APT19,ThreatActor,Malicious File,Technique,USES,T1204.002
LazyScripter,ThreatActor,njRAT,Malware,USES,
Blue Mockingbird,ThreatActor,Regsvr32,Technique,USES,T1218.010
MirrorFace,ThreatActor,nbtstat,Malware,USES,
Aoqin Dragon,ThreatActor,Exploitation for Client Execution,Technique,USES,T1203
Mustang Panda,ThreatActor,Windows Management Instrumentation Event Subscription,Technique,USES,T1546.003
Inception,ThreatActor,Exploitation for Client Execution,Technique,USES,T1203
TA2541,ThreatActor,Malicious File,Technique,USES,T1204.002
FIN7,ThreatActor,Ingress Tool Transfer,Technique,USES,T1105
APT3,ThreatActor,System Information Discovery,Technique,USES,T1082
APT29,ThreatActor,GoldFinder,Malware,USES,
Cleaver,ThreatActor,Mimikatz,Malware,USES,
BITTER,ThreatActor,Dynamic Data Exchange,Technique,USES,T1559.002
Patchwork,ThreatActor,Automated Collection,Technique,USES,T1119
GALLIUM,ThreatActor,Reg,Malware,USES,
Winter Vivern,ThreatActor,Ingress Tool Transfer,Technique,USES,T1105
Ember Bear,ThreatActor,Supply Chain Compromise,Technique,USES,T1195
VOID MANTICORE,ThreatActor,External Remote Services,Technique,USES,T1133
POLONIUM,ThreatActor,Trusted Relationship,Technique,USES,T1199
APT29,ThreatActor,Spearphishing via Service,Technique,USES,T1566.003
FIN6,ThreatActor,Service Execution,Technique,USES,T1569.002
GALLIUM,ThreatActor,System Network Configuration Discovery,Technique,USES,T1016
FIN7,ThreatActor,Local Accounts,Technique,USES,T1078.003
Volt Typhoon,ThreatActor,Permission Groups Discovery,Technique,USES,T1069
Threat Group-3390,ThreatActor,RCSession,Malware,USES,
Confucius,ThreatActor,Exfiltration Over C2 Channel,Technique,USES,T1041
Storm-0501,ThreatActor,Nltest,Malware,USES,
Sea Turtle,ThreatActor,Databases,Technique,USES,T1213.006
Machete,ThreatActor,Match Legitimate Resource Name or Location,Technique,USES,T1036.005
VOID MANTICORE,ThreatActor,Tool,Technique,USES,T1588.002
VOID MANTICORE,ThreatActor,Registry Run Keys / Startup Folder,Technique,USES,T1547.001
APT29,ThreatActor,Valid Accounts,Technique,USES,T1078
FIN6,ThreatActor,Network Service Discovery,Technique,USES,T1046
APT33,ThreatActor,Network Sniffing,Technique,USES,T1040
APT29,ThreatActor,Web Shell,Technique,USES,T1505.003
APT42,ThreatActor,Web Service,Technique,USES,T1102
Winter Vivern,ThreatActor,Exploit Public-Facing Application,Technique,USES,T1190
Kimsuky,ThreatActor,PsExec,Malware,USES,
Indrik Spider,ThreatActor,Local Account,Technique,USES,T1136.001
APT29,ThreatActor,AdFind,Malware,USES,
OilRig,ThreatActor,System Owner/User Discovery,Technique,USES,T1033
Scattered Spider,ThreatActor,Remote Desktop Protocol,Technique,USES,T1021.001
Akira,ThreatActor,Akira,Malware,USES,
Lazarus Group,ThreatActor,Domains,Technique,USES,T1583.001
Sowbug,ThreatActor,Felismus,Malware,USES,
Moonstone Sleet,ThreatActor,System Network Configuration Discovery,Technique,USES,T1016
Molerats,ThreatActor,PowerShell,Technique,USES,T1059.001
SideCopy,ThreatActor,DLL,Technique,USES,T1574.001
LuminousMoth,ThreatActor,Modify Registry,Technique,USES,T1112
EXOTIC LILY,ThreatActor,Bumblebee,Malware,USES,
APT38,ThreatActor,Clipboard Data,Technique,USES,T1115
Turla,ThreatActor,Carbon,Malware,USES,
Indrik Spider,ThreatActor,Remote System Discovery,Technique,USES,T1018
BlackByte,ThreatActor,Deobfuscate/Decode Files or Information,Technique,USES,T1140
Threat Group-3390,ThreatActor,Local Account,Technique,USES,T1087.001
Storm-0501,ThreatActor,Cloud Infrastructure Discovery,Technique,USES,T1580
Volt Typhoon,ThreatActor,Virtual Private Server,Technique,USES,T1584.003
PROMETHIUM,ThreatActor,Code Signing,Technique,USES,T1553.002
ToddyCat,ThreatActor,Security Software Discovery,Technique,USES,T1518.001
FIN7,ThreatActor,Identify Roles,Technique,USES,T1591.004
Sidewinder,ThreatActor,System Information Discovery,Technique,USES,T1082
GALLIUM,ThreatActor,PsExec,Malware,USES,
Winter Vivern,ThreatActor,Vulnerability Scanning,Technique,USES,T1595.002
TA505,ThreatActor,Ingress Tool Transfer,Technique,USES,T1105
Sandworm Team,ThreatActor,BlackEnergy,Malware,USES,
Leviathan,ThreatActor,Exploits,Technique,USES,T1587.004
TA505,ThreatActor,Malware,Technique,USES,T1588.001
Magic Hound,ThreatActor,Non-Standard Port,Technique,USES,T1571
Ke3chang,ThreatActor,Domain Groups,Technique,USES,T1069.002
Orangeworm,ThreatActor,route,Malware,USES,
Threat Group-1314,ThreatActor,Software Deployment Tools,Technique,USES,T1072
Cobalt Group,ThreatActor,Web Protocols,Technique,USES,T1071.001
LazyScripter,ThreatActor,ngrok,Malware,USES,
Patchwork,ThreatActor,Dead Drop Resolver,Technique,USES,T1102.001
MuddyWater,ThreatActor,Proxy,Technique,USES,T1090
Medusa Group,ThreatActor,Device Driver Discovery,Technique,USES,T1652
Magic Hound,ThreatActor,Windows Host Firewall,Technique,USES,T1686.003
UNC3886,ThreatActor,Rootkit,Technique,USES,T1014
Kimsuky,ThreatActor,System Network Configuration Discovery,Technique,USES,T1016
OilRig,ThreatActor,Spearphishing via Service,Technique,USES,T1566.003
Tropic Trooper,ThreatActor,Automated Collection,Technique,USES,T1119
Turla,ThreatActor,Databases,Technique,USES,T1213.006
Dark Caracal,ThreatActor,Spearphishing via Service,Technique,USES,T1566.003
ToddyCat,ThreatActor,PowerShell,Technique,USES,T1059.001
APT41,ThreatActor,Ingress Tool Transfer,Technique,USES,T1105
Transparent Tribe,ThreatActor,Spearphishing Attachment,Technique,USES,T1566.001
Medusa Group,ThreatActor,Prevent Command History Logging,Technique,USES,T1690
Winter Vivern,ThreatActor,Exfiltration Over C2 Channel,Technique,USES,T1041
LuminousMoth,ThreatActor,Scheduled Task,Technique,USES,T1053.005
Transparent Tribe,ThreatActor,Malicious Link,Technique,USES,T1204.001
APT28,ThreatActor,Data Transfer Size Limits,Technique,USES,T1030
APT41,ThreatActor,Empire,Malware,USES,
Medusa Group,ThreatActor,Software Packing,Technique,USES,T1027.002
Tropic Trooper,ThreatActor,BITSAdmin,Malware,USES,
APT29,ThreatActor,Python,Technique,USES,T1059.006
APT38,ThreatActor,Mimikatz,Malware,USES,
Sidewinder,ThreatActor,Automated Collection,Technique,USES,T1119
Leviathan,ThreatActor,BITS Jobs,Technique,USES,T1197
UNC3886,ThreatActor,PowerShell,Technique,USES,T1059.001
menuPass,ThreatActor,AdFind,Malware,USES,
Molerats,ThreatActor,Visual Basic,Technique,USES,T1059.005
Nomadic Octopus,ThreatActor,Ingress Tool Transfer,Technique,USES,T1105
Magic Hound,ThreatActor,Clear Command History,Technique,USES,T1070.003
TA2541,ThreatActor,Visual Basic,Technique,USES,T1059.005
Moonstone Sleet,ThreatActor,Spearphishing Link,Technique,USES,T1598.003
Magic Hound,ThreatActor,System Information Discovery,Technique,USES,T1082
Chimera,ThreatActor,Automated Collection,Technique,USES,T1119
BlackByte,ThreatActor,Exploitation for Privilege Escalation,Technique,USES,T1068
Volt Typhoon,ThreatActor,Credentials from Web Browsers,Technique,USES,T1555.003
Chimera,ThreatActor,Net,Malware,USES,
Magic Hound,ThreatActor,Local Email Collection,Technique,USES,T1114.001
Daggerfly,ThreatActor,System Information Discovery,Technique,USES,T1082
Higaisa,ThreatActor,Local Storage Discovery,Technique,USES,T1680
ToddyCat,ThreatActor,Hidden Window,Technique,USES,T1564.003
BackdoorDiplomacy,ThreatActor,Ingress Tool Transfer,Technique,USES,T1105
GALLIUM,ThreatActor,HTRAN,Malware,USES,
Darkhotel,ThreatActor,Code Signing,Technique,USES,T1553.002
APT29,ThreatActor,Hide Infrastructure,Technique,USES,T1665
OilRig,ThreatActor,Protocol Tunneling,Technique,USES,T1572
MirrorFace,ThreatActor,System Information Discovery,Technique,USES,T1082
Mustang Panda,ThreatActor,CLAIMLOADER,Malware,USES,
Mustang Panda,ThreatActor,Native API,Technique,USES,T1106
Kimsuky,ThreatActor,Credentials from Web Browsers,Technique,USES,T1555.003
Mustang Panda,ThreatActor,NTDS,Technique,USES,T1003.003
FIN8,ThreatActor,Archive via Utility,Technique,USES,T1560.001
Metador,ThreatActor,Encrypted/Encoded File,Technique,USES,T1027.013
FIN7,ThreatActor,POWERSOURCE,Malware,USES,
APT41,ThreatActor,Cobalt Strike,Malware,USES,
APT1,ThreatActor,Net,Malware,USES,
APT5,ThreatActor,Cron,Technique,USES,T1053.003
MuddyWater,ThreatActor,Malicious Link,Technique,USES,T1204.001
UNC3886,ThreatActor,Network Sniffing,Technique,USES,T1040
APT28,ThreatActor,Token Impersonation/Theft,Technique,USES,T1134.001
Earth Lusca,ThreatActor,Malicious File,Technique,USES,T1204.002
EXOTIC LILY,ThreatActor,Domains,Technique,USES,T1583.001
Salt Typhoon,ThreatActor,SSH,Technique,USES,T1021.004
BlackByte,ThreatActor,BlackByte 2.0 Ransomware,Malware,USES,
Storm-1811,ThreatActor,Masquerading,Technique,USES,T1036
SideCopy,ThreatActor,Malicious File,Technique,USES,T1204.002
Lazarus Group,ThreatActor,ECCENTRICBANDWAGON,Malware,USES,
FIN13,ThreatActor,Network Topology,Technique,USES,T1590.004
TA505,ThreatActor,Domain Accounts,Technique,USES,T1078.002
Leviathan,ThreatActor,Local Data Staging,Technique,USES,T1074.001
Scattered Spider,ThreatActor,Account Manipulation,Technique,USES,T1098
Volt Typhoon,ThreatActor,Gather Victim Org Information,Technique,USES,T1591
OilRig,ThreatActor,Mango,Malware,USES,
Medusa Group,ThreatActor,File Deletion,Technique,USES,T1070.004
Earth Lusca,ThreatActor,Exploit Public-Facing Application,Technique,USES,T1190
Kimsuky,ThreatActor,Dynamic-link Library Injection,Technique,USES,T1055.001
Threat Group-3390,ThreatActor,Compromise Software Supply Chain,Technique,USES,T1195.002
TeamTNT,ThreatActor,Network Service Discovery,Technique,USES,T1046
FIN7,ThreatActor,System Time Discovery,Technique,USES,T1124
Silent Librarian,ThreatActor,Domains,Technique,USES,T1583.001
Turla,ThreatActor,Remote System Discovery,Technique,USES,T1018
Storm-0501,ThreatActor,Domain Trust Discovery,Technique,USES,T1482
Fox Kitten,ThreatActor,Query Registry,Technique,USES,T1012
Dragonfly,ThreatActor,Windows Command Shell,Technique,USES,T1059.003
Magic Hound,ThreatActor,Web Shell,Technique,USES,T1505.003
Mustang Panda,ThreatActor,Mimikatz,Malware,USES,
Storm-0501,ThreatActor,Delete Cloud Instance,Technique,USES,T1578.003
FIN8,ThreatActor,Remote Data Staging,Technique,USES,T1074.002
MuddyWater,ThreatActor,Steganography,Technique,USES,T1027.003
menuPass,ThreatActor,Cobalt Strike,Malware,USES,
Play,ThreatActor,System Information Discovery,Technique,USES,T1082
Indrik Spider,ThreatActor,JavaScript,Technique,USES,T1059.007
APT29,ThreatActor,Mshta,Technique,USES,T1218.005
APT37,ThreatActor,Command and Scripting Interpreter,Technique,USES,T1059
Water Galura,ThreatActor,Data Encrypted for Impact,Technique,USES,T1486
Threat Group-3390,ThreatActor,Bypass User Account Control,Technique,USES,T1548.002
Mofang,ThreatActor,Malicious File,Technique,USES,T1204.002
VOID MANTICORE,ThreatActor,Malicious File,Technique,USES,T1204.002
Lazarus Group,ThreatActor,Scheduled Task,Technique,USES,T1053.005
PROMETHIUM,ThreatActor,Port Knocking,Technique,USES,T1205.001
FIN6,ThreatActor,Exfiltration Over Unencrypted Non-C2 Protocol,Technique,USES,T1048.003
Poseidon Group,ThreatActor,Local Account,Technique,USES,T1087.001
Kimsuky,ThreatActor,Change Default File Association,Technique,USES,T1546.001
Sandworm Team,ThreatActor,LSASS Memory,Technique,USES,T1003.001
Contagious Interview,ThreatActor,Malicious Link,Technique,USES,T1204.001
Leviathan,ThreatActor,Malicious File,Technique,USES,T1204.002
APT41,ThreatActor,pwdump,Malware,USES,
Threat Group-3390,ThreatActor,Automated Collection,Technique,USES,T1119
APT28,ThreatActor,Tor,Malware,USES,
Turla,ThreatActor,Mimikatz,Malware,USES,
Wizard Spider,ThreatActor,Malicious Link,Technique,USES,T1204.001
MuddyWater,ThreatActor,SHARPSTATS,Malware,USES,
Kimsuky,ThreatActor,Spearphishing Attachment,Technique,USES,T1566.001
Axiom,ThreatActor,Accessibility Features,Technique,USES,T1546.008
Darkhotel,ThreatActor,System Network Configuration Discovery,Technique,USES,T1016
FIN7,ThreatActor,Domains,Technique,USES,T1583.001
APT29,ThreatActor,PsExec,Malware,USES,
APT3,ThreatActor,PowerShell,Technique,USES,T1059.001
Aquatic Panda,ThreatActor,Cobalt Strike,Malware,USES,
Ferocious Kitten,ThreatActor,Tool,Technique,USES,T1588.002
LazyScripter,ThreatActor,Empire,Malware,USES,
HEXANE,ThreatActor,System Owner/User Discovery,Technique,USES,T1033
Tonto Team,ThreatActor,Malicious File,Technique,USES,T1204.002
Deep Panda,ThreatActor,Derusbi,Malware,USES,
Contagious Interview,ThreatActor,Mail Protocols,Technique,USES,T1071.003
APT28,ThreatActor,CORESHELL,Malware,USES,
Turla,ThreatActor,Malware,Technique,USES,T1588.001
APT39,ThreatActor,File and Directory Discovery,Technique,USES,T1083
POLONIUM,ThreatActor,Web Services,Technique,USES,T1583.006
Kimsuky,ThreatActor,Process Discovery,Technique,USES,T1057
BRONZE BUTLER,ThreatActor,Scheduled Task,Technique,USES,T1053.005
GOLD SOUTHFIELD,ThreatActor,Command Obfuscation,Technique,USES,T1027.010
Machete,ThreatActor,Malicious Link,Technique,USES,T1204.001
Lazarus Group,ThreatActor,Spearphishing via Service,Technique,USES,T1566.003
TA2541,ThreatActor,Spearphishing Link,Technique,USES,T1566.002
APT37,ThreatActor,HAPPYWORK,Malware,USES,
HAFNIUM,ThreatActor,Internet Connection Discovery,Technique,USES,T1016.001
BlackByte,ThreatActor,Web Shell,Technique,USES,T1505.003
Cobalt Group,ThreatActor,Cobalt Strike,Malware,USES,
menuPass,ThreatActor,PoisonIvy,Malware,USES,
Dragonfly,ThreatActor,File Transfer Protocols,Technique,USES,T1071.002
Leafminer,ThreatActor,Drive-by Compromise,Technique,USES,T1189
ToddyCat,ThreatActor,File and Directory Discovery,Technique,USES,T1083
Mustang Panda,ThreatActor,PUBLOAD,Malware,USES,
TA505,ThreatActor,Code Signing,Technique,USES,T1553.002
MuddyWater,ThreatActor,Empire,Malware,USES,
ZIRCONIUM,ThreatActor,Masquerade Task or Service,Technique,USES,T1036.004
Storm-0501,ThreatActor,System Information Discovery,Technique,USES,T1082
Machete,ThreatActor,Drive-by Compromise,Technique,USES,T1189
CURIUM,ThreatActor,Spearphishing Link,Technique,USES,T1598.003
Moonstone Sleet,ThreatActor,LSASS Memory,Technique,USES,T1003.001
Volt Typhoon,ThreatActor,Network Topology,Technique,USES,T1590.004
ToddyCat,ThreatActor,Pcexter,Malware,USES,
Leviathan,ThreatActor,Deobfuscate/Decode Files or Information,Technique,USES,T1140
APT32,ThreatActor,PHOREAL,Malware,USES,
Metador,ThreatActor,File Deletion,Technique,USES,T1070.004
menuPass,ThreatActor,Local Data Staging,Technique,USES,T1074.001
Leviathan,ThreatActor,Remote Data Staging,Technique,USES,T1074.002
LAPSUS$,ThreatActor,Additional Cloud Roles,Technique,USES,T1098.003
Carbanak,ThreatActor,Match Legitimate Resource Name or Location,Technique,USES,T1036.005
LazyScripter,ThreatActor,Windows Command Shell,Technique,USES,T1059.003
HEXANE,ThreatActor,Ingress Tool Transfer,Technique,USES,T1105
FIN7,ThreatActor,Data from Local System,Technique,USES,T1005
Indrik Spider,ThreatActor,Email Accounts,Technique,USES,T1585.002
FIN8,ThreatActor,Net,Malware,USES,
Winter Vivern,ThreatActor,Scheduled Task,Technique,USES,T1053.005
PROMETHIUM,ThreatActor,StrongPity,Malware,USES,
Velvet Ant,ThreatActor,Process Injection,Technique,USES,T1055
BlackByte,ThreatActor,PsExec,Malware,USES,
BackdoorDiplomacy,ThreatActor,QuasarRAT,Malware,USES,
Volt Typhoon,ThreatActor,Application Window Discovery,Technique,USES,T1010
GOLD SOUTHFIELD,ThreatActor,External Remote Services,Technique,USES,T1133
TA2541,ThreatActor,AsyncRAT,Malware,USES,
APT3,ThreatActor,Windows Service,Technique,USES,T1543.003
Confucius,ThreatActor,Mshta,Technique,USES,T1218.005
Mustang Panda,ThreatActor,Command and Scripting Interpreter,Technique,USES,T1059
VOID MANTICORE,ThreatActor,Data from Local System,Technique,USES,T1005
APT41,ThreatActor,Exploitation for Client Execution,Technique,USES,T1203
INC Ransom,ThreatActor,esentutl,Malware,USES,
Lazarus Group,ThreatActor,Match Legitimate Resource Name or Location,Technique,USES,T1036.005
APT16,ThreatActor,ELMER,Malware,USES,
Turla,ThreatActor,Domain Groups,Technique,USES,T1069.002
Aquatic Panda,ThreatActor,Vulnerability Scanning,Technique,USES,T1595.002
Metador,ThreatActor,metaMain,Malware,USES,
Leviathan,ThreatActor,MURKYTOP,Malware,USES,
APT28,ThreatActor,OLDBAIT,Malware,USES,
Lazarus Group,ThreatActor,Indicator Removal,Technique,USES,T1070
APT-C-36,ThreatActor,Spearphishing Link,Technique,USES,T1566.002
Inception,ThreatActor,Domain Groups,Technique,USES,T1069.002
OilRig,ThreatActor,Windows Management Instrumentation,Technique,USES,T1047
Turla,ThreatActor,Tasklist,Malware,USES,
Dragonfly,ThreatActor,Spearphishing Link,Technique,USES,T1598.003
Machete,ThreatActor,Spearphishing Attachment,Technique,USES,T1566.001
Turla,ThreatActor,Fileless Storage,Technique,USES,T1027.011
Winter Vivern,ThreatActor,Web Services,Technique,USES,T1584.006
APT-C-36,ThreatActor,External Remote Services,Technique,USES,T1133
APT29,ThreatActor,Tor,Malware,USES,
Cobalt Group,ThreatActor,Registry Run Keys / Startup Folder,Technique,USES,T1547.001
Kimsuky,ThreatActor,Process Injection,Technique,USES,T1055
Lazarus Group,ThreatActor,File and Directory Discovery,Technique,USES,T1083
LAPSUS$,ThreatActor,DCSync,Technique,USES,T1003.006
menuPass,ThreatActor,Remote Desktop Protocol,Technique,USES,T1021.001
OilRig,ThreatActor,SSH,Technique,USES,T1021.004
Chimera,ThreatActor,External Remote Services,Technique,USES,T1133
APT-C-36,ThreatActor,AsyncRAT,Malware,USES,
APT29,ThreatActor,LSA Secrets,Technique,USES,T1003.004
APT29,ThreatActor,NativeZone,Malware,USES,
Gamaredon Group,ThreatActor,File Deletion,Technique,USES,T1070.004
Fox Kitten,ThreatActor,Protocol Tunneling,Technique,USES,T1572
APT5,ThreatActor,Windows Command Shell,Technique,USES,T1059.003
Patchwork,ThreatActor,Local Storage Discovery,Technique,USES,T1680
FIN7,ThreatActor,Windows Service,Technique,USES,T1543.003
Ke3chang,ThreatActor,Archive via Utility,Technique,USES,T1560.001
Thrip,ThreatActor,Catchamas,Malware,USES,
Chimera,ThreatActor,Mimikatz,Malware,USES,
APT28,ThreatActor,Remote Data Staging,Technique,USES,T1074.002
Rancor,ThreatActor,certutil,Malware,USES,
TeamTNT,ThreatActor,Peripheral Device Discovery,Technique,USES,T1120
UNC3886,ThreatActor,System Time Discovery,Technique,USES,T1124
HAFNIUM,ThreatActor,System Network Configuration Discovery,Technique,USES,T1016
Windigo,ThreatActor,Command and Scripting Interpreter,Technique,USES,T1059
Rocke,ThreatActor,Remote System Discovery,Technique,USES,T1018
LAPSUS$,ThreatActor,Email Accounts,Technique,USES,T1586.002
APT5,ThreatActor,SSH,Technique,USES,T1021.004
HEXANE,ThreatActor,ipconfig,Malware,USES,
Dragonfly,ThreatActor,Scheduled Task,Technique,USES,T1053.005
MuddyWater,ThreatActor,LSASS Memory,Technique,USES,T1003.001
Mustang Panda,ThreatActor,Code Signing,Technique,USES,T1553.002
Earth Lusca,ThreatActor,Proxy,Technique,USES,T1090
Cinnamon Tempest,ThreatActor,Deobfuscate/Decode Files or Information,Technique,USES,T1140
APT29,ThreatActor,Exploit Public-Facing Application,Technique,USES,T1190
BRONZE BUTLER,ThreatActor,Taint Shared Content,Technique,USES,T1080
Storm-0501,ThreatActor,Software Packing,Technique,USES,T1027.002
FIN8,ThreatActor,Nltest,Malware,USES,
Scattered Spider,ThreatActor,Messaging Applications,Technique,USES,T1213.005
Contagious Interview,ThreatActor,System Information Discovery,Technique,USES,T1082
Blue Mockingbird,ThreatActor,SMB/Windows Admin Shares,Technique,USES,T1021.002
Mustang Panda,ThreatActor,StarProxy,Malware,USES,
Kimsuky,ThreatActor,Screen Capture,Technique,USES,T1113
WIRTE,ThreatActor,AshTag,Malware,USES,
APT33,ThreatActor,Web Protocols,Technique,USES,T1071.001
Mustang Panda,ThreatActor,Obfuscated Files or Information,Technique,USES,T1027
APT32,ThreatActor,Tool,Technique,USES,T1588.002
Sandworm Team,ThreatActor,Cobalt Strike,Malware,USES,
Leafminer,ThreatActor,Remote System Discovery,Technique,USES,T1018
Rocke,ThreatActor,Disable or Modify System Firewall,Technique,USES,T1686
Sandworm Team,ThreatActor,Search Victim-Owned Websites,Technique,USES,T1594
Chimera,ThreatActor,Credential Stuffing,Technique,USES,T1110.004
APT30,ThreatActor,Malicious File,Technique,USES,T1204.002
Darkhotel,ThreatActor,File and Directory Discovery,Technique,USES,T1083
Wizard Spider,ThreatActor,LSASS Memory,Technique,USES,T1003.001
APT32,ThreatActor,SMB/Windows Admin Shares,Technique,USES,T1021.002
Gorgon Group,ThreatActor,Remcos,Malware,USES,
Scattered Spider,ThreatActor,Exploitation for Privilege Escalation,Technique,USES,T1068
DarkVishnya,ThreatActor,PowerShell,Technique,USES,T1059.001
CURIUM,ThreatActor,Drive-by Compromise,Technique,USES,T1189
GOLD SOUTHFIELD,ThreatActor,REvil,Malware,USES,
Leviathan,ThreatActor,Internal Spearphishing,Technique,USES,T1534
Scattered Spider,ThreatActor,Proxy,Technique,USES,T1090
Leviathan,ThreatActor,Exploit Public-Facing Application,Technique,USES,T1190
Scattered Spider,ThreatActor,Data from Cloud Storage,Technique,USES,T1530
Ke3chang,ThreatActor,NTDS,Technique,USES,T1003.003
Lazarus Group,ThreatActor,KernelCallbackTable,Technique,USES,T1574.013
Daggerfly,ThreatActor,Compromise Software Supply Chain,Technique,USES,T1195.002
Lazarus Group,ThreatActor,Dynamic-link Library Injection,Technique,USES,T1055.001
Mustang Panda,ThreatActor,Registry Run Keys / Startup Folder,Technique,USES,T1547.001
Higaisa,ThreatActor,Registry Run Keys / Startup Folder,Technique,USES,T1547.001
TA505,ThreatActor,SDBbot,Malware,USES,
Lazarus Group,ThreatActor,Social Media Accounts,Technique,USES,T1585.001
APT32,ThreatActor,Pass the Ticket,Technique,USES,T1550.003
Volt Typhoon,ThreatActor,Local Groups,Technique,USES,T1069.001
TA459,ThreatActor,PowerShell,Technique,USES,T1059.001
Dragonfly,ThreatActor,Domain Groups,Technique,USES,T1069.002
Evilnum,ThreatActor,LaZagne,Malware,USES,
LAPSUS$,ThreatActor,Messaging Applications,Technique,USES,T1213.005
Moonstone Sleet,ThreatActor,Upload Malware,Technique,USES,T1608.001
Indrik Spider,ThreatActor,WastedLocker,Malware,USES,
Scattered Spider,ThreatActor,Browser Information Discovery,Technique,USES,T1217
Wizard Spider,ThreatActor,Mimikatz,Malware,USES,
Magic Hound,ThreatActor,Proxy,Technique,USES,T1090
Daggerfly,ThreatActor,DLL,Technique,USES,T1574.001
Star Blizzard,ThreatActor,Tool,Technique,USES,T1588.002
APT5,ThreatActor,Process Injection,Technique,USES,T1055
TA551,ThreatActor,Web Protocols,Technique,USES,T1071.001
APT42,ThreatActor,System Information Discovery,Technique,USES,T1082
Gamaredon Group,ThreatActor,PowerShell,Technique,USES,T1059.001
Kimsuky,ThreatActor,Modify Registry,Technique,USES,T1112
Earth Lusca,ThreatActor,Winnti for Linux,Malware,USES,
Volt Typhoon,ThreatActor,Peripheral Device Discovery,Technique,USES,T1120
APT32,ThreatActor,Web Services,Technique,USES,T1583.006
LazyScripter,ThreatActor,Command Obfuscation,Technique,USES,T1027.010
TA2541,ThreatActor,Compression,Technique,USES,T1027.015
APT1,ThreatActor,Domains,Technique,USES,T1584.001
SideCopy,ThreatActor,System Information Discovery,Technique,USES,T1082
APT18,ThreatActor,DNS,Technique,USES,T1071.004
Scattered Spider,ThreatActor,Direct Volume Access,Technique,USES,T1006
Wizard Spider,ThreatActor,Anchor,Malware,USES,
Mustang Panda,ThreatActor,CorKLOG,Malware,USES,
Agrius,ThreatActor,Windows Service,Technique,USES,T1543.003
Tonto Team,ThreatActor,NBTscan,Malware,USES,
Agrius,ThreatActor,ASPXSpy,Malware,USES,
Winnti Group,ThreatActor,Ingress Tool Transfer,Technique,USES,T1105
TA578,ThreatActor,Search Victim-Owned Websites,Technique,USES,T1594
Magic Hound,ThreatActor,Masquerade Task or Service,Technique,USES,T1036.004
Kimsuky,ThreatActor,PowerShell,Technique,USES,T1059.001
Ember Bear,ThreatActor,PsExec,Malware,USES,
RedCurl,ThreatActor,Indirect Command Execution,Technique,USES,T1202
Kimsuky,ThreatActor,KGH_SPY,Malware,USES,
Kimsuky,ThreatActor,Exploits,Technique,USES,T1588.005
APT42,ThreatActor,Web Protocols,Technique,USES,T1071.001
OilRig,ThreatActor,Credentials from Password Stores,Technique,USES,T1555
APT38,ThreatActor,Rundll32,Technique,USES,T1218.011
Contagious Interview,ThreatActor,Search Open Websites/Domains,Technique,USES,T1593
menuPass,ThreatActor,Data from Network Shared Drive,Technique,USES,T1039
IndigoZebra,ThreatActor,Email Accounts,Technique,USES,T1586.002
Gorgon Group,ThreatActor,Tool,Technique,USES,T1588.002
Sea Turtle,ThreatActor,Domains,Technique,USES,T1583.001
LAPSUS$,ThreatActor,Email Addresses,Technique,USES,T1589.002
DarkVishnya,ThreatActor,Network Sniffing,Technique,USES,T1040
Sandworm Team,ThreatActor,Lateral Tool Transfer,Technique,USES,T1570
Sandworm Team,ThreatActor,Obfuscated Files or Information,Technique,USES,T1027
Aquatic Panda,ThreatActor,ShadowPad,Malware,USES,
Sandworm Team,ThreatActor,Business Relationships,Technique,USES,T1591.002
APT-C-36,ThreatActor,QuasarRAT,Malware,USES,
UNC3886,ThreatActor,Valid Accounts,Technique,USES,T1078
Gamaredon Group,ThreatActor,Non-Standard Port,Technique,USES,T1571
Tropic Trooper,ThreatActor,Dynamic-link Library Injection,Technique,USES,T1055.001
FIN13,ThreatActor,Network Share Discovery,Technique,USES,T1135
OilRig,ThreatActor,Clipboard Data,Technique,USES,T1115
Daggerfly,ThreatActor,Rundll32,Technique,USES,T1218.011
Leviathan,ThreatActor,Regsvr32,Technique,USES,T1218.010
Earth Lusca,ThreatActor,Nltest,Malware,USES,
Play,ThreatActor,File and Directory Discovery,Technique,USES,T1083
Threat Group-3390,ThreatActor,ipconfig,Malware,USES,
Chimera,ThreatActor,Local Storage Discovery,Technique,USES,T1680
FIN4,ThreatActor,Spearphishing Attachment,Technique,USES,T1566.001
Contagious Interview,ThreatActor,Command Obfuscation,Technique,USES,T1027.010
Kimsuky,ThreatActor,Regsvr32,Technique,USES,T1218.010
Ember Bear,ThreatActor,Data from Local System,Technique,USES,T1005
BackdoorDiplomacy,ThreatActor,Local Data Staging,Technique,USES,T1074.001
WIRTE,ThreatActor,Impersonation,Technique,USES,T1684.001
Group5,ThreatActor,Encrypted/Encoded File,Technique,USES,T1027.013
Silence,ThreatActor,Tool,Technique,USES,T1588.002
APT-C-36,ThreatActor,Virtual Private Server,Technique,USES,T1583.003
APT-C-36,ThreatActor,Ingress Tool Transfer,Technique,USES,T1105
Winter Vivern,ThreatActor,Masquerading,Technique,USES,T1036
APT39,ThreatActor,Query Registry,Technique,USES,T1012
APT19,ThreatActor,System Information Discovery,Technique,USES,T1082
FIN8,ThreatActor,Ingress Tool Transfer,Technique,USES,T1105
Gorgon Group,ThreatActor,njRAT,Malware,USES,
Aquatic Panda,ThreatActor,LSASS Memory,Technique,USES,T1003.001
Salt Typhoon,ThreatActor,Disable or Modify System Firewall,Technique,USES,T1686
Medusa Group,ThreatActor,Windows Command Shell,Technique,USES,T1059.003
Star Blizzard,ThreatActor,Acquire Infrastructure,Technique,USES,T1583
VOID MANTICORE,ThreatActor,Account Manipulation,Technique,USES,T1098
Chimera,ThreatActor,Remote Email Collection,Technique,USES,T1114.002
Windshift,ThreatActor,Ingress Tool Transfer,Technique,USES,T1105
Medusa Group,ThreatActor,Domain Groups,Technique,USES,T1069.002
APT5,ThreatActor,Web Shell,Technique,USES,T1505.003
Play,ThreatActor,BloodHound,Malware,USES,
Lotus Blossom,ThreatActor,Archive via Custom Method,Technique,USES,T1560.003
Leafminer,ThreatActor,Password Spraying,Technique,USES,T1110.003
APT18,ThreatActor,System Information Discovery,Technique,USES,T1082
Storm-0501,ThreatActor,System Language Discovery,Technique,USES,T1614.001
TA551,ThreatActor,Ingress Tool Transfer,Technique,USES,T1105
Chimera,ThreatActor,Query Registry,Technique,USES,T1012
admin@338,ThreatActor,Local Account,Technique,USES,T1087.001
Darkhotel,ThreatActor,Windows Command Shell,Technique,USES,T1059.003
APT39,ThreatActor,Brute Force,Technique,USES,T1110
BlackByte,ThreatActor,Valid Accounts,Technique,USES,T1078
Magic Hound,ThreatActor,Domains,Technique,USES,T1583.001
Volatile Cedar,ThreatActor,Exploit Public-Facing Application,Technique,USES,T1190
Carbanak,ThreatActor,Mimikatz,Malware,USES,
APT41,ThreatActor,Compiled HTML File,Technique,USES,T1218.001
Inception,ThreatActor,Visual Basic,Technique,USES,T1059.005
Gamaredon Group,ThreatActor,Tool,Technique,USES,T1588.002
Volt Typhoon,ThreatActor,File Deletion,Technique,USES,T1070.004
Andariel,ThreatActor,Malicious File,Technique,USES,T1204.002
FIN5,ThreatActor,SDelete,Malware,USES,
Tropic Trooper,ThreatActor,Automated Exfiltration,Technique,USES,T1020
Tropic Trooper,ThreatActor,Network Share Discovery,Technique,USES,T1135
Dragonfly,ThreatActor,Remote Email Collection,Technique,USES,T1114.002
Cobalt Group,ThreatActor,Protocol Tunneling,Technique,USES,T1572
APT38,ThreatActor,Runtime Data Manipulation,Technique,USES,T1565.003
Wizard Spider,ThreatActor,Exfiltration Over C2 Channel,Technique,USES,T1041
Mustang Panda,ThreatActor,Automated Collection,Technique,USES,T1119
MoustachedBouncer,ThreatActor,Remote Data Staging,Technique,USES,T1074.002
Windshift,ThreatActor,Windows Management Instrumentation,Technique,USES,T1047
Medusa Group,ThreatActor,Code Signing,Technique,USES,T1553.002
Rancor,ThreatActor,Msiexec,Technique,USES,T1218.007
APT28,ThreatActor,Communication Through Removable Media,Technique,USES,T1092
Mustang Panda,ThreatActor,Ingress Tool Transfer,Technique,USES,T1105
Inception,ThreatActor,Template Injection,Technique,USES,T1221
WIRTE,ThreatActor,Native API,Technique,USES,T1106
Moonstone Sleet,ThreatActor,Phishing for Information,Technique,USES,T1598
Kimsuky,ThreatActor,Registry Run Keys / Startup Folder,Technique,USES,T1547.001
TA505,ThreatActor,Net,Malware,USES,
Dragonfly,ThreatActor,Vulnerability Scanning,Technique,USES,T1595.002
Patchwork,ThreatActor,Windows Command Shell,Technique,USES,T1059.003
Sandworm Team,ThreatActor,NotPetya,Malware,USES,
Darkhotel,ThreatActor,Match Legitimate Resource Name or Location,Technique,USES,T1036.005
Contagious Interview,ThreatActor,Upload Malware,Technique,USES,T1608.001
ToddyCat,ThreatActor,Net,Malware,USES,
APT41,ThreatActor,BLACKCOFFEE,Malware,USES,
Gamaredon Group,ThreatActor,Automated Exfiltration,Technique,USES,T1020
Threat Group-1314,ThreatActor,Domain Accounts,Technique,USES,T1078.002
Gamaredon Group,ThreatActor,Web Protocols,Technique,USES,T1071.001
Metador,ThreatActor,Non-Application Layer Protocol,Technique,USES,T1095
Wizard Spider,ThreatActor,Spearphishing Attachment,Technique,USES,T1566.001
MirrorFace,ThreatActor,Exfiltration Over Asymmetric Encrypted Non-C2 Protocol,Technique,USES,T1048.002
Mofang,ThreatActor,Compression,Technique,USES,T1027.015
APT-C-36,ThreatActor,Upload Malware,Technique,USES,T1608.001
Akira,ThreatActor,Megazord,Malware,USES,
menuPass,ThreatActor,LSA Secrets,Technique,USES,T1003.004
LAPSUS$,ThreatActor,DNS Server,Technique,USES,T1584.002
Patchwork,ThreatActor,Binary Padding,Technique,USES,T1027.001
APT39,ThreatActor,BITS Jobs,Technique,USES,T1197
Higaisa,ThreatActor,Process Discovery,Technique,USES,T1057
Putter Panda,ThreatActor,httpclient,Malware,USES,
Cinnamon Tempest,ThreatActor,SMB/Windows Admin Shares,Technique,USES,T1021.002
Dragonfly,ThreatActor,Registry Run Keys / Startup Folder,Technique,USES,T1547.001
APT38,ThreatActor,Domains,Technique,USES,T1583.001
Leafminer,ThreatActor,Local Account,Technique,USES,T1136.001
APT39,ThreatActor,Local Account,Technique,USES,T1136.001
Poseidon Group,ThreatActor,Process Discovery,Technique,USES,T1057
APT32,ThreatActor,Web Shell,Technique,USES,T1505.003
ToddyCat,ThreatActor,Remote Data Staging,Technique,USES,T1074.002
Transparent Tribe,ThreatActor,Peppy,Malware,USES,
MoustachedBouncer,ThreatActor,Disco,Malware,USES,
Earth Lusca,ThreatActor,Obfuscated Files or Information,Technique,USES,T1027
BlackTech,ThreatActor,TSCookie,Malware,USES,
APT28,ThreatActor,Additional Email Delegate Permissions,Technique,USES,T1098.002
Daggerfly,ThreatActor,Server,Technique,USES,T1584.004
APT29,ThreatActor,Mark-of-the-Web Bypass,Technique,USES,T1553.005
FIN7,ThreatActor,Replication Through Removable Media,Technique,USES,T1091
Water Galura,ThreatActor,Tor,Malware,USES,
APT33,ThreatActor,NETWIRE,Malware,USES,
APT1,ThreatActor,Match Legitimate Resource Name or Location,Technique,USES,T1036.005
LazyScripter,ThreatActor,Koadic,Malware,USES,
Lazarus Group,ThreatActor,Remote Desktop Protocol,Technique,USES,T1021.001
Dark Caracal,ThreatActor,CrossRAT,Malware,USES,
APT32,ThreatActor,Hidden Files and Directories,Technique,USES,T1564.001
APT41,ThreatActor,MOPSLED,Malware,USES,
Ke3chang,ThreatActor,Process Discovery,Technique,USES,T1057
APT28,ThreatActor,OS Credential Dumping,Technique,USES,T1003
INC Ransom,ThreatActor,Network Share Discovery,Technique,USES,T1135
Andariel,ThreatActor,Spearphishing Attachment,Technique,USES,T1566.001
Mustard Tempest,ThreatActor,Malicious Link,Technique,USES,T1204.001
Velvet Ant,ThreatActor,Application Layer Protocol,Technique,USES,T1071
UNC3886,ThreatActor,Port Knocking,Technique,USES,T1205.001
FIN8,ThreatActor,System Information Discovery,Technique,USES,T1082
PLATINUM,ThreatActor,Non-Application Layer Protocol,Technique,USES,T1095
HEXANE,ThreatActor,System Network Connections Discovery,Technique,USES,T1049
APT41,ThreatActor,Modify Registry,Technique,USES,T1112
APT28,ThreatActor,Downdelph,Malware,USES,
EXOTIC LILY,ThreatActor,Social Media,Technique,USES,T1593.001
TA2541,ThreatActor,Spearphishing Attachment,Technique,USES,T1566.001
Velvet Ant,ThreatActor,Exploitation for Stealth,Technique,USES,T1211
BRONZE BUTLER,ThreatActor,Malicious File,Technique,USES,T1204.002
RedCurl,ThreatActor,Credentials In Files,Technique,USES,T1552.001
Mustang Panda,ThreatActor,Local Data Staging,Technique,USES,T1074.001
Kimsuky,ThreatActor,Windows Service,Technique,USES,T1543.003
APT29,ThreatActor,Systeminfo,Malware,USES,
HAFNIUM,ThreatActor,IP Addresses,Technique,USES,T1590.005
Threat Group-3390,ThreatActor,Archive via Library,Technique,USES,T1560.002
Cinnamon Tempest,ThreatActor,Protocol Tunneling,Technique,USES,T1572
Ke3chang,ThreatActor,LSASS Memory,Technique,USES,T1003.001
FIN6,ThreatActor,Windows Management Instrumentation,Technique,USES,T1047
Carbanak,ThreatActor,Disable or Modify System Firewall,Technique,USES,T1686
MuddyWater,ThreatActor,Scheduled Task,Technique,USES,T1053.005
Agrius,ThreatActor,Exfiltration Over C2 Channel,Technique,USES,T1041
Rocke,ThreatActor,Deobfuscate/Decode Files or Information,Technique,USES,T1140
APT39,ThreatActor,Python,Technique,USES,T1059.006
Nomadic Octopus,ThreatActor,Hidden Window,Technique,USES,T1564.003
BackdoorDiplomacy,ThreatActor,Network Service Discovery,Technique,USES,T1046
Volt Typhoon,ThreatActor,Impacket,Malware,USES,
APT3,ThreatActor,LSASS Memory,Technique,USES,T1003.001
Putter Panda,ThreatActor,Encrypted/Encoded File,Technique,USES,T1027.013
INC Ransom,ThreatActor,Exploit Public-Facing Application,Technique,USES,T1190
APT32,ThreatActor,Arp,Malware,USES,
Wizard Spider,ThreatActor,Security Account Manager,Technique,USES,T1003.002
Storm-1811,ThreatActor,Domain Trust Discovery,Technique,USES,T1482
Turla,ThreatActor,LunarMail,Malware,USES,
TA505,ThreatActor,Data Encrypted for Impact,Technique,USES,T1486
Volt Typhoon,ThreatActor,Vulnerabilities,Technique,USES,T1588.006
Sea Turtle,ThreatActor,Compile After Delivery,Technique,USES,T1027.004
MirrorFace,ThreatActor,DLL,Technique,USES,T1574.001
APT29,ThreatActor,Steal or Forge Authentication Certificates,Technique,USES,T1649
menuPass,ThreatActor,File and Directory Discovery,Technique,USES,T1083
FIN7,ThreatActor,DNS,Technique,USES,T1071.004
Play,ThreatActor,Security Software Discovery,Technique,USES,T1518.001
DarkVishnya,ThreatActor,Non-Standard Port,Technique,USES,T1571
UNC3886,ThreatActor,Exploit Public-Facing Application,Technique,USES,T1190
PLATINUM,ThreatActor,Process Injection,Technique,USES,T1055
LAPSUS$,ThreatActor,Impersonation,Technique,USES,T1684.001
HAFNIUM,ThreatActor,Trusted Relationship,Technique,USES,T1199
TA505,ThreatActor,PowerShell,Technique,USES,T1059.001
INC Ransom,ThreatActor,File Deletion,Technique,USES,T1070.004
MirrorFace,ThreatActor,SMB/Windows Admin Shares,Technique,USES,T1021.002
TeamTNT,ThreatActor,Disable or Modify Tools,Technique,USES,T1685
BlackTech,ThreatActor,Flagpro,Malware,USES,
APT42,ThreatActor,Virtual Private Server,Technique,USES,T1583.003
Magic Hound,ThreatActor,Remote System Discovery,Technique,USES,T1018
MirrorFace,ThreatActor,File Transfer Protocols,Technique,USES,T1071.002
Inception,ThreatActor,Regsvr32,Technique,USES,T1218.010
Magic Hound,ThreatActor,Modify Registry,Technique,USES,T1112
Magic Hound,ThreatActor,PowerLess,Malware,USES,
APT38,ThreatActor,Native API,Technique,USES,T1106
Aquatic Panda,ThreatActor,Remote Services,Technique,USES,T1021
APT37,ThreatActor,Windows Command Shell,Technique,USES,T1059.003
Windshift,ThreatActor,System Owner/User Discovery,Technique,USES,T1033
APT41,ThreatActor,Proxy,Technique,USES,T1090
Scattered Spider,ThreatActor,Create Account,Technique,USES,T1136
APT38,ThreatActor,KillDisk,Malware,USES,
APT29,ThreatActor,ipconfig,Malware,USES,
BlackByte,ThreatActor,Cobalt Strike,Malware,USES,
Suckfly,ThreatActor,Code Signing,Technique,USES,T1553.002
LazyScripter,ThreatActor,Registry Run Keys / Startup Folder,Technique,USES,T1547.001
Ember Bear,ThreatActor,Disk Structure Wipe,Technique,USES,T1561.002
Dragonfly,ThreatActor,Ingress Tool Transfer,Technique,USES,T1105
Moonstone Sleet,ThreatActor,Compromise Software Supply Chain,Technique,USES,T1195.002
APT28,ThreatActor,Network Sniffing,Technique,USES,T1040
Ke3chang,ThreatActor,Malware,Technique,USES,T1587.001
Chimera,ThreatActor,Tool,Technique,USES,T1588.002
Tonto Team,ThreatActor,Spearphishing Attachment,Technique,USES,T1566.001
Threat Group-3390,ThreatActor,Software Packing,Technique,USES,T1027.002
Molerats,ThreatActor,JavaScript,Technique,USES,T1059.007
APT41,ThreatActor,LSASS Memory,Technique,USES,T1003.001
APT32,ThreatActor,System Network Configuration Discovery,Technique,USES,T1016
APT38,ThreatActor,Compiled HTML File,Technique,USES,T1218.001
Scattered Spider,ThreatActor,Inhibit System Recovery,Technique,USES,T1490
EXOTIC LILY,ThreatActor,Email Addresses,Technique,USES,T1589.002
FIN7,ThreatActor,Windows Command Shell,Technique,USES,T1059.003
Sidewinder,ThreatActor,Spearphishing Attachment,Technique,USES,T1566.001
HAFNIUM,ThreatActor,Cloud Accounts,Technique,USES,T1078.004
BRONZE BUTLER,ThreatActor,Binary Padding,Technique,USES,T1027.001
RedCurl,ThreatActor,Rundll32,Technique,USES,T1218.011
Lazarus Group,ThreatActor,System Shutdown/Reboot,Technique,USES,T1529
Blue Mockingbird,ThreatActor,Match Legitimate Resource Name or Location,Technique,USES,T1036.005
GALLIUM,ThreatActor,NBTscan,Malware,USES,
Sowbug,ThreatActor,Network Share Discovery,Technique,USES,T1135
Scattered Spider,ThreatActor,Remote System Discovery,Technique,USES,T1018
Lotus Blossom,ThreatActor,Archive via Utility,Technique,USES,T1560.001
Metador,ThreatActor,Mafalda,Malware,USES,
Dragonfly,ThreatActor,External Remote Services,Technique,USES,T1133
Orangeworm,ThreatActor,Arp,Malware,USES,
APT3,ThreatActor,Registry Run Keys / Startup Folder,Technique,USES,T1547.001
MuddyWater,ThreatActor,External Proxy,Technique,USES,T1090.002
Ke3chang,ThreatActor,Web Protocols,Technique,USES,T1071.001
MirrorFace,ThreatActor,HiddenFace,Malware,USES,
PittyTiger,ThreatActor,Mimikatz,Malware,USES,
FIN7,ThreatActor,RDFSNIFFER,Malware,USES,
Daggerfly,ThreatActor,Local Account,Technique,USES,T1136.001
HEXANE,ThreatActor,Process Discovery,Technique,USES,T1057
WIRTE,ThreatActor,Regsvr32,Technique,USES,T1218.010
Sidewinder,ThreatActor,Match Legitimate Resource Name or Location,Technique,USES,T1036.005
Kimsuky,ThreatActor,Web Services,Technique,USES,T1583.006
APT5,ThreatActor,System Network Connections Discovery,Technique,USES,T1049
Silence,ThreatActor,File Deletion,Technique,USES,T1070.004
Gamaredon Group,ThreatActor,Domains,Technique,USES,T1583.001
Orangeworm,ThreatActor,Systeminfo,Malware,USES,
APT28,ThreatActor,Exploitation for Privilege Escalation,Technique,USES,T1068
FIN8,ThreatActor,PowerShell,Technique,USES,T1059.001
MuddyWater,ThreatActor,RustyWater,Malware,USES,
Wizard Spider,ThreatActor,Service Stop,Technique,USES,T1489
APT38,ThreatActor,Malicious File,Technique,USES,T1204.002
Kimsuky,ThreatActor,Query Public AI Services,Technique,USES,T1682
Leafminer,ThreatActor,JavaScript,Technique,USES,T1059.007
Leviathan,ThreatActor,Exfiltration Over C2 Channel,Technique,USES,T1041
Tropic Trooper,ThreatActor,System Information Discovery,Technique,USES,T1082
APT33,ThreatActor,PowerShell,Technique,USES,T1059.001
RedCurl,ThreatActor,Domain Account,Technique,USES,T1087.002
Turla,ThreatActor,Net,Malware,USES,
Dragonfly,ThreatActor,LSA Secrets,Technique,USES,T1003.004
Earth Lusca,ThreatActor,Windows Service,Technique,USES,T1543.003
Inception,ThreatActor,Symmetric Cryptography,Technique,USES,T1573.001
OilRig,ThreatActor,Cached Domain Credentials,Technique,USES,T1003.005
UNC3886,ThreatActor,Non-Application Layer Protocol,Technique,USES,T1095
OilRig,ThreatActor,Encrypted/Encoded File,Technique,USES,T1027.013
Agrius,ThreatActor,Lateral Tool Transfer,Technique,USES,T1570
BackdoorDiplomacy,ThreatActor,System Network Connections Discovery,Technique,USES,T1049
Ke3chang,ThreatActor,Windows Command Shell,Technique,USES,T1059.003
Rocke,ThreatActor,Clear Linux or Mac System Logs,Technique,USES,T1685.006
Kimsuky,ThreatActor,File and Directory Discovery,Technique,USES,T1083
Medusa Group,ThreatActor,Web Shell,Technique,USES,T1505.003
Magic Hound,ThreatActor,Pupy,Malware,USES,
Agrius,ThreatActor,Apostle,Malware,USES,
Moses Staff,ThreatActor,Ingress Tool Transfer,Technique,USES,T1105
Tropic Trooper,ThreatActor,Security Software Discovery,Technique,USES,T1518.001
OilRig,ThreatActor,OilBooster,Malware,USES,
APT5,ThreatActor,Domain Accounts,Technique,USES,T1078.002
Stealth Falcon,ThreatActor,Data from Local System,Technique,USES,T1005
Darkhotel,ThreatActor,Ingress Tool Transfer,Technique,USES,T1105
Kimsuky,ThreatActor,Hidden Window,Technique,USES,T1564.003
Volt Typhoon,ThreatActor,Ingress Tool Transfer,Technique,USES,T1105
APT41,ThreatActor,Impersonation,Technique,USES,T1684.001
FIN8,ThreatActor,Sardonic,Malware,USES,
Sandworm Team,ThreatActor,KillDisk,Malware,USES,
TA505,ThreatActor,Spearphishing Attachment,Technique,USES,T1566.001
Turla,ThreatActor,Winlogon Helper DLL,Technique,USES,T1547.004
FIN7,ThreatActor,SQLRat,Malware,USES,
MirrorFace,ThreatActor,Exploit Public-Facing Application,Technique,USES,T1190
HEXANE,ThreatActor,Keylogging,Technique,USES,T1056.001
Inception,ThreatActor,Process Discovery,Technique,USES,T1057
WIRTE,ThreatActor,Ingress Tool Transfer,Technique,USES,T1105
LazyScripter,ThreatActor,Rundll32,Technique,USES,T1218.011
APT29,ThreatActor,Cloud Account,Technique,USES,T1087.004
FIN6,ThreatActor,Password Cracking,Technique,USES,T1110.002
Storm-1811,ThreatActor,Spearphishing via Service,Technique,USES,T1566.003
Moses Staff,ThreatActor,Exploit Public-Facing Application,Technique,USES,T1190
HAFNIUM,ThreatActor,File and Directory Discovery,Technique,USES,T1083
UNC3886,ThreatActor,REPTILE,Malware,USES,
APT29,ThreatActor,SUNSPOT,Malware,USES,
Wizard Spider,ThreatActor,Diavol,Malware,USES,
Gamaredon Group,ThreatActor,Fast Flux DNS,Technique,USES,T1568.001
FIN13,ThreatActor,Archive via Utility,Technique,USES,T1560.001
APT1,ThreatActor,xCmd,Malware,USES,
Higaisa,ThreatActor,Masquerade Task or Service,Technique,USES,T1036.004
Aquatic Panda,ThreatActor,System Information Discovery,Technique,USES,T1082
ZIRCONIUM,ThreatActor,Exploitation for Privilege Escalation,Technique,USES,T1068
Saint Bear,ThreatActor,Saint Bot,Malware,USES,
Scattered Spider,ThreatActor,Domain Groups,Technique,USES,T1069.002
FIN7,ThreatActor,Spearphishing Attachment,Technique,USES,T1566.001
Magic Hound,ThreatActor,DownPaper,Malware,USES,
Winter Vivern,ThreatActor,Domains,Technique,USES,T1583.001
Cobalt Group,ThreatActor,Asymmetric Cryptography,Technique,USES,T1573.002
Magic Hound,ThreatActor,Domain Trust Discovery,Technique,USES,T1482
Moonstone Sleet,ThreatActor,Service Execution,Technique,USES,T1569.002
menuPass,ThreatActor,EvilGrab,Malware,USES,
VOID MANTICORE,ThreatActor,Video Capture,Technique,USES,T1125
Scattered Spider,ThreatActor,PowerShell,Technique,USES,T1059.001
SideCopy,ThreatActor,Spearphishing Attachment,Technique,USES,T1598.002
APT28,ThreatActor,XAgentOSX,Malware,USES,
Mustang Panda,ThreatActor,JavaScript,Technique,USES,T1059.007
Gamaredon Group,ThreatActor,Process Injection,Technique,USES,T1055
SilverTerrier,ThreatActor,File Transfer Protocols,Technique,USES,T1071.002
Earth Lusca,ThreatActor,Spearphishing Link,Technique,USES,T1566.002
APT37,ThreatActor,Spearphishing Attachment,Technique,USES,T1566.001
Lazarus Group,ThreatActor,AppleJeus,Malware,USES,
APT1,ThreatActor,Local Account,Technique,USES,T1087.001
Darkhotel,ThreatActor,Registry Run Keys / Startup Folder,Technique,USES,T1547.001
Lazarus Group,ThreatActor,System Time Discovery,Technique,USES,T1124
APT38,ThreatActor,Stored Data Manipulation,Technique,USES,T1565.001
APT28,ThreatActor,Office Test,Technique,USES,T1137.002
MuddyWater,ThreatActor,Malicious File,Technique,USES,T1204.002
Dragonfly,ThreatActor,Exploit Public-Facing Application,Technique,USES,T1190
Volt Typhoon,ThreatActor,Unsecured Credentials,Technique,USES,T1552
Magic Hound,ThreatActor,Gather Victim Identity Information,Technique,USES,T1589
Cinnamon Tempest,ThreatActor,Taint Shared Content,Technique,USES,T1080
Earth Lusca,ThreatActor,Archive via Utility,Technique,USES,T1560.001
BlackByte,ThreatActor,Exfiltration Over Web Service,Technique,USES,T1567
Leviathan,ThreatActor,Web Shell,Technique,USES,T1505.003
Patchwork,ThreatActor,AutoIt backdoor,Malware,USES,
Winter Vivern,ThreatActor,System Information Discovery,Technique,USES,T1082
TeamTNT,ThreatActor,Application Layer Protocol,Technique,USES,T1071
Turla,ThreatActor,Reg,Malware,USES,
APT41,ThreatActor,Code Repositories,Technique,USES,T1213.003
Carbanak,ThreatActor,PsExec,Malware,USES,
APT-C-36,ThreatActor,Steganography,Technique,USES,T1027.003
HAFNIUM,ThreatActor,NTDS,Technique,USES,T1003.003
APT41,ThreatActor,ROCKBOOT,Malware,USES,
Metador,ThreatActor,Tool,Technique,USES,T1588.002
Threat Group-3390,ThreatActor,Code Signing Certificates,Technique,USES,T1588.003
BlackTech,ThreatActor,Waterbear,Malware,USES,
Ke3chang,ThreatActor,Valid Accounts,Technique,USES,T1078
Naikon,ThreatActor,Malicious File,Technique,USES,T1204.002
TA577,ThreatActor,Embedded Payloads,Technique,USES,T1027.009
APT33,ThreatActor,Registry Run Keys / Startup Folder,Technique,USES,T1547.001
Patchwork,ThreatActor,Bypass User Account Control,Technique,USES,T1548.002
LAPSUS$,ThreatActor,NTDS,Technique,USES,T1003.003
Chimera,ThreatActor,Exfiltration to Cloud Storage,Technique,USES,T1567.002
Fox Kitten,ThreatActor,ngrok,Malware,USES,
APT19,ThreatActor,Standard Encoding,Technique,USES,T1132.001
Sea Turtle,ThreatActor,Clear Linux or Mac System Logs,Technique,USES,T1685.006
UNC3886,ThreatActor,Disable or Modify System Firewall,Technique,USES,T1686
ToddyCat,ThreatActor,Windows Management Instrumentation,Technique,USES,T1047
MuddyWater,ThreatActor,System Owner/User Discovery,Technique,USES,T1033
Lazarus Group,ThreatActor,route,Malware,USES,
Winter Vivern,ThreatActor,Windows Command Shell,Technique,USES,T1059.003
BRONZE BUTLER,ThreatActor,Registry Run Keys / Startup Folder,Technique,USES,T1547.001
APT38,ThreatActor,Data from Local System,Technique,USES,T1005
RedCurl,ThreatActor,Spearphishing Link,Technique,USES,T1566.002
ZIRCONIUM,ThreatActor,Msiexec,Technique,USES,T1218.007
FIN6,ThreatActor,Credentials from Password Stores,Technique,USES,T1555
Threat Group-3390,ThreatActor,Clambling,Malware,USES,
UNC3886,ThreatActor,MEDUSA,Malware,USES,
APT33,ThreatActor,Net,Malware,USES,
APT12,ThreatActor,RIPTIDE,Malware,USES,
Strider,ThreatActor,Hidden File System,Technique,USES,T1564.005
FIN4,ThreatActor,Web Protocols,Technique,USES,T1071.001
APT28,ThreatActor,USBStealer,Malware,USES,
Leviathan,ThreatActor,NanHaiShu,Malware,USES,
Chimera,ThreatActor,Timestomp,Technique,USES,T1070.006
Akira,ThreatActor,External Remote Services,Technique,USES,T1133
APT3,ThreatActor,Remote Desktop Protocol,Technique,USES,T1021.001
Deep Panda,ThreatActor,Windows Management Instrumentation,Technique,USES,T1047
Lazarus Group,ThreatActor,Masquerade Task or Service,Technique,USES,T1036.004
Leafminer,ThreatActor,PsExec,Malware,USES,
UNC3886,ThreatActor,Unix Shell,Technique,USES,T1059.004
Sea Turtle,ThreatActor,Unix Shell,Technique,USES,T1059.004
APT33,ThreatActor,Pupy,Malware,USES,
Storm-1811,ThreatActor,Spearphishing Link,Technique,USES,T1566.002
Sidewinder,ThreatActor,Malicious Link,Technique,USES,T1204.001
HAFNIUM,ThreatActor,Account Manipulation,Technique,USES,T1098
Dragonfly,ThreatActor,Network Share Discovery,Technique,USES,T1135
APT28,ThreatActor,Zebrocy,Malware,USES,
Gamaredon Group,ThreatActor,Peripheral Device Discovery,Technique,USES,T1120
APT41,ThreatActor,BITS Jobs,Technique,USES,T1197
Storm-1811,ThreatActor,Domain Account,Technique,USES,T1087.002
Fox Kitten,ThreatActor,Remote Desktop Protocol,Technique,USES,T1021.001
Volt Typhoon,ThreatActor,Systeminfo,Malware,USES,
Medusa Group,ThreatActor,PsExec,Malware,USES,
OilRig,ThreatActor,SampleCheck5000,Malware,USES,
APT28,ThreatActor,Steal Application Access Token,Technique,USES,T1528
CopyKittens,ThreatActor,Tool,Technique,USES,T1588.002
Lazarus Group,ThreatActor,Timestomp,Technique,USES,T1070.006
Gamaredon Group,ThreatActor,Exfiltration Over C2 Channel,Technique,USES,T1041
BRONZE BUTLER,ThreatActor,PowerShell,Technique,USES,T1059.001
Higaisa,ThreatActor,System Network Configuration Discovery,Technique,USES,T1016
Mustang Panda,ThreatActor,PowerShell,Technique,USES,T1059.001
Tonto Team,ThreatActor,Exploitation of Remote Services,Technique,USES,T1210
Mustang Panda,ThreatActor,RCSession,Malware,USES,
HEXANE,ThreatActor,Software Discovery,Technique,USES,T1518
OilRig,ThreatActor,Local Groups,Technique,USES,T1069.001
Lazarus Group,ThreatActor,Clear Command History,Technique,USES,T1070.003
Sandworm Team,ThreatActor,Email Accounts,Technique,USES,T1585.002
APT33,ThreatActor,Empire,Malware,USES,
FIN10,ThreatActor,Valid Accounts,Technique,USES,T1078
Contagious Interview,ThreatActor,Visual Basic,Technique,USES,T1059.005
APT42,ThreatActor,Asymmetric Cryptography,Technique,USES,T1573.002
APT33,ThreatActor,Valid Accounts,Technique,USES,T1078
Turla,ThreatActor,Code Signing Policy Modification,Technique,USES,T1553.006
Magic Hound,ThreatActor,Domain Accounts,Technique,USES,T1078.002
Machete,ThreatActor,Msiexec,Technique,USES,T1218.007
Ember Bear,ThreatActor,Exploitation for Client Execution,Technique,USES,T1203
Turla,ThreatActor,Spearphishing Link,Technique,USES,T1566.002
APT29,ThreatActor,Impacket,Malware,USES,
Magic Hound,ThreatActor,Spearphishing via Service,Technique,USES,T1566.003
Ember Bear,ThreatActor,Rclone,Malware,USES,
Fox Kitten,ThreatActor,Web Service,Technique,USES,T1102
CURIUM,ThreatActor,Spearphishing Attachment,Technique,USES,T1566.001
Chimera,ThreatActor,Remote System Discovery,Technique,USES,T1018
menuPass,ThreatActor,Match Legitimate Resource Name or Location,Technique,USES,T1036.005
Naikon,ThreatActor,DLL,Technique,USES,T1574.001
Scattered Spider,ThreatActor,Password Managers,Technique,USES,T1555.005
APT-C-36,ThreatActor,Visual Basic,Technique,USES,T1059.005
Dragonfly,ThreatActor,Backdoor.Oldrea,Malware,USES,
BITTER,ThreatActor,Exploitation for Client Execution,Technique,USES,T1203
Lotus Blossom,ThreatActor,Network Service Discovery,Technique,USES,T1046
RedCurl,ThreatActor,Credentials in Registry,Technique,USES,T1552.002
Malteiro,ThreatActor,Credentials from Password Stores,Technique,USES,T1555
Leviathan,ThreatActor,Remote Desktop Protocol,Technique,USES,T1021.001
Threat Group-3390,ThreatActor,Windows Management Instrumentation,Technique,USES,T1047
Scattered Spider,ThreatActor,Exfiltration to Cloud Storage,Technique,USES,T1567.002
APT41,ThreatActor,Query Registry,Technique,USES,T1012
Daggerfly,ThreatActor,Code Signing,Technique,USES,T1553.002
Akira,ThreatActor,Binary Padding,Technique,USES,T1027.001
Volt Typhoon,ThreatActor,Domain Accounts,Technique,USES,T1078.002
Fox Kitten,ThreatActor,Data from Network Shared Drive,Technique,USES,T1039
Star Blizzard,ThreatActor,Email Forwarding Rule,Technique,USES,T1114.003
Cobalt Group,ThreatActor,Windows Service,Technique,USES,T1543.003
Leviathan,ThreatActor,Orz,Malware,USES,
MuddyWater,ThreatActor,Remote Desktop Software,Technique,USES,T1219.002
Contagious Interview,ThreatActor,Execution Guardrails,Technique,USES,T1480
Gamaredon Group,ThreatActor,Multi-hop Proxy,Technique,USES,T1090.003
BRONZE BUTLER,ThreatActor,Windows Command Shell,Technique,USES,T1059.003
APT32,ThreatActor,Junk Code Insertion,Technique,USES,T1027.016
BlackByte,ThreatActor,Process Injection,Technique,USES,T1055
MirrorFace,ThreatActor,Masquerade File Type,Technique,USES,T1036.008
Moonstone Sleet,ThreatActor,Domains,Technique,USES,T1583.001
HEXANE,ThreatActor,Visual Basic,Technique,USES,T1059.005
CURIUM,ThreatActor,IMAPLoader,Malware,USES,
BITTER,ThreatActor,Domains,Technique,USES,T1583.001
Volt Typhoon,ThreatActor,Data from Local System,Technique,USES,T1005
menuPass,ThreatActor,esentutl,Malware,USES,
Scarlet Mimic,ThreatActor,Right-to-Left Override,Technique,USES,T1036.002
Confucius,ThreatActor,File and Directory Discovery,Technique,USES,T1083
menuPass,ThreatActor,Impacket,Malware,USES,
Mustang Panda,ThreatActor,NBTscan,Malware,USES,
MirrorFace,ThreatActor,NTDS,Technique,USES,T1003.003
Wizard Spider,ThreatActor,Net,Malware,USES,
BlackByte,ThreatActor,SMB/Windows Admin Shares,Technique,USES,T1021.002
Gamaredon Group,ThreatActor,Scheduled Task,Technique,USES,T1053.005
RedCurl,ThreatActor,File Deletion,Technique,USES,T1070.004
Sandworm Team,ThreatActor,Bidirectional Communication,Technique,USES,T1102.002
Tropic Trooper,ThreatActor,Deobfuscate/Decode Files or Information,Technique,USES,T1140
BRONZE BUTLER,ThreatActor,schtasks,Malware,USES,
APT28,ThreatActor,Password Spraying,Technique,USES,T1110.003
FIN6,ThreatActor,Non-Application Layer Protocol,Technique,USES,T1095
Sowbug,ThreatActor,Match Legitimate Resource Name or Location,Technique,USES,T1036.005
TeamTNT,ThreatActor,SSH Authorized Keys,Technique,USES,T1098.004
Moafee,ThreatActor,PoisonIvy,Malware,USES,
Patchwork,ThreatActor,PowerShell,Technique,USES,T1059.001
Mustang Panda,ThreatActor,PoisonIvy,Malware,USES,
Mustang Panda,ThreatActor,Junk Code Insertion,Technique,USES,T1027.016
OilRig,ThreatActor,Credentials In Files,Technique,USES,T1552.001
Ke3chang,ThreatActor,Botnet,Technique,USES,T1583.005
Velvet Ant,ThreatActor,Local Accounts,Technique,USES,T1078.003
FIN7,ThreatActor,Lizar,Malware,USES,
Axiom,ThreatActor,Phishing,Technique,USES,T1566
Wizard Spider,ThreatActor,Empire,Malware,USES,
APT39,ThreatActor,ftp,Malware,USES,
UNC3886,ThreatActor,Traffic Signaling,Technique,USES,T1205
BackdoorDiplomacy,ThreatActor,Peripheral Device Discovery,Technique,USES,T1120
admin@338,ThreatActor,netstat,Malware,USES,
APT-C-36,ThreatActor,Dynamic Resolution,Technique,USES,T1568
Ember Bear,ThreatActor,Match Legitimate Resource Name or Location,Technique,USES,T1036.005
FIN13,ThreatActor,Deobfuscate/Decode Files or Information,Technique,USES,T1140
BlackByte,ThreatActor,Domain Accounts,Technique,USES,T1078.002
Gamaredon Group,ThreatActor,Ping,Malware,USES,
APT39,ThreatActor,Match Legitimate Resource Name or Location,Technique,USES,T1036.005
APT28,ThreatActor,Malicious Link,Technique,USES,T1204.001
BlackByte,ThreatActor,Registry Run Keys / Startup Folder,Technique,USES,T1547.001
BRONZE BUTLER,ThreatActor,Ingress Tool Transfer,Technique,USES,T1105
TA505,ThreatActor,Native API,Technique,USES,T1106
MirrorFace,ThreatActor,Archive via Utility,Technique,USES,T1560.001
APT18,ThreatActor,Web Protocols,Technique,USES,T1071.001
FIN8,ThreatActor,PsExec,Malware,USES,
INC Ransom,ThreatActor,Valid Accounts,Technique,USES,T1078
menuPass,ThreatActor,Ecipekac,Malware,USES,
APT28,ThreatActor,External Remote Services,Technique,USES,T1133
HAFNIUM,ThreatActor,Domain Account,Technique,USES,T1136.002
Saint Bear,ThreatActor,Software Packing,Technique,USES,T1027.002
Kimsuky,ThreatActor,Compression,Technique,USES,T1027.015
menuPass,ThreatActor,Archive Collected Data,Technique,USES,T1560
Sandworm Team,ThreatActor,Inhibit System Recovery,Technique,USES,T1490
Tonto Team,ThreatActor,PowerShell,Technique,USES,T1059.001
Magic Hound,ThreatActor,Archive via Utility,Technique,USES,T1560.001
ToddyCat,ThreatActor,Samurai,Malware,USES,
Wizard Spider,ThreatActor,Spearphishing Link,Technique,USES,T1566.002
SilverTerrier,ThreatActor,NETWIRE,Malware,USES,
WIRTE,ThreatActor,Compression,Technique,USES,T1027.015
Leviathan,ThreatActor,Cobalt Strike,Malware,USES,
Tonto Team,ThreatActor,Exploitation for Privilege Escalation,Technique,USES,T1068
OilRig,ThreatActor,Process Discovery,Technique,USES,T1057
TA577,ThreatActor,Email Accounts,Technique,USES,T1586.002
UNC3886,ThreatActor,RIFLESPINE,Malware,USES,
APT3,ThreatActor,SHOTPUT,Malware,USES,
Play,ThreatActor,External Remote Services,Technique,USES,T1133
Lazarus Group,ThreatActor,BLINDINGCAN,Malware,USES,
BackdoorDiplomacy,ThreatActor,Non-Application Layer Protocol,Technique,USES,T1095
Sowbug,ThreatActor,OS Credential Dumping,Technique,USES,T1003
MuddyWater,ThreatActor,RemoteUtilities,Malware,USES,
Indrik Spider,ThreatActor,Ingress Tool Transfer,Technique,USES,T1105
TA578,ThreatActor,Web Services,Technique,USES,T1583.006
APT41,ThreatActor,File and Directory Discovery,Technique,USES,T1083
Silent Librarian,ThreatActor,Tool,Technique,USES,T1588.002
RedCurl,ThreatActor,Registry Run Keys / Startup Folder,Technique,USES,T1547.001
Sandworm Team,ThreatActor,Net,Malware,USES,
FIN7,ThreatActor,Upload Malware,Technique,USES,T1608.001
Fox Kitten,ThreatActor,PsExec,Malware,USES,
Patchwork,ThreatActor,Spearphishing Link,Technique,USES,T1598.003
Mustang Panda,ThreatActor,SplatDropper,Malware,USES,
Dragonfly,ThreatActor,Brute Force,Technique,USES,T1110
APT29,ThreatActor,Cobalt Strike,Malware,USES,
Rancor,ThreatActor,Windows Management Instrumentation Event Subscription,Technique,USES,T1546.003
APT32,ThreatActor,WINDSHIELD,Malware,USES,
APT38,ThreatActor,PowerShell,Technique,USES,T1059.001
Velvet Ant,ThreatActor,Match Legitimate Resource Name or Location,Technique,USES,T1036.005
APT39,ThreatActor,Web Protocols,Technique,USES,T1071.001
TeamTNT,ThreatActor,Domains,Technique,USES,T1583.001
Ember Bear,ThreatActor,BloodHound,Malware,USES,
APT29,ThreatActor,Additional Email Delegate Permissions,Technique,USES,T1098.002
Sandworm Team,ThreatActor,Domains,Technique,USES,T1583.001
Daggerfly,ThreatActor,Query Registry,Technique,USES,T1012
Higaisa,ThreatActor,gh0st RAT,Malware,USES,
Silence,ThreatActor,SDelete,Malware,USES,
FIN6,ThreatActor,Valid Accounts,Technique,USES,T1078
APT29,ThreatActor,PowerDuke,Malware,USES,
DarkHydrus,ThreatActor,PowerShell,Technique,USES,T1059.001
TeamTNT,ThreatActor,Cloud API,Technique,USES,T1059.009
ToddyCat,ThreatActor,Ninja,Malware,USES,
Silence,ThreatActor,Spearphishing Attachment,Technique,USES,T1566.001
Patchwork,ThreatActor,Ingress Tool Transfer,Technique,USES,T1105
APT28,ThreatActor,Bidirectional Communication,Technique,USES,T1102.002
Andariel,ThreatActor,Steganography,Technique,USES,T1027.003
APT-C-36,ThreatActor,Hidden Window,Technique,USES,T1564.003
Andariel,ThreatActor,gh0st RAT,Malware,USES,
Storm-0501,ThreatActor,Private Keys,Technique,USES,T1552.004
Turla,ThreatActor,HyperStack,Malware,USES,
MirrorFace,ThreatActor,Template Injection,Technique,USES,T1221
APT3,ThreatActor,Process Discovery,Technique,USES,T1057
Lazarus Group,ThreatActor,DLL,Technique,USES,T1574.001
Akira,ThreatActor,Disable or Modify Tools,Technique,USES,T1685
OilRig,ThreatActor,Credentials from Web Browsers,Technique,USES,T1555.003
Fox Kitten,ThreatActor,Valid Accounts,Technique,USES,T1078
Winnti Group,ThreatActor,File and Directory Discovery,Technique,USES,T1083
APT-C-36,ThreatActor,Non-Standard Port,Technique,USES,T1571
Volt Typhoon,ThreatActor,Direct Volume Access,Technique,USES,T1006
Threat Group-3390,ThreatActor,Web Protocols,Technique,USES,T1071.001
Gamaredon Group,ThreatActor,Reg,Malware,USES,
Kimsuky,ThreatActor,Scheduled Task,Technique,USES,T1053.005
Higaisa,ThreatActor,Windows Command Shell,Technique,USES,T1059.003
Leviathan,ThreatActor,Network Devices,Technique,USES,T1584.008
EXOTIC LILY,ThreatActor,Upload Malware,Technique,USES,T1608.001
Velvet Ant,ThreatActor,SMB/Windows Admin Shares,Technique,USES,T1021.002
Dragonfly,ThreatActor,Remote Desktop Protocol,Technique,USES,T1021.001
Kimsuky,ThreatActor,System Owner/User Discovery,Technique,USES,T1033
Dragonfly,ThreatActor,Forced Authentication,Technique,USES,T1187
Aoqin Dragon,ThreatActor,Heyoka Backdoor,Malware,USES,
APT29,ThreatActor,Net,Malware,USES,
APT32,ThreatActor,System Network Connections Discovery,Technique,USES,T1049
APT32,ThreatActor,Hidden Window,Technique,USES,T1564.003
APT32,ThreatActor,Encrypted/Encoded File,Technique,USES,T1027.013
Kimsuky,ThreatActor,Mutual Exclusion,Technique,USES,T1480.002
AppleJeus,ThreatActor,Phishing,Technique,USES,T1566
Kimsuky,ThreatActor,Match Legitimate Resource Name or Location,Technique,USES,T1036.005
Sandworm Team,ThreatActor,PoshC2,Malware,USES,
Scattered Spider,ThreatActor,Spearphishing Voice,Technique,USES,T1598.004
Cinnamon Tempest,ThreatActor,Cobalt Strike,Malware,USES,
Scattered Spider,ThreatActor,Data Staged,Technique,USES,T1074
APT28,ThreatActor,Junk Data,Technique,USES,T1001.001
MirrorFace,ThreatActor,Ping,Malware,USES,
MirrorFace,ThreatActor,Password Filter DLL,Technique,USES,T1556.002
CopyKittens,ThreatActor,TDTESS,Malware,USES,
Mustang Panda,ThreatActor,Timestomp,Technique,USES,T1070.006
VOID MANTICORE,ThreatActor,Protocol Tunneling,Technique,USES,T1572
TA577,ThreatActor,Malicious Link,Technique,USES,T1204.001
Threat Group-3390,ThreatActor,Network Share Connection Removal,Technique,USES,T1070.005
SideCopy,ThreatActor,Action RAT,Malware,USES,
Medusa Group,ThreatActor,System Shutdown/Reboot,Technique,USES,T1529
APT32,ThreatActor,Keylogging,Technique,USES,T1056.001
BlackByte,ThreatActor,Execution Guardrails,Technique,USES,T1480
HAFNIUM,ThreatActor,Web Protocols,Technique,USES,T1071.001
Indrik Spider,ThreatActor,BitPaymer,Malware,USES,
RedCurl,ThreatActor,Credentials from Web Browsers,Technique,USES,T1555.003
APT32,ThreatActor,Email Addresses,Technique,USES,T1589.002
Ke3chang,ThreatActor,Registry Run Keys / Startup Folder,Technique,USES,T1547.001
APT28,ThreatActor,Clear Windows Event Logs,Technique,USES,T1685.005
Earth Lusca,ThreatActor,Server,Technique,USES,T1583.004
Fox Kitten,ThreatActor,Network Service Discovery,Technique,USES,T1046
Scattered Spider,ThreatActor,BlackCat,Malware,USES,
Gamaredon Group,ThreatActor,Obfuscated Files or Information,Technique,USES,T1027
CURIUM,ThreatActor,PowerShell,Technique,USES,T1059.001
IndigoZebra,ThreatActor,Spearphishing Attachment,Technique,USES,T1566.001
MirrorFace,ThreatActor,Windows Management Instrumentation,Technique,USES,T1047
FIN7,ThreatActor,Fallback Channels,Technique,USES,T1008
APT5,ThreatActor,Match Legitimate Resource Name or Location,Technique,USES,T1036.005
Chimera,ThreatActor,Credentials,Technique,USES,T1589.001
ZIRCONIUM,ThreatActor,Ingress Tool Transfer,Technique,USES,T1105
APT42,ThreatActor,Windows Management Instrumentation,Technique,USES,T1047
LAPSUS$,ThreatActor,Password Managers,Technique,USES,T1555.005
Scattered Spider,ThreatActor,Cloud Accounts,Technique,USES,T1078.004
APT5,ThreatActor,gh0st RAT,Malware,USES,
Ember Bear,ThreatActor,Credentials In Files,Technique,USES,T1552.001
Storm-0501,ThreatActor,Masquerade Task or Service,Technique,USES,T1036.004
Play,ThreatActor,Tool,Technique,USES,T1588.002
Volt Typhoon,ThreatActor,Query Registry,Technique,USES,T1012
APT1,ThreatActor,Spearphishing Attachment,Technique,USES,T1566.001
Aquatic Panda,ThreatActor,Rundll32,Technique,USES,T1218.011
HAFNIUM,ThreatActor,Remote System Discovery,Technique,USES,T1018
FIN6,ThreatActor,Asymmetric Cryptography,Technique,USES,T1573.002
Lazarus Group,ThreatActor,Windows Host Firewall,Technique,USES,T1686.003
Rocke,ThreatActor,Private Keys,Technique,USES,T1552.004
Kimsuky,ThreatActor,Non-Standard Encoding,Technique,USES,T1132.002
Aquatic Panda,ThreatActor,Clear Windows Event Logs,Technique,USES,T1685.005
APT1,ThreatActor,pwdump,Malware,USES,
Winter Vivern,ThreatActor,Malicious Link,Technique,USES,T1204.001
menuPass,ThreatActor,Windows Command Shell,Technique,USES,T1059.003
Threat Group-3390,ThreatActor,pwdump,Malware,USES,
Rocke,ThreatActor,File Deletion,Technique,USES,T1070.004
Confucius,ThreatActor,Registry Run Keys / Startup Folder,Technique,USES,T1547.001
APT38,ThreatActor,Cron,Technique,USES,T1053.003
GOLD SOUTHFIELD,ThreatActor,PowerShell,Technique,USES,T1059.001
Earth Lusca,ThreatActor,System Network Connections Discovery,Technique,USES,T1049
Aquatic Panda,ThreatActor,Domain Accounts,Technique,USES,T1078.002
Wizard Spider,ThreatActor,Remote System Discovery,Technique,USES,T1018
VOID MANTICORE,ThreatActor,Malware,Technique,USES,T1587.001
TA551,ThreatActor,Mshta,Technique,USES,T1218.005
FIN7,ThreatActor,Kerberoasting,Technique,USES,T1558.003
APT3,ThreatActor,Non-Application Layer Protocol,Technique,USES,T1095
Kimsuky,ThreatActor,Search Engines,Technique,USES,T1593.002
Poseidon Group,ThreatActor,Match Legitimate Resource Name or Location,Technique,USES,T1036.005
FIN13,ThreatActor,Modify Authentication Process,Technique,USES,T1556
HEXANE,ThreatActor,Mimikatz,Malware,USES,
APT29,ThreatActor,QUIETEXIT,Malware,USES,
Tropic Trooper,ThreatActor,System Network Connections Discovery,Technique,USES,T1049
Threat Group-3390,ThreatActor,Windows Remote Management,Technique,USES,T1021.006
Fox Kitten,ThreatActor,Accessibility Features,Technique,USES,T1546.008
Sandworm Team,ThreatActor,Deobfuscate/Decode Files or Information,Technique,USES,T1140
APT29,ThreatActor,Local Accounts,Technique,USES,T1078.003
APT29,ThreatActor,HAMMERTOSS,Malware,USES,
MuddyWater,ThreatActor,Exfiltration Over C2 Channel,Technique,USES,T1041
APT38,ThreatActor,Spearphishing Attachment,Technique,USES,T1566.001
APT32,ThreatActor,Regsvr32,Technique,USES,T1218.010
Dragonfly,ThreatActor,Mimikatz,Malware,USES,
Gamaredon Group,ThreatActor,Process Discovery,Technique,USES,T1057
Medusa Group,ThreatActor,Security Software Discovery,Technique,USES,T1518.001
menuPass,ThreatActor,Data from Local System,Technique,USES,T1005
FIN5,ThreatActor,RawPOS,Malware,USES,
APT32,ThreatActor,Exploitation for Privilege Escalation,Technique,USES,T1068
Turla,ThreatActor,Epic,Malware,USES,
OilRig,ThreatActor,System Network Configuration Discovery,Technique,USES,T1016
APT33,ThreatActor,Symmetric Cryptography,Technique,USES,T1573.001
INC Ransom,ThreatActor,Ingress Tool Transfer,Technique,USES,T1105
APT5,ThreatActor,Clear Command History,Technique,USES,T1070.003
Dragonfly,ThreatActor,PsExec,Malware,USES,
APT1,ThreatActor,Network Share Discovery,Technique,USES,T1135
Scattered Spider,ThreatActor,Clear Mailbox Data,Technique,USES,T1070.008
Mustard Tempest,ThreatActor,System Information Discovery,Technique,USES,T1082
FIN8,ThreatActor,Windows Command Shell,Technique,USES,T1059.003
Winter Vivern,ThreatActor,File and Directory Discovery,Technique,USES,T1083
Orangeworm,ThreatActor,SMB/Windows Admin Shares,Technique,USES,T1021.002
Turla,ThreatActor,Internet Connection Discovery,Technique,USES,T1016.001
Volt Typhoon,ThreatActor,Gather Victim Identity Information,Technique,USES,T1589
FIN6,ThreatActor,LSASS Memory,Technique,USES,T1003.001
APT41,ThreatActor,Process Injection,Technique,USES,T1055
APT29,ThreatActor,BoomBox,Malware,USES,
APT33,ThreatActor,Visual Basic,Technique,USES,T1059.005
Aquatic Panda,ThreatActor,Archive via Utility,Technique,USES,T1560.001
Turla,ThreatActor,Web Service,Technique,USES,T1102
Earth Lusca,ThreatActor,Vulnerability Scanning,Technique,USES,T1595.002
TA2541,ThreatActor,Web Services,Technique,USES,T1583.006
menuPass,ThreatActor,PowerShell,Technique,USES,T1059.001
APT42,ThreatActor,Steal Web Session Cookie,Technique,USES,T1539
Earth Lusca,ThreatActor,NBTscan,Malware,USES,
Axiom,ThreatActor,Exploit Public-Facing Application,Technique,USES,T1190
Kimsuky,ThreatActor,Double File Extension,Technique,USES,T1036.007
APT32,ThreatActor,Social Media Accounts,Technique,USES,T1585.001
Mustang Panda,ThreatActor,Malicious File,Technique,USES,T1204.002
GALLIUM,ThreatActor,Ingress Tool Transfer,Technique,USES,T1105
Elderwood,ThreatActor,Exploitation for Client Execution,Technique,USES,T1203
Earth Lusca,ThreatActor,System Network Configuration Discovery,Technique,USES,T1016
Dragonfly,ThreatActor,System Owner/User Discovery,Technique,USES,T1033
POLONIUM,ThreatActor,Valid Accounts,Technique,USES,T1078
APT33,ThreatActor,Standard Encoding,Technique,USES,T1132.001
Stealth Falcon,ThreatActor,Exfiltration Over C2 Channel,Technique,USES,T1041
Dragonfly,ThreatActor,Local Data Staging,Technique,USES,T1074.001
Gamaredon Group,ThreatActor,Command Obfuscation,Technique,USES,T1027.010
APT37,ThreatActor,Final1stspy,Malware,USES,
Magic Hound,ThreatActor,PsExec,Malware,USES,
Wizard Spider,ThreatActor,Data from Local System,Technique,USES,T1005
OilRig,ThreatActor,PsExec,Malware,USES,
Salt Typhoon,ThreatActor,Tool,Technique,USES,T1588.002
Volt Typhoon,ThreatActor,netstat,Malware,USES,
Gamaredon Group,ThreatActor,PowerPunch,Malware,USES,
Darkhotel,ThreatActor,Exploitation for Client Execution,Technique,USES,T1203
BlackByte,ThreatActor,Data Encrypted for Impact,Technique,USES,T1486
APT32,ThreatActor,Office Application Startup,Technique,USES,T1137
APT41,ThreatActor,dsquery,Malware,USES,
Daggerfly,ThreatActor,Drive-by Compromise,Technique,USES,T1189
Water Galura,ThreatActor,Financial Theft,Technique,USES,T1657
APT32,ThreatActor,Exploitation for Client Execution,Technique,USES,T1203
Sowbug,ThreatActor,System Information Discovery,Technique,USES,T1082
Windigo,ThreatActor,File and Directory Discovery,Technique,USES,T1083
Volt Typhoon,ThreatActor,Nltest,Malware,USES,
FIN7,ThreatActor,TEXTMATE,Malware,USES,
Wizard Spider,ThreatActor,System Information Discovery,Technique,USES,T1082
FIN5,ThreatActor,Valid Accounts,Technique,USES,T1078
APT32,ThreatActor,Denis,Malware,USES,
Turla,ThreatActor,System Information Discovery,Technique,USES,T1082
Contagious Interview,ThreatActor,Social Media Accounts,Technique,USES,T1585.001
APT38,ThreatActor,Msiexec,Technique,USES,T1218.007
Indrik Spider,ThreatActor,Service Stop,Technique,USES,T1489
Ember Bear,ThreatActor,LSASS Memory,Technique,USES,T1003.001
MirrorFace,ThreatActor,Local Email Collection,Technique,USES,T1114.001
Lazarus Group,ThreatActor,ThreatNeedle,Malware,USES,
Winter Vivern,ThreatActor,Local Email Collection,Technique,USES,T1114.001
Poseidon Group,ThreatActor,PowerShell,Technique,USES,T1059.001
Volt Typhoon,ThreatActor,Tool,Technique,USES,T1588.002
OilRig,ThreatActor,SEASHARPEE,Malware,USES,
Carbanak,ThreatActor,netsh,Malware,USES,
LAPSUS$,ThreatActor,Trusted Relationship,Technique,USES,T1199
Stealth Falcon,ThreatActor,PowerShell,Technique,USES,T1059.001
Sea Turtle,ThreatActor,Web Shell,Technique,USES,T1505.003
APT39,ThreatActor,Internal Proxy,Technique,USES,T1090.001
Cinnamon Tempest,ThreatActor,HUI Loader,Malware,USES,
OilRig,ThreatActor,Exploitation for Client Execution,Technique,USES,T1203
Silence,ThreatActor,Match Legitimate Resource Name or Location,Technique,USES,T1036.005
Medusa Group,ThreatActor,System Network Configuration Discovery,Technique,USES,T1016
Dark Caracal,ThreatActor,Bandook,Malware,USES,
OilRig,ThreatActor,Query Registry,Technique,USES,T1012
Leviathan,ThreatActor,Compression,Technique,USES,T1027.015
menuPass,ThreatActor,Exploitation of Remote Services,Technique,USES,T1210
VOID MANTICORE,ThreatActor,Email Accounts,Technique,USES,T1585.002
Storm-0501,ThreatActor,Additional Cloud Roles,Technique,USES,T1098.003
APT18,ThreatActor,File and Directory Discovery,Technique,USES,T1083
DarkHydrus,ThreatActor,Spearphishing Attachment,Technique,USES,T1566.001
TA577,ThreatActor,Spearphishing Link,Technique,USES,T1566.002
Volt Typhoon,ThreatActor,Scan Databases,Technique,USES,T1596.005
MirrorFace,ThreatActor,Encrypted/Encoded File,Technique,USES,T1027.013
Patchwork,ThreatActor,Spearphishing Link,Technique,USES,T1566.002
Tropic Trooper,ThreatActor,Steganography,Technique,USES,T1027.003
Stealth Falcon,ThreatActor,Scheduled Task,Technique,USES,T1053.005
Leviathan,ThreatActor,Archive Collected Data,Technique,USES,T1560
MirrorFace,ThreatActor,Wevtutil,Malware,USES,
Ember Bear,ThreatActor,Windows Management Instrumentation,Technique,USES,T1047
admin@338,ThreatActor,ipconfig,Malware,USES,
DarkHydrus,ThreatActor,Template Injection,Technique,USES,T1221
Metador,ThreatActor,Ingress Tool Transfer,Technique,USES,T1105
TA505,ThreatActor,PowerSploit,Malware,USES,
TA2541,ThreatActor,NETWIRE,Malware,USES,
Malteiro,ThreatActor,Deobfuscate/Decode Files or Information,Technique,USES,T1140
The White Company,ThreatActor,Spearphishing Attachment,Technique,USES,T1566.001
BlackByte,ThreatActor,Security Software Discovery,Technique,USES,T1518.001
TA505,ThreatActor,Spearphishing Link,Technique,USES,T1566.002
Chimera,ThreatActor,Windows Management Instrumentation,Technique,USES,T1047
Turla,ThreatActor,Virtual Private Server,Technique,USES,T1584.003
Lazarus Group,ThreatActor,Windows Service,Technique,USES,T1543.003
Volt Typhoon,ThreatActor,certutil,Malware,USES,
APT18,ThreatActor,Windows Command Shell,Technique,USES,T1059.003
Storm-0501,ThreatActor,Domain Account,Technique,USES,T1087.002
Fox Kitten,ThreatActor,Social Media Accounts,Technique,USES,T1585.001
Lazarus Group,ThreatActor,Volgmer,Malware,USES,
Cobalt Group,ThreatActor,PsExec,Malware,USES,
APT18,ThreatActor,Registry Run Keys / Startup Folder,Technique,USES,T1547.001
LazyScripter,ThreatActor,Spearphishing Link,Technique,USES,T1566.002
Lotus Blossom,ThreatActor,certutil,Malware,USES,
admin@338,ThreatActor,Exploitation for Client Execution,Technique,USES,T1203
VOID MANTICORE,ThreatActor,Web Protocols,Technique,USES,T1071.001
FIN8,ThreatActor,Asymmetric Cryptography,Technique,USES,T1573.002
Sandworm Team,ThreatActor,Impacket,Malware,USES,
Axiom,ThreatActor,Derusbi,Malware,USES,
Tropic Trooper,ThreatActor,YAHOYAH,Malware,USES,
Threat Group-3390,ThreatActor,DLL,Technique,USES,T1574.001
UNC3886,ThreatActor,SSH,Technique,USES,T1021.004
HAFNIUM,ThreatActor,Application Access Token,Technique,USES,T1550.001
BackdoorDiplomacy,ThreatActor,DLL,Technique,USES,T1574.001
SilverTerrier,ThreatActor,DarkComet,Malware,USES,
Akira,ThreatActor,Remote Access Tools,Technique,USES,T1219
Turla,ThreatActor,NBTscan,Malware,USES,
Fox Kitten,ThreatActor,Match Legitimate Resource Name or Location,Technique,USES,T1036.005
TA551,ThreatActor,Windows Command Shell,Technique,USES,T1059.003
Volt Typhoon,ThreatActor,Domain Account,Technique,USES,T1087.002
Akira,ThreatActor,LaZagne,Malware,USES,
Volt Typhoon,ThreatActor,Reg,Malware,USES,
Magic Hound,ThreatActor,Social Media Accounts,Technique,USES,T1585.001
Indrik Spider,ThreatActor,Query Registry,Technique,USES,T1012
BlackByte,ThreatActor,Remote Access Tools,Technique,USES,T1219
APT28,ThreatActor,Exploitation for Stealth,Technique,USES,T1211
Scarlet Mimic,ThreatActor,FakeM,Malware,USES,
Molerats,ThreatActor,Malicious File,Technique,USES,T1204.002
APT3,ThreatActor,Permission Groups Discovery,Technique,USES,T1069
VOID MANTICORE,ThreatActor,Trusted Relationship,Technique,USES,T1199
Akira,ThreatActor,Rclone,Malware,USES,
Kimsuky,ThreatActor,Process Hollowing,Technique,USES,T1055.012
HAFNIUM,ThreatActor,Clear Windows Event Logs,Technique,USES,T1685.005
RedCurl,ThreatActor,Python,Technique,USES,T1059.006
Storm-0501,ThreatActor,Rundll32,Technique,USES,T1218.011
Cinnamon Tempest,ThreatActor,Rclone,Malware,USES,
menuPass,ThreatActor,Ping,Malware,USES,
SilverTerrier,ThreatActor,Financial Theft,Technique,USES,T1657
APT42,ThreatActor,Upload Malware,Technique,USES,T1608.001
Earth Lusca,ThreatActor,Malware,Technique,USES,T1588.001
Magic Hound,ThreatActor,Hidden Window,Technique,USES,T1564.003
Storm-0501,ThreatActor,Digital Certificates,Technique,USES,T1587.003
APT37,ThreatActor,Cobalt Strike,Malware,USES,
LazyScripter,ThreatActor,KOCTOPUS,Malware,USES,
APT29,ThreatActor,Accessibility Features,Technique,USES,T1546.008
APT37,ThreatActor,Audio Capture,Technique,USES,T1123
Mustang Panda,ThreatActor,Protocol Tunneling,Technique,USES,T1572
Mustang Panda,ThreatActor,BOOKWORM,Malware,USES,
BITTER,ThreatActor,Scheduled Task,Technique,USES,T1053.005
Kimsuky,ThreatActor,Code Signing Certificates,Technique,USES,T1588.003
APT19,ThreatActor,Tool,Technique,USES,T1588.002
APT33,ThreatActor,Non-Standard Port,Technique,USES,T1571
Volt Typhoon,ThreatActor,FRP,Malware,USES,
Lazarus Group,ThreatActor,SMB/Windows Admin Shares,Technique,USES,T1021.002
Winnti Group,ThreatActor,Domains,Technique,USES,T1583.001
admin@338,ThreatActor,System Service Discovery,Technique,USES,T1007
APT29,ThreatActor,Cloud API,Technique,USES,T1059.009
APT37,ThreatActor,NavRAT,Malware,USES,
APT5,ThreatActor,PULSECHECK,Malware,USES,
Ember Bear,ThreatActor,Impacket,Malware,USES,
APT28,ThreatActor,LSASS Memory,Technique,USES,T1003.001
Ember Bear,ThreatActor,Remote Services,Technique,USES,T1021
BlackByte,ThreatActor,Windows Management Instrumentation,Technique,USES,T1047
APT32,ThreatActor,Net,Malware,USES,
APT28,ThreatActor,reGeorg,Malware,USES,
Cobalt Group,ThreatActor,Remote Access Tools,Technique,USES,T1219
admin@338,ThreatActor,Malicious File,Technique,USES,T1204.002
FIN13,ThreatActor,Windows Management Instrumentation,Technique,USES,T1047
TeamTNT,ThreatActor,Web Protocols,Technique,USES,T1071.001
FIN13,ThreatActor,SSH,Technique,USES,T1021.004
APT3,ThreatActor,Remote System Discovery,Technique,USES,T1018
Threat Group-3390,ThreatActor,NBTscan,Malware,USES,
APT29,ThreatActor,Email Accounts,Technique,USES,T1586.002
PLATINUM,ThreatActor,Spearphishing Attachment,Technique,USES,T1566.001
Mustard Tempest,ThreatActor,Server,Technique,USES,T1583.004
APT41,ThreatActor,Remote Desktop Protocol,Technique,USES,T1021.001
Sandworm Team,ThreatActor,Invoke-PSImage,Malware,USES,
APT37,ThreatActor,Visual Basic,Technique,USES,T1059.005
APT-C-36,ThreatActor,Cloud Accounts,Technique,USES,T1586.003
BITTER,ThreatActor,Non-Application Layer Protocol,Technique,USES,T1095
APT41,ThreatActor,Exploit Public-Facing Application,Technique,USES,T1190
Patchwork,ThreatActor,System Information Discovery,Technique,USES,T1082
Rocke,ThreatActor,Web Protocols,Technique,USES,T1071.001
FIN7,ThreatActor,Compromise Software Supply Chain,Technique,USES,T1195.002
Play,ThreatActor,Exploit Public-Facing Application,Technique,USES,T1190
LAPSUS$,ThreatActor,Purchase Technical Data,Technique,USES,T1597.002
Threat Group-3390,ThreatActor,File Deletion,Technique,USES,T1070.004
TA578,ThreatActor,JavaScript,Technique,USES,T1059.007
Lazarus Group,ThreatActor,Cryptoistic,Malware,USES,
TeamTNT,ThreatActor,Credentials In Files,Technique,USES,T1552.001
ToddyCat,ThreatActor,Match Legitimate Resource Name or Location,Technique,USES,T1036.005
Gamaredon Group,ThreatActor,Malicious File,Technique,USES,T1204.002
Contagious Interview,ThreatActor,Registry Run Keys / Startup Folder,Technique,USES,T1547.001
Kimsuky,ThreatActor,Email Forwarding Rule,Technique,USES,T1114.003
Silent Librarian,ThreatActor,Valid Accounts,Technique,USES,T1078
Sandworm Team,ThreatActor,Data Destruction,Technique,USES,T1485
Volt Typhoon,ThreatActor,cmd,Malware,USES,
Star Blizzard,ThreatActor,Social Media Accounts,Technique,USES,T1585.001
HEXANE,ThreatActor,Application Window Discovery,Technique,USES,T1010
Mustang Panda,ThreatActor,Masquerade File Type,Technique,USES,T1036.008
Chimera,ThreatActor,Remote Desktop Protocol,Technique,USES,T1021.001
SilverTerrier,ThreatActor,Lokibot,Malware,USES,
PROMETHIUM,ThreatActor,Drive-by Compromise,Technique,USES,T1189
MuddyWater,ThreatActor,PowerShell,Technique,USES,T1059.001
Winnti Group,ThreatActor,Process Discovery,Technique,USES,T1057
OilRig,ThreatActor,Command and Scripting Interpreter,Technique,USES,T1059
Scattered Spider,ThreatActor,Cloud Services,Technique,USES,T1021.007
Group5,ThreatActor,NanoCore,Malware,USES,
HAFNIUM,ThreatActor,Exploit Public-Facing Application,Technique,USES,T1190
Wizard Spider,ThreatActor,Windows Credential Manager,Technique,USES,T1555.004
MuddyWater,ThreatActor,Bidirectional Communication,Technique,USES,T1102.002
Cinnamon Tempest,ThreatActor,Windows Service,Technique,USES,T1543.003
Medusa Group,ThreatActor,Disable or Modify Tools,Technique,USES,T1685
Mustang Panda,ThreatActor,Double File Extension,Technique,USES,T1036.007
Volt Typhoon,ThreatActor,System Location Discovery,Technique,USES,T1614
Chimera,ThreatActor,Multi-Factor Authentication Interception,Technique,USES,T1111
FIN4,ThreatActor,Remote Email Collection,Technique,USES,T1114.002
VOID MANTICORE,ThreatActor,Credential Stuffing,Technique,USES,T1110.004
Darkhotel,ThreatActor,Malicious File,Technique,USES,T1204.002
Ferocious Kitten,ThreatActor,Domains,Technique,USES,T1583.001
APT33,ThreatActor,Cloud Accounts,Technique,USES,T1078.004
Sandworm Team,ThreatActor,Visual Basic,Technique,USES,T1059.005
OilRig,ThreatActor,Mimikatz,Malware,USES,
APT33,ThreatActor,Exploitation for Client Execution,Technique,USES,T1203
Contagious Interview,ThreatActor,Email Accounts,Technique,USES,T1585.002
APT18,ThreatActor,HTTPBrowser,Malware,USES,
Volt Typhoon,ThreatActor,Clear Network Connection History and Configurations,Technique,USES,T1070.007
HEXANE,ThreatActor,Kevin,Malware,USES,
APT42,ThreatActor,Tool,Technique,USES,T1588.002
Sea Turtle,ThreatActor,Valid Accounts,Technique,USES,T1078
Star Blizzard,ThreatActor,Valid Accounts,Technique,USES,T1078
SideCopy,ThreatActor,Match Legitimate Resource Name or Location,Technique,USES,T1036.005
Fox Kitten,ThreatActor,SystemBC,Malware,USES,
Magic Hound,ThreatActor,Data from Local System,Technique,USES,T1005
Rancor,ThreatActor,Windows Command Shell,Technique,USES,T1059.003
TeamTNT,ThreatActor,Clear Linux or Mac System Logs,Technique,USES,T1685.006
APT38,ThreatActor,DarkComet,Malware,USES,
Indrik Spider,ThreatActor,Kerberoasting,Technique,USES,T1558.003
Scattered Spider,ThreatActor,Protocol Tunneling,Technique,USES,T1572
FIN6,ThreatActor,Ryuk,Malware,USES,
CURIUM,ThreatActor,Domains,Technique,USES,T1583.001
MuddyWater,ThreatActor,Rundll32,Technique,USES,T1218.011
APT39,ThreatActor,Valid Accounts,Technique,USES,T1078
APT42,ThreatActor,Multi-Factor Authentication Interception,Technique,USES,T1111
APT28,ThreatActor,Symmetric Cryptography,Technique,USES,T1573.001
Evilnum,ThreatActor,JavaScript,Technique,USES,T1059.007
APT1,ThreatActor,Windows Command Shell,Technique,USES,T1059.003
Windshift,ThreatActor,System Information Discovery,Technique,USES,T1082
LuminousMoth,ThreatActor,Digital Certificates,Technique,USES,T1588.004
LAPSUS$,ThreatActor,Create Cloud Instance,Technique,USES,T1578.002
Salt Typhoon,ThreatActor,JumbledPath,Malware,USES,
GALLIUM,ThreatActor,Remote System Discovery,Technique,USES,T1018
VOID MANTICORE,ThreatActor,Social Media Accounts,Technique,USES,T1585.001
APT32,ThreatActor,Malicious File,Technique,USES,T1204.002
Sandworm Team,ThreatActor,Ingress Tool Transfer,Technique,USES,T1105
Dark Caracal,ThreatActor,Data from Local System,Technique,USES,T1005
Ke3chang,ThreatActor,System Network Connections Discovery,Technique,USES,T1049
WIRTE,ThreatActor,Command Obfuscation,Technique,USES,T1027.010
Sidewinder,ThreatActor,Koadic,Malware,USES,
Kimsuky,ThreatActor,File Transfer Protocols,Technique,USES,T1071.002
Mustang Panda,ThreatActor,Web Service,Technique,USES,T1102
TA505,ThreatActor,Disable or Modify Tools,Technique,USES,T1685
OilRig,ThreatActor,System Checks,Technique,USES,T1497.001
Wizard Spider,ThreatActor,Network Share Discovery,Technique,USES,T1135
Leviathan,ThreatActor,China Chopper,Malware,USES,
Mustang Panda,ThreatActor,Traffic Signaling,Technique,USES,T1205
LuminousMoth,ThreatActor,Code Signing,Technique,USES,T1553.002
APT42,ThreatActor,Boot or Logon Autostart Execution,Technique,USES,T1547
OilRig,ThreatActor,PowerExchange,Malware,USES,
FIN13,ThreatActor,Local Data Staging,Technique,USES,T1074.001
Sea Turtle,ThreatActor,Web Protocols,Technique,USES,T1071.001
Kimsuky,ThreatActor,LSASS Memory,Technique,USES,T1003.001
Gamaredon Group,ThreatActor,Dynamic Resolution,Technique,USES,T1568
admin@338,ThreatActor,System Information Discovery,Technique,USES,T1082
Gamaredon Group,ThreatActor,Proxy,Technique,USES,T1090
BRONZE BUTLER,ThreatActor,Pass the Ticket,Technique,USES,T1550.003
MoustachedBouncer,ThreatActor,SharpDisco,Malware,USES,
The White Company,ThreatActor,Malicious File,Technique,USES,T1204.002
APT-C-36,ThreatActor,Search Open Websites/Domains,Technique,USES,T1593
BRONZE BUTLER,ThreatActor,down_new,Malware,USES,
PLATINUM,ThreatActor,adbupd,Malware,USES,
Rancor,ThreatActor,Spearphishing Attachment,Technique,USES,T1566.001
Medusa Group,ThreatActor,Network Service Discovery,Technique,USES,T1046
SideCopy,ThreatActor,Mshta,Technique,USES,T1218.005
Volt Typhoon,ThreatActor,Net,Malware,USES,
Turla,ThreatActor,TinyTurla,Malware,USES,
VOID MANTICORE,ThreatActor,Data Destruction,Technique,USES,T1485
Storm-0501,ThreatActor,Vulnerabilities,Technique,USES,T1588.006
BRONZE BUTLER,ThreatActor,Symmetric Cryptography,Technique,USES,T1573.001
LAPSUS$,ThreatActor,Cloud Accounts,Technique,USES,T1078.004
APT28,ThreatActor,Local Data Staging,Technique,USES,T1074.001
Kimsuky,ThreatActor,Mimikatz,Malware,USES,
Dark Caracal,ThreatActor,Screen Capture,Technique,USES,T1113
Threat Group-3390,ThreatActor,Pandora,Malware,USES,
Leviathan,ThreatActor,Tor,Malware,USES,
TA551,ThreatActor,Ursnif,Malware,USES,
Confucius,ThreatActor,Scheduled Task,Technique,USES,T1053.005
Play,ThreatActor,Mimikatz,Malware,USES,
Fox Kitten,ThreatActor,PowerShell,Technique,USES,T1059.001
HEXANE,ThreatActor,Identify Roles,Technique,USES,T1591.004
FIN7,ThreatActor,BOOSTWRITE,Malware,USES,
IndigoZebra,ThreatActor,Malicious File,Technique,USES,T1204.002
Lazarus Group,ThreatActor,Responder,Malware,USES,
APT33,ThreatActor,Malicious File,Technique,USES,T1204.002
APT29,ThreatActor,Sliver,Malware,USES,
Cinnamon Tempest,ThreatActor,PowerShell,Technique,USES,T1059.001
APT3,ThreatActor,Keylogging,Technique,USES,T1056.001
FIN6,ThreatActor,Mimikatz,Malware,USES,
APT3,ThreatActor,Masquerade Account Name,Technique,USES,T1036.010
BackdoorDiplomacy,ThreatActor,Malware,Technique,USES,T1588.001
VOID MANTICORE,ThreatActor,Valid Accounts,Technique,USES,T1078
Whitefly,ThreatActor,Mimikatz,Malware,USES,
FIN8,ThreatActor,Asynchronous Procedure Call,Technique,USES,T1055.004
BlackByte,ThreatActor,Remote System Discovery,Technique,USES,T1018
APT28,ThreatActor,Replication Through Removable Media,Technique,USES,T1091
Cobalt Group,ThreatActor,Network Service Discovery,Technique,USES,T1046
APT5,ThreatActor,File and Directory Discovery,Technique,USES,T1083
Kimsuky,ThreatActor,Traffic Signaling,Technique,USES,T1205
Rocke,ThreatActor,Disable or Modify Tools,Technique,USES,T1685
Strider,ThreatActor,Remsec,Malware,USES,
APT-C-23,ThreatActor,Micropsia,Malware,USES,
APT-C-36,ThreatActor,Spearphishing Attachment,Technique,USES,T1566.001
Lazarus Group,ThreatActor,RATANKBA,Malware,USES,
MuddyWater,ThreatActor,Credentials In Files,Technique,USES,T1552.001
Salt Typhoon,ThreatActor,Create Account,Technique,USES,T1136
VOID MANTICORE,ThreatActor,Brute Force,Technique,USES,T1110
DragonOK,ThreatActor,PlugX,Malware,USES,
FIN13,ThreatActor,Keylogging,Technique,USES,T1056.001
Magic Hound,ThreatActor,Windows Management Instrumentation,Technique,USES,T1047
MirrorFace,ThreatActor,System Owner/User Discovery,Technique,USES,T1033
FIN8,ThreatActor,Remote System Discovery,Technique,USES,T1018
Kimsuky,ThreatActor,Visual Basic,Technique,USES,T1059.005
GALLIUM,ThreatActor,Pass the Hash,Technique,USES,T1550.002
GALLIUM,ThreatActor,Windows Credential Editor,Malware,USES,
VOID MANTICORE,ThreatActor,Masquerade Task or Service,Technique,USES,T1036.004
Mustang Panda,ThreatActor,China Chopper,Malware,USES,
Storm-0501,ThreatActor,Net,Malware,USES,
Medusa Group,ThreatActor,System Owner/User Discovery,Technique,USES,T1033
Lazarus Group,ThreatActor,Email Accounts,Technique,USES,T1585.002
APT29,ThreatActor,CosmicDuke,Malware,USES,
TA578,ThreatActor,IcedID,Malware,USES,
APT42,ThreatActor,Modify Registry,Technique,USES,T1112
Moonstone Sleet,ThreatActor,Browser Information Discovery,Technique,USES,T1217
Mustard Tempest,ThreatActor,Ingress Tool Transfer,Technique,USES,T1105
APT5,ThreatActor,netstat,Malware,USES,
Sandworm Team,ThreatActor,System Owner/User Discovery,Technique,USES,T1033
Turla,ThreatActor,Match Legitimate Resource Name or Location,Technique,USES,T1036.005
APT3,ThreatActor,Software Packing,Technique,USES,T1027.002
INC Ransom,ThreatActor,Archive via Utility,Technique,USES,T1560.001
Tropic Trooper,ThreatActor,KeyBoy,Malware,USES,
Sea Turtle,ThreatActor,Trusted Relationship,Technique,USES,T1199
Threat Group-3390,ThreatActor,Disable or Modify Windows Event Log,Technique,USES,T1685.001
Andariel,ThreatActor,Ingress Tool Transfer,Technique,USES,T1105
Storm-1811,ThreatActor,System Owner/User Discovery,Technique,USES,T1033
Medusa Group,ThreatActor,System Information Discovery,Technique,USES,T1082
ToddyCat,ThreatActor,Local Storage Discovery,Technique,USES,T1680
APT38,ThreatActor,Service Execution,Technique,USES,T1569.002
ZIRCONIUM,ThreatActor,System Network Configuration Discovery,Technique,USES,T1016
Stealth Falcon,ThreatActor,System Information Discovery,Technique,USES,T1082
Ajax Security Team,ThreatActor,Ingress Tool Transfer,Technique,USES,T1105
Moonstone Sleet,ThreatActor,Spearphishing via Service,Technique,USES,T1566.003
Mustang Panda,ThreatActor,Match Legitimate Resource Name or Location,Technique,USES,T1036.005
Silence,ThreatActor,Malicious File,Technique,USES,T1204.002
Ember Bear,ThreatActor,LSA Secrets,Technique,USES,T1003.004
Saint Bear,ThreatActor,Modify Registry,Technique,USES,T1112
Ember Bear,ThreatActor,Security Account Manager,Technique,USES,T1003.002
CURIUM,ThreatActor,Exfiltration Over C2 Channel,Technique,USES,T1041
Fox Kitten,ThreatActor,File and Directory Discovery,Technique,USES,T1083
Axiom,ThreatActor,Hydraq,Malware,USES,
Chimera,ThreatActor,Browser Information Discovery,Technique,USES,T1217
Play,ThreatActor,LSASS Memory,Technique,USES,T1003.001
Blue Mockingbird,ThreatActor,Tool,Technique,USES,T1588.002
Patchwork,ThreatActor,PowerSploit,Malware,USES,
Storm-0501,ThreatActor,Conditional Access Policies,Technique,USES,T1556.009
Naikon,ThreatActor,PsExec,Malware,USES,
FIN6,ThreatActor,Credentials from Web Browsers,Technique,USES,T1555.003
APT3,ThreatActor,Local Account,Technique,USES,T1136.001
Play,ThreatActor,Financial Theft,Technique,USES,T1657
TA505,ThreatActor,Dynamic Data Exchange,Technique,USES,T1559.002
Elderwood,ThreatActor,Ingress Tool Transfer,Technique,USES,T1105
APT39,ThreatActor,Input Capture,Technique,USES,T1056
Patchwork,ThreatActor,BADNEWS,Malware,USES,
TA505,ThreatActor,Dynamic-link Library Injection,Technique,USES,T1055.001
APT5,ThreatActor,Exploit Public-Facing Application,Technique,USES,T1190
APT41,ThreatActor,Lateral Tool Transfer,Technique,USES,T1570
menuPass,ThreatActor,SSH,Technique,USES,T1021.004
OilRig,ThreatActor,OilCheck,Malware,USES,
Medusa Group,ThreatActor,Remote Desktop Protocol,Technique,USES,T1021.001
VOID MANTICORE,ThreatActor,Python,Technique,USES,T1059.006
APT41,ThreatActor,Obfuscated Files or Information,Technique,USES,T1027
Threat Group-1314,ThreatActor,PsExec,Malware,USES,
Magic Hound,ThreatActor,Web Services,Technique,USES,T1583.006
APT38,ThreatActor,Mutual Exclusion,Technique,USES,T1480.002
Scattered Spider,ThreatActor,ConnectWise,Malware,USES,
Velvet Ant,ThreatActor,Impacket,Malware,USES,
Silence,ThreatActor,Windows Command Shell,Technique,USES,T1059.003
Sidewinder,ThreatActor,Malicious File,Technique,USES,T1204.002
Leafminer,ThreatActor,Remote Email Collection,Technique,USES,T1114.002
APT28,ThreatActor,Artificial Intelligence,Technique,USES,T1588.007
Star Blizzard,ThreatActor,Email Accounts,Technique,USES,T1586.002
APT41,ThreatActor,Multi-Stage Channels,Technique,USES,T1104
Earth Lusca,ThreatActor,ShadowPad,Malware,USES,
Dragonfly,ThreatActor,PowerShell,Technique,USES,T1059.001
APT3,ThreatActor,RemoteCMD,Malware,USES,
Winnti Group,ThreatActor,Code Signing,Technique,USES,T1553.002
APT-C-36,ThreatActor,HeartCrypt,Malware,USES,
Storm-1811,ThreatActor,Exfiltration Over Asymmetric Encrypted Non-C2 Protocol,Technique,USES,T1048.002
APT41,ThreatActor,Data Transfer Size Limits,Technique,USES,T1030
Turla,ThreatActor,Penquin,Malware,USES,
Dragonfly,ThreatActor,Exploitation of Remote Services,Technique,USES,T1210
LuminousMoth,ThreatActor,Cobalt Strike,Malware,USES,
TA2541,ThreatActor,Agent Tesla,Malware,USES,
Mustang Panda,ThreatActor,Malware,Technique,USES,T1587.001
Gamaredon Group,ThreatActor,Registry Run Keys / Startup Folder,Technique,USES,T1547.001
Naikon,ThreatActor,Tasklist,Malware,USES,
Threat Group-3390,ThreatActor,Upload Tool,Technique,USES,T1608.002
TA551,ThreatActor,Masquerading,Technique,USES,T1036
TeamTNT,ThreatActor,Malware,Technique,USES,T1587.001
menuPass,ThreatActor,Automated Collection,Technique,USES,T1119
Turla,ThreatActor,Process Injection,Technique,USES,T1055
Indrik Spider,ThreatActor,Malicious File,Technique,USES,T1204.002
ZIRCONIUM,ThreatActor,Bidirectional Communication,Technique,USES,T1102.002
Winter Vivern,ThreatActor,PowerShell,Technique,USES,T1059.001
Machete,ThreatActor,Machete,Malware,USES,
menuPass,ThreatActor,Domains,Technique,USES,T1583.001
APT19,ThreatActor,DLL,Technique,USES,T1574.001
Dragonfly,ThreatActor,Python,Technique,USES,T1059.006
Patchwork,ThreatActor,Unknown Logger,Malware,USES,
The White Company,ThreatActor,System Time Discovery,Technique,USES,T1124
FIN8,ThreatActor,Data Encrypted for Impact,Technique,USES,T1486
Moonstone Sleet,ThreatActor,Data Encrypted for Impact,Technique,USES,T1486
Ke3chang,ThreatActor,Keylogging,Technique,USES,T1056.001
APT41,ThreatActor,Windows Management Instrumentation,Technique,USES,T1047
Lazarus Group,ThreatActor,System Network Connections Discovery,Technique,USES,T1049
Star Blizzard,ThreatActor,JavaScript,Technique,USES,T1059.007
PLATINUM,ThreatActor,Masquerading,Technique,USES,T1036
Wizard Spider,ThreatActor,Service Execution,Technique,USES,T1569.002
Wizard Spider,ThreatActor,Registry Run Keys / Startup Folder,Technique,USES,T1547.001
Ke3chang,ThreatActor,LSA Secrets,Technique,USES,T1003.004
APT29,ThreatActor,Malicious File,Technique,USES,T1204.002
APT41,ThreatActor,Winnti for Linux,Malware,USES,
Confucius,ThreatActor,Malicious File,Technique,USES,T1204.002
Sandworm Team,ThreatActor,Email Addresses,Technique,USES,T1589.002
Turla,ThreatActor,Local Accounts,Technique,USES,T1078.003
APT12,ThreatActor,HTRAN,Malware,USES,
MuddyWater,ThreatActor,Exploit Public-Facing Application,Technique,USES,T1190
Deep Panda,ThreatActor,SMB/Windows Admin Shares,Technique,USES,T1021.002
Indrik Spider,ThreatActor,SSH,Technique,USES,T1021.004
FIN7,ThreatActor,Screen Capture,Technique,USES,T1113
APT41,ThreatActor,Keylogging,Technique,USES,T1056.001
RedCurl,ThreatActor,LSASS Memory,Technique,USES,T1003.001
Moonstone Sleet,ThreatActor,Social Media Accounts,Technique,USES,T1585.001
APT32,ThreatActor,Registry Run Keys / Startup Folder,Technique,USES,T1547.001
APT38,ThreatActor,Process Discovery,Technique,USES,T1057
HAFNIUM,ThreatActor,Non-Application Layer Protocol,Technique,USES,T1095
Gamaredon Group,ThreatActor,Execution Guardrails,Technique,USES,T1480
TA2541,ThreatActor,njRAT,Malware,USES,
BRONZE BUTLER,ThreatActor,Daserf,Malware,USES,
Kimsuky,ThreatActor,Additional Local or Domain Groups,Technique,USES,T1098.007
Dragonfly,ThreatActor,Remote System Discovery,Technique,USES,T1018
MuddyWater,ThreatActor,Exploitation of Remote Services,Technique,USES,T1210
APT37,ThreatActor,Scheduled Task,Technique,USES,T1053.005
Scattered Spider,ThreatActor,Create Cloud Instance,Technique,USES,T1578.002
APT1,ThreatActor,Tool,Technique,USES,T1588.002
APT42,ThreatActor,Spearphishing Link,Technique,USES,T1566.002
BRONZE BUTLER,ThreatActor,Steganography,Technique,USES,T1027.003
Aquatic Panda,ThreatActor,PowerShell,Technique,USES,T1059.001
APT41,ThreatActor,DUSTTRAP,Malware,USES,
Medusa Group,ThreatActor,Software Deployment Tools,Technique,USES,T1072
APT39,ThreatActor,Spearphishing Link,Technique,USES,T1566.002
FIN13,ThreatActor,Match Legitimate Resource Name or Location,Technique,USES,T1036.005
Mustang Panda,ThreatActor,LNK Icon Smuggling,Technique,USES,T1027.012
Aquatic Panda,ThreatActor,Winnti for Linux,Malware,USES,
APT29,ThreatActor,SUNBURST,Malware,USES,
MuddyWater,ThreatActor,Exploitation for Client Execution,Technique,USES,T1203
Sea Turtle,ThreatActor,Adversary-in-the-Middle,Technique,USES,T1557
FIN8,ThreatActor,Domain Trust Discovery,Technique,USES,T1482
Moonstone Sleet,ThreatActor,Develop Capabilities,Technique,USES,T1587
APT39,ThreatActor,Spearphishing Attachment,Technique,USES,T1566.001
Lazarus Group,ThreatActor,Archive via Custom Method,Technique,USES,T1560.003
HEXANE,ThreatActor,PoshC2,Malware,USES,
Gorgon Group,ThreatActor,Visual Basic,Technique,USES,T1059.005
Gamaredon Group,ThreatActor,Bidirectional Communication,Technique,USES,T1102.002
HEXANE,ThreatActor,DNS Server,Technique,USES,T1583.002
Salt Typhoon,ThreatActor,Exploit Public-Facing Application,Technique,USES,T1190
Moonstone Sleet,ThreatActor,System Information Discovery,Technique,USES,T1082
APT3,ThreatActor,Ingress Tool Transfer,Technique,USES,T1105
Storm-1811,ThreatActor,Windows Permissions,Technique,USES,T1222.001
CopyKittens,ThreatActor,Code Signing,Technique,USES,T1553.002
Sandworm Team,ThreatActor,Web Protocols,Technique,USES,T1071.001
APT-C-36,ThreatActor,Process Hollowing,Technique,USES,T1055.012
HEXANE,ThreatActor,Internal Spearphishing,Technique,USES,T1534
FIN13,ThreatActor,System Network Connections Discovery,Technique,USES,T1049
APT33,ThreatActor,Malicious Link,Technique,USES,T1204.001
Sandworm Team,ThreatActor,Domain Account,Technique,USES,T1087.002
BlackTech,ThreatActor,Malicious File,Technique,USES,T1204.002
BRONZE BUTLER,ThreatActor,Net,Malware,USES,
VOID MANTICORE,ThreatActor,Archive via Utility,Technique,USES,T1560.001
Malteiro,ThreatActor,System Language Discovery,Technique,USES,T1614.001
Chimera,ThreatActor,Cobalt Strike,Malware,USES,
Elderwood,ThreatActor,Pasam,Malware,USES,
Leviathan,ThreatActor,Protocol Tunneling,Technique,USES,T1572
APT29,ThreatActor,WellMess,Malware,USES,
APT33,ThreatActor,Exploitation for Privilege Escalation,Technique,USES,T1068
Confucius,ThreatActor,PowerShell,Technique,USES,T1059.001
Gamaredon Group,ThreatActor,Windows Command Shell,Technique,USES,T1059.003
Akira,ThreatActor,Archive via Utility,Technique,USES,T1560.001
Cinnamon Tempest,ThreatActor,Windows Command Shell,Technique,USES,T1059.003
APT28,ThreatActor,Fysbis,Malware,USES,
Volt Typhoon,ThreatActor,Internet Connection Discovery,Technique,USES,T1016.001
Gamaredon Group,ThreatActor,Mshta,Technique,USES,T1218.005
Ferocious Kitten,ThreatActor,BITSAdmin,Malware,USES,
FIN7,ThreatActor,Exfiltration to Cloud Storage,Technique,USES,T1567.002
Windshift,ThreatActor,Malicious File,Technique,USES,T1204.002
Gamaredon Group,ThreatActor,Office Application Startup,Technique,USES,T1137
Tropic Trooper,ThreatActor,Software Discovery,Technique,USES,T1518
Patchwork,ThreatActor,Dynamic Data Exchange,Technique,USES,T1559.002
BRONZE BUTLER,ThreatActor,ShadowPad,Malware,USES,
GOLD SOUTHFIELD,ThreatActor,Phishing,Technique,USES,T1566
Sandworm Team,ThreatActor,Olympic Destroyer,Malware,USES,
Indrik Spider,ThreatActor,Server,Technique,USES,T1584.004
APT32,ThreatActor,Goopy,Malware,USES,
Ke3chang,ThreatActor,Cloud Accounts,Technique,USES,T1078.004
Sandworm Team,ThreatActor,System Information Discovery,Technique,USES,T1082
Rocke,ThreatActor,Non-Standard Port,Technique,USES,T1571
BackdoorDiplomacy,ThreatActor,Masquerade Task or Service,Technique,USES,T1036.004
Leviathan,ThreatActor,Malicious Link,Technique,USES,T1204.001
APT29,ThreatActor,Disable or Modify Cloud Log,Technique,USES,T1685.002
APT19,ThreatActor,Regsvr32,Technique,USES,T1218.010
Kimsuky,ThreatActor,Python,Technique,USES,T1059.006
APT19,ThreatActor,Deobfuscate/Decode Files or Information,Technique,USES,T1140
GALLIUM,ThreatActor,Rename Legitimate Utilities,Technique,USES,T1036.003
FIN7,ThreatActor,SystemBC,Malware,USES,
Ke3chang,ThreatActor,System Information Discovery,Technique,USES,T1082
Kimsuky,ThreatActor,Web Shell,Technique,USES,T1505.003
FIN6,ThreatActor,Remote Data Staging,Technique,USES,T1074.002
Ke3chang,ThreatActor,ipconfig,Malware,USES,
APT41,ThreatActor,Clear Command History,Technique,USES,T1070.003
Threat Group-3390,ThreatActor,Modify Registry,Technique,USES,T1112
Sandworm Team,ThreatActor,Data from Local System,Technique,USES,T1005
Leafminer,ThreatActor,File and Directory Discovery,Technique,USES,T1083
Elderwood,ThreatActor,Software Packing,Technique,USES,T1027.002
Medusa Group,ThreatActor,Bypass User Account Control,Technique,USES,T1548.002
TA505,ThreatActor,Web Protocols,Technique,USES,T1071.001
VOID MANTICORE,ThreatActor,Exfiltration Over C2 Channel,Technique,USES,T1041
Storm-0501,ThreatActor,OS Credential Dumping,Technique,USES,T1003
HAFNIUM,ThreatActor,Standard Encoding,Technique,USES,T1132.001
FIN8,ThreatActor,Modify Registry,Technique,USES,T1112
Scattered Spider,ThreatActor,Credentials In Files,Technique,USES,T1552.001
Scattered Spider,ThreatActor,Email Collection,Technique,USES,T1114
Cobalt Group,ThreatActor,Logon Script (Windows),Technique,USES,T1037.001
Magic Hound,ThreatActor,Disable or Modify Tools,Technique,USES,T1685
Scattered Spider,ThreatActor,Malware,Technique,USES,T1588.001
Turla,ThreatActor,Password Policy Discovery,Technique,USES,T1201
Wizard Spider,ThreatActor,Windows Remote Management,Technique,USES,T1021.006
Chimera,ThreatActor,Ingress Tool Transfer,Technique,USES,T1105
FIN8,ThreatActor,Token Impersonation/Theft,Technique,USES,T1134.001
menuPass,ThreatActor,PsExec,Malware,USES,
UNC3886,ThreatActor,Fallback Channels,Technique,USES,T1008
FIN13,ThreatActor,File and Directory Discovery,Technique,USES,T1083
Windigo,ThreatActor,Drive-by Compromise,Technique,USES,T1189
Winnti Group,ThreatActor,PlugX,Malware,USES,
Carbanak,ThreatActor,Tool,Technique,USES,T1588.002
APT1,ThreatActor,System Service Discovery,Technique,USES,T1007
Indrik Spider,ThreatActor,Cobalt Strike,Malware,USES,
Wizard Spider,ThreatActor,Dynamic-link Library Injection,Technique,USES,T1055.001
Threat Group-3390,ThreatActor,Exploitation of Remote Services,Technique,USES,T1210
Sandworm Team,ThreatActor,Supply Chain Compromise,Technique,USES,T1195
Lazarus Group,ThreatActor,Bankshot,Malware,USES,
Volt Typhoon,ThreatActor,Private Keys,Technique,USES,T1552.004
BRONZE BUTLER,ThreatActor,Domain Account,Technique,USES,T1087.002
INC Ransom,ThreatActor,INC Ransomware,Malware,USES,
OilRig,ThreatActor,RGDoor,Malware,USES,
Higaisa,ThreatActor,Deobfuscate/Decode Files or Information,Technique,USES,T1140
Ember Bear,ThreatActor,Default Accounts,Technique,USES,T1078.001
Kimsuky,ThreatActor,Local Storage Discovery,Technique,USES,T1680
Turla,ThreatActor,File and Directory Discovery,Technique,USES,T1083
Rocke,ThreatActor,SSH,Technique,USES,T1021.004
Leviathan,ThreatActor,External Remote Services,Technique,USES,T1133
Dragonfly,ThreatActor,Domain Account,Technique,USES,T1087.002
Gamaredon Group,ThreatActor,Web Service,Technique,USES,T1102
APT39,ThreatActor,SMB/Windows Admin Shares,Technique,USES,T1021.002
RedCurl,ThreatActor,Network Service Discovery,Technique,USES,T1046
Threat Group-3390,ThreatActor,Remote Data Staging,Technique,USES,T1074.002
Storm-0501,ThreatActor,Brute Force,Technique,USES,T1110
Dragonfly,ThreatActor,Trojan.Karagany,Malware,USES,
Moonstone Sleet,ThreatActor,Encrypted/Encoded File,Technique,USES,T1027.013
APT29,ThreatActor,VaporRage,Malware,USES,
APT39,ThreatActor,Exploit Public-Facing Application,Technique,USES,T1190
Sandworm Team,ThreatActor,Search Open Websites/Domains,Technique,USES,T1593
MoustachedBouncer,ThreatActor,Content Injection,Technique,USES,T1659
OilRig,ThreatActor,Exploitation for Privilege Escalation,Technique,USES,T1068
Axiom,ThreatActor,OS Credential Dumping,Technique,USES,T1003
Molerats,ThreatActor,PoisonIvy,Malware,USES,
Gallmaker,ThreatActor,Spearphishing Attachment,Technique,USES,T1566.001
Tonto Team,ThreatActor,Ingress Tool Transfer,Technique,USES,T1105
menuPass,ThreatActor,HUI Loader,Malware,USES,
APT41,ThreatActor,Derusbi,Malware,USES,
Wizard Spider,ThreatActor,BITS Jobs,Technique,USES,T1197
APT28,ThreatActor,LoJax,Malware,USES,
APT42,ThreatActor,Credentials from Web Browsers,Technique,USES,T1555.003
Play,ThreatActor,Disable or Modify Tools,Technique,USES,T1685
Threat Group-3390,ThreatActor,Windows Credential Editor,Malware,USES,
admin@338,ThreatActor,Windows Command Shell,Technique,USES,T1059.003
OilRig,ThreatActor,Indicator Removal from Tools,Technique,USES,T1027.005
APT28,ThreatActor,Brute Force,Technique,USES,T1110
Kimsuky,ThreatActor,BabyShark,Malware,USES,
Storm-0501,ThreatActor,Additional Cloud Credentials,Technique,USES,T1098.001
Leviathan,ThreatActor,OS Credential Dumping,Technique,USES,T1003
Volt Typhoon,ThreatActor,Local Data Staging,Technique,USES,T1074.001
Moonstone Sleet,ThreatActor,Embedded Payloads,Technique,USES,T1027.009
Kimsuky,ThreatActor,Remote Email Collection,Technique,USES,T1114.002
Wizard Spider,ThreatActor,PsExec,Malware,USES,
APT1,ThreatActor,Remote Desktop Protocol,Technique,USES,T1021.001
Sidewinder,ThreatActor,System Owner/User Discovery,Technique,USES,T1033
BRONZE BUTLER,ThreatActor,File and Directory Discovery,Technique,USES,T1083
LAPSUS$,ThreatActor,Multi-Factor Authentication Interception,Technique,USES,T1111
FIN13,ThreatActor,Data from Local System,Technique,USES,T1005
Dragonfly,ThreatActor,netsh,Malware,USES,
Contagious Interview,ThreatActor,Audio-Visual Content,Technique,USES,T1683.002
BRONZE BUTLER,ThreatActor,Windows Credential Editor,Malware,USES,
Mustang Panda,ThreatActor,PlugX,Malware,USES,
MuddyWater,ThreatActor,Cached Domain Credentials,Technique,USES,T1003.005
APT41,ThreatActor,ftp,Malware,USES,
CURIUM,ThreatActor,Server,Technique,USES,T1583.004
VOID MANTICORE,ThreatActor,Remote Desktop Protocol,Technique,USES,T1021.001
Nomadic Octopus,ThreatActor,PowerShell,Technique,USES,T1059.001
APT33,ThreatActor,ftp,Malware,USES,
APT30,ThreatActor,SPACESHIP,Malware,USES,
APT37,ThreatActor,Disk Structure Wipe,Technique,USES,T1561.002
Tonto Team,ThreatActor,gsecdump,Malware,USES,
FIN13,ThreatActor,Permission Groups Discovery,Technique,USES,T1069
APT37,ThreatActor,DOGCALL,Malware,USES,
APT41,ThreatActor,Masquerade Task or Service,Technique,USES,T1036.004
Wizard Spider,ThreatActor,Cobalt Strike,Malware,USES,
APT3,ThreatActor,System Owner/User Discovery,Technique,USES,T1033
MuddyWater,ThreatActor,Koadic,Malware,USES,
FIN8,ThreatActor,Internet Connection Discovery,Technique,USES,T1016.001
APT28,ThreatActor,Impersonation,Technique,USES,T1684.001
APT29,ThreatActor,LiteDuke,Malware,USES,
DarkHydrus,ThreatActor,Tool,Technique,USES,T1588.002
OilRig,ThreatActor,ftp,Malware,USES,
APT39,ThreatActor,Visual Basic,Technique,USES,T1059.005
Kimsuky,ThreatActor,TRANSLATEXT,Malware,USES,
FIN8,ThreatActor,Windows Management Instrumentation,Technique,USES,T1047
APT19,ThreatActor,Command Obfuscation,Technique,USES,T1027.010
Star Blizzard,ThreatActor,Search Open Websites/Domains,Technique,USES,T1593
Contagious Interview,ThreatActor,HexEval Loader,Malware,USES,
Volt Typhoon,ThreatActor,Network Security Appliances,Technique,USES,T1590.006
Naikon,ThreatActor,Aria-body,Malware,USES,
APT17,ThreatActor,Establish Accounts,Technique,USES,T1585
BRONZE BUTLER,ThreatActor,gsecdump,Malware,USES,
APT-C-36,ThreatActor,PowerShell,Technique,USES,T1059.001
APT29,ThreatActor,Bypass User Account Control,Technique,USES,T1548.002
MirrorFace,ThreatActor,NOOPLDR,Malware,USES,
Tropic Trooper,ThreatActor,Replication Through Removable Media,Technique,USES,T1091
Silence,ThreatActor,Native API,Technique,USES,T1106
APT37,ThreatActor,WINERACK,Malware,USES,
APT32,ThreatActor,Web Service,Technique,USES,T1102
APT28,ThreatActor,SMB/Windows Admin Shares,Technique,USES,T1021.002
Storm-1811,ThreatActor,SMB/Windows Admin Shares,Technique,USES,T1021.002
FIN7,ThreatActor,Exploitation of Remote Services,Technique,USES,T1210
CopyKittens,ThreatActor,Matryoshka,Malware,USES,
Leviathan,ThreatActor,Email Accounts,Technique,USES,T1586.002
FIN7,ThreatActor,Malware,Technique,USES,T1587.001
INC Ransom,ThreatActor,System Network Connections Discovery,Technique,USES,T1049
Threat Group-3390,ThreatActor,System Network Connections Discovery,Technique,USES,T1049
APT39,ThreatActor,SSH,Technique,USES,T1021.004
Turla,ThreatActor,Indicator Removal from Tools,Technique,USES,T1027.005
APT-C-36,ThreatActor,DLL,Technique,USES,T1574.001
Gamaredon Group,ThreatActor,System Checks,Technique,USES,T1497.001
APT3,ThreatActor,Indicator Removal from Tools,Technique,USES,T1027.005
IndigoZebra,ThreatActor,Ingress Tool Transfer,Technique,USES,T1105
FIN8,ThreatActor,Impacket,Malware,USES,
Sandworm Team,ThreatActor,Match Legitimate Resource Name or Location,Technique,USES,T1036.005
HAFNIUM,ThreatActor,Virtual Private Server,Technique,USES,T1583.003
TA505,ThreatActor,Windows Command Shell,Technique,USES,T1059.003
Lotus Blossom,ThreatActor,Query Registry,Technique,USES,T1012
Kimsuky,ThreatActor,System Time Discovery,Technique,USES,T1124
Rocke,ThreatActor,Timestomp,Technique,USES,T1070.006
Magic Hound,ThreatActor,Drive-by Compromise,Technique,USES,T1189
FIN13,ThreatActor,Account Discovery,Technique,USES,T1087
Turla,ThreatActor,LunarLoader,Malware,USES,
Rocke,ThreatActor,Match Legitimate Resource Name or Location,Technique,USES,T1036.005
Sidewinder,ThreatActor,DLL,Technique,USES,T1574.001
APT29,ThreatActor,Software Packing,Technique,USES,T1027.002
TeamTNT,ThreatActor,Web Service,Technique,USES,T1102
BRONZE BUTLER,ThreatActor,Avenger,Malware,USES,
Earth Lusca,ThreatActor,Server,Technique,USES,T1584.004
BRONZE BUTLER,ThreatActor,Right-to-Left Override,Technique,USES,T1036.002
Storm-0501,ThreatActor,AADInternals,Malware,USES,
Ember Bear,ThreatActor,Network Service Discovery,Technique,USES,T1046
BlackTech,ThreatActor,Digital Certificates,Technique,USES,T1588.004
LazyScripter,ThreatActor,Web Services,Technique,USES,T1583.006
BlackByte,ThreatActor,Mimikatz,Malware,USES,
APT41,ThreatActor,DLL,Technique,USES,T1574.001
Rocke,ThreatActor,Security Software Discovery,Technique,USES,T1518.001
menuPass,ThreatActor,DLL,Technique,USES,T1574.001
Earth Lusca,ThreatActor,Malicious Link,Technique,USES,T1204.001
ToddyCat,ThreatActor,Archive via Utility,Technique,USES,T1560.001
